Symbol,Company Name,Industry,Series,ISIN Code,priority,priority_category,primary_index,indices,categories
360ONE,360 ONE WAM Ltd.,Financial Services,EQ,INE466L01038,3,thematic,Nifty Capital Markets,Nifty 200|Nifty 500|Nifty Capital Markets|Nifty Financial Services Ex-Bank|Nifty LargeMidcap 250|Nifty MidSmallcap 400|Nifty Midcap 100|Nifty Midcap 150|Nifty Total Market,thematic|sectoral|broad
3MINDIA,3M India Ltd.,Diversified,EQ,INE470A01017,3,thematic,Nifty MNC,Nifty 500|Nifty LargeMidcap 250|Nifty MNC|Nifty MidSmallcap 400|Nifty Midcap 150|Nifty Total Market,thematic|broad
ABB,ABB India Ltd.,Capital Goods,EQ,INE117A01022,3,thematic,Nifty Energy,Nifty 100|Nifty 200|Nifty 500|Nifty Energy|Nifty India Manufacturing|Nifty LargeMidcap 250|Nifty MNC|Nifty Next 50|Nifty Total Market,thematic|broad
ABBOTINDIA,Abbott India Ltd.,Healthcare,EQ,INE358A01014,3,thematic,Nifty MNC,Nifty 500|Nifty Healthcare|Nifty LargeMidcap 250|Nifty MNC|Nifty MidSmallcap 400|Nifty Midcap 150|Nifty Pharma|Nifty Total Market,thematic|sectoral|broad
ABSLAMC,Aditya Birla Sun Life AMC Ltd.,Financial Services,EQ,INE404A01024,3,thematic,Nifty Capital Markets,Nifty 500|Nifty Capital Markets|Nifty MidSmallcap 400|Nifty Smallcap 250|Nifty Total Market,thematic|broad
ACC,ACC Ltd.,CEMENT & CEMENT PRODUCTS,EQ,INE012A01025,3,thematic,Nifty Housing,Nifty 500|Nifty Housing|Nifty LargeMidcap 250|Nifty MidSmallcap 400|Nifty Midcap 150|Nifty Rural|Nifty Total Market,thematic|broad
ADANIENSOL,Adani Energy Solutions Ltd.,Power,EQ,INE931S01010,3,thematic,Nifty Commodities,Nifty 100|Nifty 200|Nifty 500|Nifty Commodities|Nifty Energy|Nifty LargeMidcap 250|Nifty Next 50|Nifty Total Market,thematic|broad
ADANIGREEN,Adani Green Energy Ltd.,Power,EQ,INE364U01010,3,thematic,Nifty Commodities,Nifty 100|Nifty 200|Nifty 500|Nifty Commodities|Nifty Energy|Nifty Housing|Nifty Infrastructure|Nifty LargeMidcap 250|Nifty Next 50|Nifty Rural|Nifty Total Market,thematic|broad
ADANIPORTS,Adani Ports and Special Economic Zone Ltd.,Services,EQ,INE742F01042,3,thematic,Nifty Infrastructure,Nifty 100|Nifty 200|Nifty 50|Nifty 500|Nifty Infrastructure|Nifty LargeMidcap 250|Nifty Mobility|Nifty Services Sector|Nifty Total Market|Nifty Transportation & Logistics,thematic|broad
ADANIPOWER,Adani Power Ltd.,Power,EQ,INE814H01029,3,thematic,Nifty Commodities,Nifty 100|Nifty 200|Nifty 500|Nifty Commodities|Nifty Energy|Nifty India Consumption|Nifty LargeMidcap 250|Nifty Next 50|Nifty Rural|Nifty Total Market,thematic|broad
AEGISLOG,Aegis Logistics Ltd.,Oil Gas & Consumable Fuels,EQ,INE208C01025,3,thematic,Nifty Energy,Nifty 500|Nifty Energy|Nifty MidSmallcap 400|Nifty Oil & Gas|Nifty Smallcap 100|Nifty Smallcap 250|Nifty Smallcap 50|Nifty Total Market,thematic|sectoral|broad
AEQUS,Aequs Ltd.,Capital Goods,EQ,INE947N01017,3,thematic,Nifty India Defence,Nifty India Defence|Nifty Microcap 250|Nifty Total Market,thematic|broad
AFFLE,Affle 3i Ltd.,Information Technology,EQ,INE00WC01027,3,thematic,Nifty India Digital,Nifty 500|Nifty India Digital|Nifty MidSmallcap 400|Nifty Smallcap 100|Nifty Smallcap 250|Nifty Smallcap 50|Nifty Total Market,thematic|broad
AIAENG,AIA Engineering Ltd.,Capital Goods,EQ,INE212H01026,3,thematic,Nifty India Manufacturing,Nifty 500|Nifty India Manufacturing|Nifty LargeMidcap 250|Nifty MidSmallcap 400|Nifty Midcap 150|Nifty Total Market,thematic|broad
ALKEM,Alkem Laboratories Ltd.,Healthcare,EQ,INE540L01014,3,thematic,Nifty India Manufacturing,Nifty 200|Nifty 500|Nifty Healthcare|Nifty India Manufacturing|Nifty LargeMidcap 250|Nifty MidSmallcap 400|Nifty Midcap 100|Nifty Midcap 150|Nifty Midcap 50|Nifty Pharma|Nifty Total Market,thematic|sectoral|broad
AMBUJACEM,Ambuja Cements Ltd.,Construction Materials,EQ,INE079A01024,3,thematic,Nifty Commodities,Nifty 100|Nifty 200|Nifty 500|Nifty Commodities|Nifty Housing|Nifty Infrastructure|Nifty LargeMidcap 250|Nifty MNC|Nifty Next 50|Nifty Rural|Nifty Total Market,thematic|broad
ANANDRATHI,Anand Rathi Wealth Ltd.,Financial Services,EQ,INE463V01026,3,thematic,Nifty Capital Markets,Nifty 500|Nifty Capital Markets|Nifty MidSmallcap 400|Nifty Smallcap 100|Nifty Smallcap 250|Nifty Smallcap 50|Nifty Total Market,thematic|broad
ANANTAM,Anantam Highways Trust,Construction,IV,INE1UA823019,3,thematic,Nifty REITs & InvITs,Nifty REITs & InvITs,thematic
ANGELONE,Angel One Ltd.,Financial Services,EQ,INE732I01021,3,thematic,Nifty Capital Markets,Nifty 500|Nifty Capital Markets|Nifty Financial Services Ex-Bank|Nifty MidSmallcap 400|Nifty Smallcap 100|Nifty Smallcap 250|Nifty Smallcap 50|Nifty Total Market,thematic|sectoral|broad
ANTHEM,Anthem Biosciences Ltd.,Healthcare,EQ,INE0CZ201020,3,thematic,Nifty India Manufacturing,Nifty 500|Nifty India Manufacturing|Nifty LargeMidcap 250|Nifty MidSmallcap 400|Nifty Midcap 150|Nifty Total Market,thematic|broad
APLAPOLLO,APL Apollo Tubes Ltd.,Capital Goods,EQ,INE702C01027,3,thematic,Nifty Commodities,Nifty 200|Nifty 500|Nifty Commodities|Nifty India Manufacturing|Nifty LargeMidcap 250|Nifty Metal|Nifty MidSmallcap 400|Nifty Midcap 100|Nifty Midcap 150|Nifty Midcap 50|Nifty Total Market,thematic|sectoral|broad
APOLLO,Apollo Micro Systems Ltd.,Capital Goods,EQ,INE713T01028,3,thematic,Nifty India Defence,Nifty India Defence|Nifty Microcap 250|Nifty Total Market,thematic|broad
APOLLOHOSP,Apollo Hospitals Enterprise Ltd.,Healthcare,EQ,INE437A01024,3,thematic,Nifty India Consumption,Nifty 100|Nifty 200|Nifty 50|Nifty 500|Nifty Healthcare|Nifty India Consumption|Nifty Infrastructure|Nifty LargeMidcap 250|Nifty Services Sector|Nifty Total Market,thematic|sectoral|broad
APOLLOTYRE,Apollo Tyres Ltd.,Automobile and Auto Components,EQ,INE438A01022,3,thematic,Nifty Transportation & Logistics,Nifty 500|Nifty LargeMidcap 250|Nifty MidSmallcap 400|Nifty Midcap 150|Nifty Total Market|Nifty Transportation & Logistics,thematic|broad
ASHOKLEY,Ashok Leyland Ltd.,Capital Goods,EQ,INE208A01029,3,thematic,Nifty India Manufacturing,Nifty 200|Nifty 500|Nifty Auto|Nifty India Manufacturing|Nifty Infrastructure|Nifty LargeMidcap 250|Nifty MNC|Nifty MidSmallcap 400|Nifty Midcap 100|Nifty Midcap 150|Nifty Midcap 50|Nifty Mobility|Nifty Rural|Nifty Total Market|Nifty Transportation & Logistics,thematic|sectoral|broad
ASIANPAINT,Asian Paints Ltd.,Consumer Durables,EQ,INE021A01026,3,thematic,Nifty Housing,Nifty 100|Nifty 200|Nifty 50|Nifty 500|Nifty Housing|Nifty India Consumption|Nifty LargeMidcap 250|Nifty Non-Cyclical Consumer|Nifty Rural|Nifty Total Market,thematic|broad
ASTRAL,Astral Ltd.,Capital Goods,EQ,INE006I01046,3,thematic,Nifty India Manufacturing,Nifty 200|Nifty 500|Nifty India Manufacturing|Nifty LargeMidcap 250|Nifty MidSmallcap 400|Nifty Midcap 100|Nifty Midcap 150|Nifty Rural|Nifty Total Market,thematic|broad
ASTRAMICRO,Astra Microwave Products Ltd.,Capital Goods,EQ,INE386C01029,3,thematic,Nifty India Defence,Nifty India Defence|Nifty Microcap 250|Nifty Total Market,thematic|broad
ATGL,Adani Total Gas Ltd.,Oil Gas & Consumable Fuels,EQ,INE399L01023,3,thematic,Nifty Energy,Nifty 200|Nifty 500|Nifty Energy|Nifty Housing|Nifty LargeMidcap 250|Nifty MidSmallcap 400|Nifty Midcap 100|Nifty Midcap 150|Nifty Oil & Gas|Nifty Total Market,thematic|sectoral|broad
AUROPHARMA,Aurobindo Pharma Ltd.,Healthcare,EQ,INE406A01037,3,thematic,Nifty India Manufacturing,Nifty 200|Nifty 500|Nifty Healthcare|Nifty India Manufacturing|Nifty LargeMidcap 250|Nifty MidSmallcap 400|Nifty Midcap 100|Nifty Midcap 150|Nifty Midcap 50|Nifty Pharma|Nifty Total Market,thematic|sectoral|broad
AWL,AWL Agri Business Ltd.,Fast Moving Consumer Goods,EQ,INE699H01024,3,thematic,Nifty MNC,Nifty 500|Nifty LargeMidcap 250|Nifty MNC|Nifty MidSmallcap 400|Nifty Midcap 150|Nifty Total Market,thematic|broad
AXISBANK,Axis Bank Ltd.,FINANCIAL SERVICES,EQ,INE238A01034,3,thematic,Nifty Housing,Nifty 100|Nifty 200|Nifty 50|Nifty 500|Nifty Bank|Nifty Financial Services|Nifty Housing|Nifty LargeMidcap 250|Nifty Private Bank|Nifty Services Sector|Nifty Total Market,thematic|sectoral|broad
AXISCADES,AXISCADES Technologies Ltd.,Capital Goods,EQ,INE555B01013,3,thematic,Nifty India Defence,Nifty India Defence|Nifty Microcap 250|Nifty Total Market,thematic|broad
BAJAJ-AUTO,Bajaj Auto Ltd.,Automobile and Auto Components,EQ,INE917I01010,3,thematic,Nifty India Consumption,Nifty 100|Nifty 200|Nifty 50|Nifty 500|Nifty Auto|Nifty India Consumption|Nifty India Manufacturing|Nifty LargeMidcap 250|Nifty Mobility|Nifty Rural|Nifty Total Market|Nifty Transportation & Logistics,thematic|sectoral|broad
BAJAJFINSV,Bajaj Finserv Ltd.,Financial Services,EQ,INE918I01026,3,thematic,Nifty Services Sector,Nifty 100|Nifty 200|Nifty 50|Nifty 500|Nifty Financial Services|Nifty Financial Services Ex-Bank|Nifty LargeMidcap 250|Nifty Services Sector|Nifty Total Market,thematic|sectoral|broad
BAJFINANCE,Bajaj Finance Ltd.,Financial Services,EQ,INE296A01032,3,thematic,Nifty Rural,Nifty 100|Nifty 200|Nifty 50|Nifty 500|Nifty Financial Services|Nifty Financial Services Ex-Bank|Nifty LargeMidcap 250|Nifty Rural|Nifty Services Sector|Nifty Total Market,thematic|sectoral|broad
BALKRISIND,Balkrishna Industries Ltd.,Automobile and Auto Components,EQ,INE787D01026,3,thematic,Nifty India Manufacturing,Nifty 500|Nifty India Manufacturing|Nifty LargeMidcap 250|Nifty MidSmallcap 400|Nifty Midcap 150|Nifty Mobility|Nifty Total Market|Nifty Transportation & Logistics,thematic|broad
BANDHANBNK,Bandhan Bank Ltd.,FINANCIAL SERVICES,EQ,INE545U01014,3,thematic,Nifty Housing,Nifty 500|Nifty Housing|Nifty MidSmallcap 400|Nifty Private Bank|Nifty Rural|Nifty Smallcap 100|Nifty Smallcap 250|Nifty Smallcap 50|Nifty Total Market,thematic|sectoral|broad
BANKBARODA,Bank of Baroda,FINANCIAL SERVICES,EQ,INE028A01039,3,thematic,Nifty Housing,Nifty 100|Nifty 200|Nifty 500|Nifty Bank|Nifty Housing|Nifty LargeMidcap 250|Nifty Next 50|Nifty PSU Bank|Nifty Rural|Nifty Total Market,thematic|sectoral|broad
BANKINDIA,Bank of India,Financial Services,EQ,INE084A01016,3,thematic,Nifty Rural,Nifty 200|Nifty 500|Nifty LargeMidcap 250|Nifty MidSmallcap 400|Nifty Midcap 100|Nifty Midcap 150|Nifty PSU Bank|Nifty Rural|Nifty Total Market,thematic|sectoral|broad
BDL,Bharat Dynamics Ltd.,Capital Goods,EQ,INE171Z01026,3,thematic,Nifty India Defence,Nifty 200|Nifty 500|Nifty India Defence|Nifty LargeMidcap 250|Nifty MidSmallcap 400|Nifty Midcap 100|Nifty Midcap 150|Nifty Total Market,thematic|broad
BEL,Bharat Electronics Ltd.,Capital Goods,EQ,INE263A01024,3,thematic,Nifty CPSE,Nifty 100|Nifty 200|Nifty 50|Nifty 500|Nifty CPSE|Nifty India Defence|Nifty India Manufacturing|Nifty LargeMidcap 250|Nifty PSE|Nifty Total Market,thematic|broad
BEML,BEML Ltd.,Capital Goods,EQ,INE258A01024,3,thematic,Nifty India Defence,Nifty 500|Nifty India Defence|Nifty MidSmallcap 400|Nifty Smallcap 100|Nifty Smallcap 250|Nifty Total Market,thematic|broad
BERGEPAINT,Berger Paints India Ltd.,CONSUMER GOODS,EQ,INE463A01038,3,thematic,Nifty Housing,Nifty 500|Nifty Housing|Nifty LargeMidcap 250|Nifty MidSmallcap 400|Nifty Midcap 150|Nifty Rural|Nifty Total Market,thematic|broad
BHARATFORG,Bharat Forge Ltd.,Automobile and Auto Components,EQ,INE465A01025,3,thematic,Nifty India Defence,Nifty 200|Nifty 500|Nifty Auto|Nifty India Defence|Nifty India Manufacturing|Nifty Infrastructure|Nifty LargeMidcap 250|Nifty MidSmallcap 400|Nifty Midcap 100|Nifty Midcap 150|Nifty Midcap 50|Nifty Mobility|Nifty Total Market|Nifty Transportation & Logistics,thematic|sectoral|broad
BHARTIARTL,Bharti Airtel Ltd.,Telecommunication,EQ,INE397D01024,3,thematic,Nifty India Consumption,Nifty 100|Nifty 200|Nifty 50|Nifty 500|Nifty India Consumption|Nifty India Digital|Nifty Infrastructure|Nifty LargeMidcap 250|Nifty Non-Cyclical Consumer|Nifty Rural|Nifty Services Sector|Nifty Total Market,thematic|broad
BHARTIHEXA,Bharti Hexacom Ltd.,Telecommunication,EQ,INE343G01021,3,thematic,Nifty India Digital,Nifty 500|Nifty India Digital|Nifty LargeMidcap 250|Nifty MidSmallcap 400|Nifty Midcap 150|Nifty Total Market,thematic|broad
BHEL,Bharat Heavy Electricals Ltd.,Capital Goods,EQ,INE257A01026,3,thematic,Nifty Energy,Nifty 200|Nifty 500|Nifty Energy|Nifty India Manufacturing|Nifty LargeMidcap 250|Nifty MidSmallcap 400|Nifty Midcap 100|Nifty Midcap 150|Nifty Midcap 50|Nifty PSE|Nifty Total Market,thematic|broad
BIRET,Brookfield India Real Estate Trust,Realty,RR,INE0FDU25010,3,thematic,Nifty REITs & InvITs,Nifty REITs & InvITs,thematic
BLS,BLS International Services Ltd.,Consumer Services,EQ,INE153T01027,3,thematic,Nifty India Digital,Nifty 500|Nifty India Digital|Nifty India Tourism|Nifty MidSmallcap 400|Nifty Smallcap 100|Nifty Smallcap 250|Nifty Total Market,thematic|broad
BLUESTARCO,Blue Star Ltd.,Consumer Durables,EQ,INE472A01039,3,thematic,Nifty India Manufacturing,Nifty 200|Nifty 500|Nifty Consumer Durables|Nifty India Manufacturing|Nifty LargeMidcap 250|Nifty MidSmallcap 400|Nifty Midcap 100|Nifty Midcap 150|Nifty Rural|Nifty Total Market,thematic|sectoral|broad
BOSCHLTD,Bosch Ltd.,Automobile and Auto Components,EQ,INE323A01026,3,thematic,Nifty India Manufacturing,Nifty 100|Nifty 200|Nifty 500|Nifty Auto|Nifty India Manufacturing|Nifty LargeMidcap 250|Nifty MNC|Nifty Mobility|Nifty Next 50|Nifty Total Market|Nifty Transportation & Logistics,thematic|sectoral|broad
BPCL,Bharat Petroleum Corporation Ltd.,Oil Gas & Consumable Fuels,EQ,INE029A01011,3,thematic,Nifty Commodities,Nifty 100|Nifty 200|Nifty 500|Nifty Commodities|Nifty Energy|Nifty India Manufacturing|Nifty Infrastructure|Nifty LargeMidcap 250|Nifty Mobility|Nifty Next 50|Nifty Oil & Gas|Nifty PSE|Nifty Total Market,thematic|sectoral|broad
BRITANNIA,Britannia Industries Ltd.,Fast Moving Consumer Goods,EQ,INE216A01030,3,thematic,Nifty India Consumption,Nifty 100|Nifty 200|Nifty 500|Nifty FMCG|Nifty India Consumption|Nifty LargeMidcap 250|Nifty MNC|Nifty Next 50|Nifty Non-Cyclical Consumer|Nifty Rural|Nifty Total Market,thematic|sectoral|broad
BSE,BSE Ltd.,Financial Services,EQ,INE118H01025,3,thematic,Nifty Capital Markets,Nifty 200|Nifty 500|Nifty Capital Markets|Nifty Financial Services|Nifty Financial Services Ex-Bank|Nifty LargeMidcap 250|Nifty MidSmallcap 400|Nifty Midcap 100|Nifty Midcap 150|Nifty Midcap 50|Nifty Services Sector|Nifty Total Market,thematic|sectoral|broad
BSOFT,Birlasoft Ltd.,Information Technology,EQ,INE836A01035,3,thematic,Nifty India Digital,Nifty 500|Nifty India Digital|Nifty MidSmallcap 400|Nifty Smallcap 250|Nifty Total Market,thematic|broad
CAMS,Computer Age Management Services Ltd.,Financial Services,EQ,INE596I01020,3,thematic,Nifty Capital Markets,Nifty 500|Nifty Capital Markets|Nifty Financial Services Ex-Bank|Nifty MidSmallcap 400|Nifty Smallcap 100|Nifty Smallcap 250|Nifty Smallcap 50|Nifty Total Market,thematic|sectoral|broad
CAPINVIT,Capital Infra Trust,Construction,IV,INE0Z8Z23013,3,thematic,Nifty REITs & InvITs,Nifty REITs & InvITs,thematic
CARTRADE,Cartrade Tech Ltd.,Consumer Services,EQ,INE290S01011,3,thematic,Nifty India Digital,Nifty 500|Nifty India Digital|Nifty MidSmallcap 400|Nifty Smallcap 250|Nifty Total Market,thematic|broad
CASTROLIND,Castrol India Ltd.,Oil Gas & Consumable Fuels,EQ,INE172A01027,3,thematic,Nifty Energy,Nifty 500|Nifty Energy|Nifty India Manufacturing|Nifty MNC|Nifty MidSmallcap 400|Nifty Oil & Gas|Nifty Smallcap 100|Nifty Smallcap 250|Nifty Smallcap 50|Nifty Total Market,thematic|sectoral|broad
CDSL,Central Depository Services (India) Ltd.,Financial Services,EQ,INE736A01011,3,thematic,Nifty Capital Markets,Nifty 500|Nifty Capital Markets|Nifty Financial Services Ex-Bank|Nifty MidSmallcap 400|Nifty Smallcap 100|Nifty Smallcap 250|Nifty Smallcap 50|Nifty Total Market,thematic|sectoral|broad
CESC,CESC Ltd.,Power,EQ,INE486A01021,3,thematic,Nifty Energy,Nifty 500|Nifty Energy|Nifty MidSmallcap 400|Nifty Smallcap 100|Nifty Smallcap 250|Nifty Smallcap 50|Nifty Total Market,thematic|broad
CGPOWER,CG Power and Industrial Solutions Ltd.,Capital Goods,EQ,INE067A01029,3,thematic,Nifty Energy,Nifty 100|Nifty 200|Nifty 500|Nifty Energy|Nifty India Manufacturing|Nifty Infrastructure|Nifty LargeMidcap 250|Nifty Next 50|Nifty Total Market,thematic|broad
CHALET,Chalet Hotels Ltd.,Consumer Services,EQ,INE427F01016,3,thematic,Nifty India Tourism,Nifty 500|Nifty India Tourism|Nifty MidSmallcap 400|Nifty Smallcap 250|Nifty Total Market,thematic|broad
CHOLAFIN,Cholamandalam Investment and Finance Company Ltd.,Financial Services,EQ,INE121A01024,3,thematic,Nifty Rural,Nifty 100|Nifty 200|Nifty 500|Nifty Financial Services|Nifty Financial Services Ex-Bank|Nifty LargeMidcap 250|Nifty Next 50|Nifty Rural|Nifty Total Market,thematic|sectoral|broad
CIPLA,Cipla Ltd.,Healthcare,EQ,INE059A01026,3,thematic,Nifty India Manufacturing,Nifty 100|Nifty 200|Nifty 50|Nifty 500|Nifty Healthcare|Nifty India Manufacturing|Nifty LargeMidcap 250|Nifty Pharma|Nifty Total Market,thematic|sectoral|broad
CITIUSINVT,Citius TransNet Investment Trust,Services,IV,INE2Q7823014,3,thematic,Nifty REITs & InvITs,Nifty REITs & InvITs,thematic
COALINDIA,Coal India Ltd.,Oil Gas & Consumable Fuels,EQ,INE522F01014,3,thematic,Nifty CPSE,Nifty 100|Nifty 200|Nifty 50|Nifty 500|Nifty CPSE|Nifty Commodities|Nifty Energy|Nifty LargeMidcap 250|Nifty PSE|Nifty Total Market,thematic|broad
COCHINSHIP,Cochin Shipyard Ltd.,Capital Goods,EQ,INE704P01025,3,thematic,Nifty CPSE,Nifty 200|Nifty 500|Nifty CPSE|Nifty India Defence|Nifty India Manufacturing|Nifty LargeMidcap 250|Nifty MidSmallcap 400|Nifty Midcap 100|Nifty Midcap 150|Nifty Total Market,thematic|broad
COFORGE,Coforge Ltd.,Information Technology,EQ,INE591G01025,3,thematic,Nifty India Digital,Nifty 200|Nifty 500|Nifty IT|Nifty India Digital|Nifty LargeMidcap 250|Nifty MidSmallcap 400|Nifty Midcap 100|Nifty Midcap 150|Nifty Midcap 50|Nifty Total Market,thematic|sectoral|broad
COHANCE,Cohance Lifesciences Ltd.,Healthcare,EQ,INE03QK01018,3,thematic,Nifty MNC,Nifty 500|Nifty MNC|Nifty MidSmallcap 400|Nifty Smallcap 100|Nifty Smallcap 250|Nifty Smallcap 50|Nifty Total Market,thematic|broad
COLPAL,Colgate Palmolive (India) Ltd.,Fast Moving Consumer Goods,EQ,INE259A01022,3,thematic,Nifty MNC,Nifty 200|Nifty 500|Nifty FMCG|Nifty LargeMidcap 250|Nifty MNC|Nifty MidSmallcap 400|Nifty Midcap 100|Nifty Midcap 150|Nifty Midcap 50|Nifty Non-Cyclical Consumer|Nifty Rural|Nifty Total Market,thematic|sectoral|broad
CONCOR,Container Corporation of India Ltd.,Services,EQ,INE111A01025,3,thematic,Nifty Mobility,Nifty 200|Nifty 500|Nifty LargeMidcap 250|Nifty MidSmallcap 400|Nifty Midcap 100|Nifty Midcap 150|Nifty Mobility|Nifty PSE|Nifty Total Market|Nifty Transportation & Logistics,thematic|broad
COROMANDEL,Coromandel International Ltd.,Chemicals,EQ,INE169A01031,3,thematic,Nifty India Manufacturing,Nifty 200|Nifty 500|Nifty Chemicals|Nifty India Manufacturing|Nifty LargeMidcap 250|Nifty MidSmallcap 400|Nifty Midcap 100|Nifty Midcap 150|Nifty Rural|Nifty Total Market,thematic|sectoral|broad
CRISIL,CRISIL Ltd.,Financial Services,EQ,INE007A01025,3,thematic,Nifty MNC,Nifty 500|Nifty LargeMidcap 250|Nifty MNC|Nifty MidSmallcap 400|Nifty Midcap 150|Nifty Total Market,thematic|broad
CROMPTON,Crompton Greaves Consumer Electricals Ltd.,CONSUMER GOODS,EQ,INE299U01018,3,thematic,Nifty Housing,Nifty 500|Nifty Consumer Durables|Nifty Housing|Nifty India Manufacturing|Nifty MidSmallcap 400|Nifty Rural|Nifty Smallcap 100|Nifty Smallcap 250|Nifty Smallcap 50|Nifty Total Market,thematic|sectoral|broad
CUB,City Union Bank Ltd.,FINANCIAL SERVICES,EQ,INE491A01021,3,thematic,Nifty Housing,Nifty 500|Nifty Housing|Nifty MidSmallcap 400|Nifty Smallcap 100|Nifty Smallcap 250|Nifty Smallcap 50|Nifty Total Market,thematic|broad
CUMMINSIND,Cummins India Ltd.,Capital Goods,EQ,INE298A01020,3,thematic,Nifty India Manufacturing,Nifty 100|Nifty 200|Nifty 500|Nifty India Manufacturing|Nifty Infrastructure|Nifty LargeMidcap 250|Nifty MNC|Nifty Next 50|Nifty Rural|Nifty Total Market,thematic|broad
CYIENT,Cyient Ltd.,Information Technology,EQ,INE136B01020,3,thematic,Nifty India Digital,Nifty 500|Nifty India Digital|Nifty MidSmallcap 400|Nifty Smallcap 250|Nifty Total Market,thematic|broad
DABUR,Dabur India Ltd.,Fast Moving Consumer Goods,EQ,INE016A01026,3,thematic,Nifty Non-Cyclical Consumer,Nifty 200|Nifty 500|Nifty FMCG|Nifty LargeMidcap 250|Nifty MidSmallcap 400|Nifty Midcap 100|Nifty Midcap 150|Nifty Midcap 50|Nifty Non-Cyclical Consumer|Nifty Rural|Nifty Total Market,thematic|sectoral|broad
DALBHARAT,Dalmia Bharat Ltd.,CEMENT & CEMENT PRODUCTS,EQ,INE00R701025,3,thematic,Nifty Housing,Nifty 500|Nifty Housing|Nifty LargeMidcap 250|Nifty MidSmallcap 400|Nifty Midcap 150|Nifty Rural|Nifty Total Market,thematic|broad
DATAPATTNS,Data Patterns (India) Ltd.,Capital Goods,EQ,INE0IX101010,3,thematic,Nifty India Defence,Nifty 500|Nifty India Defence|Nifty MidSmallcap 400|Nifty Smallcap 100|Nifty Smallcap 250|Nifty Total Market,thematic|broad
DELHIVERY,Delhivery Ltd.,Services,EQ,INE148O01028,3,thematic,Nifty Transportation & Logistics,Nifty 500|Nifty MidSmallcap 400|Nifty Smallcap 100|Nifty Smallcap 250|Nifty Smallcap 50|Nifty Total Market|Nifty Transportation & Logistics,thematic|broad
DEVYANI,Devyani International Ltd.,Consumer Services,EQ,INE872J01023,3,thematic,Nifty India Tourism,Nifty 500|Nifty India Tourism|Nifty MidSmallcap 400|Nifty Smallcap 100|Nifty Smallcap 250|Nifty Total Market,thematic|broad
DIVISLAB,Divi's Laboratories Ltd.,Healthcare,EQ,INE361B01024,3,thematic,Nifty India Manufacturing,Nifty 100|Nifty 200|Nifty 500|Nifty Healthcare|Nifty India Manufacturing|Nifty LargeMidcap 250|Nifty Next 50|Nifty Pharma|Nifty Total Market,thematic|sectoral|broad
DIXON,Dixon Technologies (India) Ltd.,Consumer Durables,EQ,INE935N01020,3,thematic,Nifty Housing,Nifty 200|Nifty 500|Nifty Consumer Durables|Nifty Housing|Nifty India Consumption|Nifty India Manufacturing|Nifty LargeMidcap 250|Nifty MidSmallcap 400|Nifty Midcap 100|Nifty Midcap 150|Nifty Midcap 50|Nifty Non-Cyclical Consumer|Nifty Rural|Nifty Total Market,thematic|sectoral|broad
DLF,DLF Ltd.,Realty,EQ,INE271C01023,3,thematic,Nifty Housing,Nifty 100|Nifty 200|Nifty 500|Nifty Housing|Nifty India Consumption|Nifty Infrastructure|Nifty LargeMidcap 250|Nifty Next 50|Nifty Realty|Nifty Total Market,thematic|sectoral|broad
DMART,Avenue Supermarts Ltd.,Consumer Services,EQ,INE192R01011,3,thematic,Nifty India Consumption,Nifty 100|Nifty 200|Nifty 500|Nifty India Consumption|Nifty LargeMidcap 250|Nifty Next 50|Nifty Non-Cyclical Consumer|Nifty Services Sector|Nifty Total Market,thematic|broad
DRREDDY,Dr. Reddy's Laboratories Ltd.,Healthcare,EQ,INE089A01031,3,thematic,Nifty India Manufacturing,Nifty 100|Nifty 200|Nifty 50|Nifty 500|Nifty Healthcare|Nifty India Manufacturing|Nifty LargeMidcap 250|Nifty Pharma|Nifty Total Market,thematic|sectoral|broad
DYNAMATECH,Dynamatic Technologies Ltd.,Capital Goods,EQ,INE221B01012,3,thematic,Nifty India Defence,Nifty India Defence|Nifty Microcap 250|Nifty Total Market,thematic|broad
EICHERMOT,Eicher Motors Ltd.,Automobile and Auto Components,EQ,INE066A01021,3,thematic,Nifty India Consumption,Nifty 100|Nifty 200|Nifty 50|Nifty 500|Nifty Auto|Nifty India Consumption|Nifty India Manufacturing|Nifty LargeMidcap 250|Nifty Mobility|Nifty Rural|Nifty Total Market|Nifty Transportation & Logistics,thematic|sectoral|broad
EIHOTEL,EIH Ltd.,Consumer Services,EQ,INE230A01023,3,thematic,Nifty India Tourism,Nifty 500|Nifty India Tourism|Nifty MidSmallcap 400|Nifty Smallcap 250|Nifty Total Market,thematic|broad
EMBASSY,EMBASSY OFFICE PARKS REIT,Realty,RR,INE041025011,3,thematic,Nifty REITs & InvITs,Nifty REITs & InvITs,thematic
ENRIN,Siemens Energy India Ltd.,Capital Goods,EQ,INE1NPP01017,3,thematic,Nifty Energy,Nifty 100|Nifty 200|Nifty 500|Nifty Energy|Nifty India Manufacturing|Nifty LargeMidcap 250|Nifty MNC|Nifty Next 50|Nifty Total Market,thematic|broad
ESCORTS,Escorts Kubota Ltd.,Capital Goods,EQ,INE042A01014,3,thematic,Nifty India Manufacturing,Nifty 500|Nifty India Manufacturing|Nifty LargeMidcap 250|Nifty MNC|Nifty MidSmallcap 400|Nifty Midcap 150|Nifty Rural|Nifty Total Market,thematic|broad
ETERNAL,Eternal Ltd.,Consumer Services,EQ,INE758T01015,3,thematic,Nifty India Consumption,Nifty 100|Nifty 200|Nifty 50|Nifty 500|Nifty India Consumption|Nifty India Digital|Nifty LargeMidcap 250|Nifty Mobility|Nifty Non-Cyclical Consumer|Nifty Services Sector|Nifty Total Market|Nifty Transportation & Logistics,thematic|broad
EXIDEIND,Exide Industries Ltd.,Automobile and Auto Components,EQ,INE302A01020,3,thematic,Nifty Transportation & Logistics,Nifty 200|Nifty 500|Nifty Auto|Nifty LargeMidcap 250|Nifty MidSmallcap 400|Nifty Midcap 100|Nifty Midcap 150|Nifty Total Market|Nifty Transportation & Logistics,thematic|sectoral|broad
FEDERALBNK,Federal Bank Ltd.,FINANCIAL SERVICES,EQ,INE171A01029,3,thematic,Nifty Housing,Nifty 200|Nifty 500|Nifty Bank|Nifty Housing|Nifty LargeMidcap 250|Nifty MidSmallcap 400|Nifty Midcap 100|Nifty Midcap 150|Nifty Midcap 50|Nifty Private Bank|Nifty Total Market,thematic|sectoral|broad
FIRSTCRY,Brainbees Solutions Ltd.,Consumer Services,EQ,INE02RE01045,3,thematic,Nifty India Digital,Nifty 500|Nifty India Digital|Nifty MidSmallcap 400|Nifty Smallcap 100|Nifty Smallcap 250|Nifty Total Market,thematic|broad
FORTIS,Fortis Healthcare Ltd.,Healthcare,EQ,INE061F01013,3,thematic,Nifty Infrastructure,Nifty 200|Nifty 500|Nifty Healthcare|Nifty Infrastructure|Nifty LargeMidcap 250|Nifty MidSmallcap 400|Nifty Midcap 100|Nifty Midcap 150|Nifty Midcap 50|Nifty Total Market,thematic|sectoral|broad
GAIL,GAIL (India) Ltd.,Oil Gas & Consumable Fuels,EQ,INE129A01019,3,thematic,Nifty Energy,Nifty 100|Nifty 200|Nifty 500|Nifty Energy|Nifty Infrastructure|Nifty LargeMidcap 250|Nifty Mobility|Nifty Next 50|Nifty Oil & Gas|Nifty PSE|Nifty Services Sector|Nifty Total Market,thematic|sectoral|broad
GLAND,Gland Pharma Ltd.,Healthcare,EQ,INE068V01023,3,thematic,Nifty MNC,Nifty 500|Nifty MNC|Nifty MidSmallcap 400|Nifty Pharma|Nifty Smallcap 100|Nifty Smallcap 250|Nifty Smallcap 50|Nifty Total Market,thematic|sectoral|broad
GMRAIRPORT,GMR Airports Ltd.,Services,EQ,INE776C01039,3,thematic,Nifty India Tourism,Nifty 200|Nifty 500|Nifty India Tourism|Nifty LargeMidcap 250|Nifty MidSmallcap 400|Nifty Midcap 100|Nifty Midcap 150|Nifty Midcap 50|Nifty Mobility|Nifty Total Market|Nifty Transportation & Logistics,thematic|broad
GODREJCP,Godrej Consumer Products Ltd.,Fast Moving Consumer Goods,EQ,INE102D01028,3,thematic,Nifty India Consumption,Nifty 100|Nifty 200|Nifty 500|Nifty FMCG|Nifty India Consumption|Nifty LargeMidcap 250|Nifty Next 50|Nifty Non-Cyclical Consumer|Nifty Rural|Nifty Total Market,thematic|sectoral|broad
GODREJPROP,Godrej Properties Ltd.,CONSTRUCTION,EQ,INE484J01027,3,thematic,Nifty Housing,Nifty 200|Nifty 500|Nifty Housing|Nifty LargeMidcap 250|Nifty MidSmallcap 400|Nifty Midcap 100|Nifty Midcap 150|Nifty Midcap 50|Nifty Realty|Nifty Total Market,thematic|sectoral|broad
GRASIM,Grasim Industries Ltd.,Construction Materials,EQ,INE047A01021,3,thematic,Nifty Commodities,Nifty 100|Nifty 200|Nifty 50|Nifty 500|Nifty Commodities|Nifty Housing|Nifty Infrastructure|Nifty LargeMidcap 250|Nifty Rural|Nifty Total Market,thematic|broad
GROWW,Billionbrains Garage Ventures Ltd.,Financial Services,EQ,INE0HOQ01053,3,thematic,Nifty Capital Markets,Nifty 200|Nifty 500|Nifty Capital Markets|Nifty LargeMidcap 250|Nifty MidSmallcap 400|Nifty Midcap 100|Nifty Midcap 150|Nifty Total Market,thematic|broad
GRSE,Garden Reach Shipbuilders & Engineers Ltd.,Capital Goods,EQ,INE382Z01011,3,thematic,Nifty India Defence,Nifty 500|Nifty India Defence|Nifty MidSmallcap 400|Nifty Smallcap 100|Nifty Smallcap 250|Nifty Total Market,thematic|broad
GVT&D,GE Vernova T&D India Ltd.,Capital Goods,EQ,INE200A01026,3,thematic,Nifty Energy,Nifty 200|Nifty 500|Nifty Energy|Nifty India Manufacturing|Nifty LargeMidcap 250|Nifty MidSmallcap 400|Nifty Midcap 100|Nifty Midcap 150|Nifty Total Market,thematic|broad
HAL,Hindustan Aeronautics Ltd.,Capital Goods,EQ,INE066F01020,3,thematic,Nifty India Defence,Nifty 100|Nifty 200|Nifty 500|Nifty India Defence|Nifty India Manufacturing|Nifty LargeMidcap 250|Nifty Next 50|Nifty PSE|Nifty Total Market,thematic|broad
HAVELLS,Havells India Ltd.,Consumer Durables,EQ,INE176B01034,3,thematic,Nifty Housing,Nifty 200|Nifty 500|Nifty Consumer Durables|Nifty Housing|Nifty India Consumption|Nifty India Manufacturing|Nifty LargeMidcap 250|Nifty MidSmallcap 400|Nifty Midcap 100|Nifty Midcap 150|Nifty Midcap 50|Nifty Non-Cyclical Consumer|Nifty Rural|Nifty Total Market,thematic|sectoral|broad
HCLTECH,HCL Technologies Ltd.,Information Technology,EQ,INE860A01027,3,thematic,Nifty India Digital,Nifty 100|Nifty 200|Nifty 50|Nifty 500|Nifty IT|Nifty India Digital|Nifty LargeMidcap 250|Nifty Services Sector|Nifty Total Market,thematic|sectoral|broad
HDFC,Housing Development Finance Corporation Ltd.,FINANCIAL SERVICES,EQ,INE001A01036,3,thematic,Nifty Housing,Nifty Housing,thematic
HDFCAMC,HDFC Asset Management Company Ltd.,Financial Services,EQ,INE127D01025,3,thematic,Nifty Capital Markets,Nifty 100|Nifty 200|Nifty 500|Nifty Capital Markets|Nifty Financial Services Ex-Bank|Nifty LargeMidcap 250|Nifty Next 50|Nifty Total Market,thematic|sectoral|broad
HDFCBANK,HDFC Bank Ltd.,FINANCIAL SERVICES,EQ,INE040A01034,3,thematic,Nifty Housing,Nifty 100|Nifty 200|Nifty 50|Nifty 500|Nifty Bank|Nifty Financial Services|Nifty Housing|Nifty LargeMidcap 250|Nifty Private Bank|Nifty Services Sector|Nifty Total Market,thematic|sectoral|broad
HDFCLIFE,HDFC Life Insurance Company Ltd.,Financial Services,EQ,INE795G01014,3,thematic,Nifty Rural,Nifty 100|Nifty 200|Nifty 50|Nifty 500|Nifty Financial Services|Nifty Financial Services Ex-Bank|Nifty LargeMidcap 250|Nifty Rural|Nifty Services Sector|Nifty Total Market,thematic|sectoral|broad
HEROMOTOCO,Hero MotoCorp Ltd.,Automobile and Auto Components,EQ,INE158A01026,3,thematic,Nifty India Consumption,Nifty 200|Nifty 500|Nifty Auto|Nifty India Consumption|Nifty LargeMidcap 250|Nifty MidSmallcap 400|Nifty Midcap 100|Nifty Midcap 150|Nifty Midcap 50|Nifty Mobility|Nifty Rural|Nifty Total Market|Nifty Transportation & Logistics,thematic|sectoral|broad
HEXT,Hexaware Technologies Ltd.,Information Technology,EQ,INE093A01041,3,thematic,Nifty India Digital,Nifty 500|Nifty India Digital|Nifty LargeMidcap 250|Nifty MidSmallcap 400|Nifty Midcap 150|Nifty Total Market,thematic|broad
HINDALCO,Hindalco Industries Ltd.,Metals & Mining,EQ,INE038A01020,3,thematic,Nifty Commodities,Nifty 100|Nifty 200|Nifty 50|Nifty 500|Nifty Commodities|Nifty India Manufacturing|Nifty LargeMidcap 250|Nifty Metal|Nifty Total Market,thematic|sectoral|broad
HINDCOPPER,Hindustan Copper Ltd.,Metals & Mining,EQ,INE531E01026,3,thematic,Nifty India Manufacturing,Nifty 500|Nifty India Manufacturing|Nifty Metal|Nifty MidSmallcap 400|Nifty Smallcap 100|Nifty Smallcap 250|Nifty Smallcap 50|Nifty Total Market,thematic|sectoral|broad
HINDPETRO,Hindustan Petroleum Corporation Ltd.,Oil Gas & Consumable Fuels,EQ,INE094A01015,3,thematic,Nifty Commodities,Nifty 200|Nifty 500|Nifty Commodities|Nifty Energy|Nifty Infrastructure|Nifty LargeMidcap 250|Nifty MidSmallcap 400|Nifty Midcap 100|Nifty Midcap 150|Nifty Midcap 50|Nifty Mobility|Nifty Oil & Gas|Nifty PSE|Nifty Total Market,thematic|sectoral|broad
HINDUNILVR,Hindustan Unilever Ltd.,Fast Moving Consumer Goods,EQ,INE030A01027,3,thematic,Nifty India Consumption,Nifty 100|Nifty 200|Nifty 50|Nifty 500|Nifty FMCG|Nifty India Consumption|Nifty LargeMidcap 250|Nifty MNC|Nifty Non-Cyclical Consumer|Nifty Rural|Nifty Total Market,thematic|sectoral|broad
HINDZINC,Hindustan Zinc Ltd.,Metals & Mining,EQ,INE267A01025,3,thematic,Nifty India Manufacturing,Nifty 100|Nifty 200|Nifty 500|Nifty India Manufacturing|Nifty LargeMidcap 250|Nifty Metal|Nifty Next 50|Nifty Total Market,thematic|sectoral|broad
HONAUT,Honeywell Automation India Ltd.,Capital Goods,EQ,INE671A01010,3,thematic,Nifty India Manufacturing,Nifty 500|Nifty India Manufacturing|Nifty LargeMidcap 250|Nifty MidSmallcap 400|Nifty Midcap 150|Nifty Total Market,thematic|broad
HSCL,Himadri Speciality Chemical Ltd.,Chemicals,EQ,INE019C01026,3,thematic,Nifty India Manufacturing,Nifty 500|Nifty Chemicals|Nifty India Manufacturing|Nifty MidSmallcap 400|Nifty Smallcap 100|Nifty Smallcap 250|Nifty Smallcap 50|Nifty Total Market,thematic|sectoral|broad
HYUNDAI,Hyundai Motor India Ltd.,Automobile and Auto Components,EQ,INE0V6F01027,3,thematic,Nifty India Manufacturing,Nifty 100|Nifty 200|Nifty 500|Nifty India Manufacturing|Nifty LargeMidcap 250|Nifty MNC|Nifty Mobility|Nifty Next 50|Nifty Rural|Nifty Total Market|Nifty Transportation & Logistics,thematic|broad
IBULHSGFIN,Indiabulls Housing Finance Ltd.,FINANCIAL SERVICES,EQ,INE148I01020,3,thematic,Nifty Housing,Nifty Housing,thematic
ICICIAMC,ICICI Prudential Asset Management Company Ltd.,Financial Services,EQ,INE346A01027,3,thematic,Nifty Capital Markets,Nifty 200|Nifty 500|Nifty Capital Markets|Nifty LargeMidcap 250|Nifty MidSmallcap 400|Nifty Midcap 100|Nifty Midcap 150|Nifty Total Market,thematic|broad
ICICIBANK,ICICI Bank Ltd.,FINANCIAL SERVICES,EQ,INE090A01021,3,thematic,Nifty Housing,Nifty 100|Nifty 200|Nifty 50|Nifty 500|Nifty Bank|Nifty Financial Services|Nifty Housing|Nifty LargeMidcap 250|Nifty Private Bank|Nifty Services Sector|Nifty Total Market,thematic|sectoral|broad
ICICIPRULI,ICICI Prudential Life Insurance Company Ltd.,Financial Services,EQ,INE726G01019,3,thematic,Nifty Rural,Nifty 500|Nifty Financial Services Ex-Bank|Nifty LargeMidcap 250|Nifty MidSmallcap 400|Nifty Midcap 150|Nifty Rural|Nifty Total Market,thematic|sectoral|broad
IDEA,Vodafone Idea Ltd.,Telecommunication,EQ,INE669E01016,3,thematic,Nifty India Digital,Nifty 200|Nifty 500|Nifty India Digital|Nifty LargeMidcap 250|Nifty MidSmallcap 400|Nifty Midcap 100|Nifty Midcap 150|Nifty Rural|Nifty Total Market,thematic|broad
IDFCFIRSTB,IDFC First Bank Ltd.,FINANCIAL SERVICES,EQ,INE092T01019,3,thematic,Nifty Housing,Nifty 200|Nifty 500|Nifty Bank|Nifty Housing|Nifty LargeMidcap 250|Nifty MidSmallcap 400|Nifty Midcap 100|Nifty Midcap 150|Nifty Midcap 50|Nifty Private Bank|Nifty Total Market,thematic|sectoral|broad
IEX,Indian Energy Exchange Ltd.,Financial Services,EQ,INE022Q01020,3,thematic,Nifty Capital Markets,Nifty 500|Nifty Capital Markets|Nifty MidSmallcap 400|Nifty Smallcap 250|Nifty Total Market,thematic|broad
IGL,Indraprastha Gas Ltd.,Oil Gas & Consumable Fuels,EQ,INE203G01027,3,thematic,Nifty Energy,Nifty 500|Nifty Energy|Nifty Housing|Nifty MidSmallcap 400|Nifty Oil & Gas|Nifty Smallcap 100|Nifty Smallcap 250|Nifty Smallcap 50|Nifty Total Market,thematic|sectoral|broad
IKS,Inventurus Knowledge Solutions Ltd.,Information Technology,EQ,INE115Q01022,3,thematic,Nifty India Digital,Nifty 500|Nifty India Digital|Nifty MidSmallcap 400|Nifty Smallcap 100|Nifty Smallcap 250|Nifty Total Market,thematic|broad
INDHOTEL,Indian Hotels Co. Ltd.,Consumer Services,EQ,INE053A01029,3,thematic,Nifty India Consumption,Nifty 100|Nifty 200|Nifty 500|Nifty India Consumption|Nifty India Tourism|Nifty Infrastructure|Nifty LargeMidcap 250|Nifty Next 50|Nifty Non-Cyclical Consumer|Nifty Total Market,thematic|broad
INDIAMART,Indiamart Intermesh Ltd.,Consumer Services,EQ,INE933S01016,3,thematic,Nifty India Digital,Nifty 500|Nifty India Digital|Nifty MidSmallcap 400|Nifty Smallcap 250|Nifty Total Market,thematic|broad
INDIANB,Indian Bank,Financial Services,EQ,INE562A01011,3,thematic,Nifty Rural,Nifty 200|Nifty 500|Nifty LargeMidcap 250|Nifty MidSmallcap 400|Nifty Midcap 100|Nifty Midcap 150|Nifty PSU Bank|Nifty Rural|Nifty Total Market,thematic|sectoral|broad
INDIGO,InterGlobe Aviation Ltd.,Services,EQ,INE646L01027,3,thematic,Nifty India Consumption,Nifty 100|Nifty 200|Nifty 50|Nifty 500|Nifty India Consumption|Nifty India Tourism|Nifty Infrastructure|Nifty LargeMidcap 250|Nifty Mobility|Nifty Non-Cyclical Consumer|Nifty Services Sector|Nifty Total Market|Nifty Transportation & Logistics,thematic|broad
INDIGRID,IndiGrid Infrastructure Trust,Power,IV,INE219X23014,3,thematic,Nifty REITs & InvITs,Nifty REITs & InvITs,thematic
INDUSINDBK,IndusInd Bank Ltd.,FINANCIAL SERVICES,EQ,INE095A01012,3,thematic,Nifty Housing,Nifty 200|Nifty 500|Nifty Bank|Nifty Housing|Nifty LargeMidcap 250|Nifty MidSmallcap 400|Nifty Midcap 100|Nifty Midcap 150|Nifty Midcap 50|Nifty Private Bank|Nifty Services Sector|Nifty Total Market,thematic|sectoral|broad
INDUSINVIT,Indus Infra Trust,Services,IV,INE0NHL23019,3,thematic,Nifty REITs & InvITs,Nifty REITs & InvITs,thematic
INDUSTOWER,Indus Towers Ltd.,Telecommunication,EQ,INE121J01017,3,thematic,Nifty Infrastructure,Nifty 200|Nifty 500|Nifty Infrastructure|Nifty LargeMidcap 250|Nifty MidSmallcap 400|Nifty Midcap 100|Nifty Midcap 150|Nifty Midcap 50|Nifty Total Market,thematic|broad
INFY,Infosys Ltd.,Information Technology,EQ,INE009A01021,3,thematic,Nifty India Digital,Nifty 100|Nifty 200|Nifty 50|Nifty 500|Nifty IT|Nifty India Digital|Nifty LargeMidcap 250|Nifty Services Sector|Nifty Total Market,thematic|sectoral|broad
INOXWIND,Inox Wind Ltd.,Capital Goods,EQ,INE066P01011,3,thematic,Nifty Energy,Nifty 500|Nifty Energy|Nifty MidSmallcap 400|Nifty Smallcap 100|Nifty Smallcap 250|Nifty Smallcap 50|Nifty Total Market,thematic|broad
INTELLECT,Intellect Design Arena Ltd.,Information Technology,EQ,INE306R01017,3,thematic,Nifty India Digital,Nifty 500|Nifty India Digital|Nifty MidSmallcap 400|Nifty Smallcap 250|Nifty Total Market,thematic|broad
IOC,Indian Oil Corporation Ltd.,Oil Gas & Consumable Fuels,EQ,INE242A01010,3,thematic,Nifty Commodities,Nifty 100|Nifty 200|Nifty 500|Nifty Commodities|Nifty Energy|Nifty India Manufacturing|Nifty Infrastructure|Nifty LargeMidcap 250|Nifty Mobility|Nifty Next 50|Nifty Oil & Gas|Nifty PSE|Nifty Total Market,thematic|sectoral|broad
IRBINVIT,IRB INVIT FUND,Services,IV,INE183W23014,3,thematic,Nifty REITs & InvITs,Nifty REITs & InvITs,thematic
IRCTC,Indian Railway Catering And Tourism Corporation Ltd.,Consumer Services,EQ,INE335Y01020,3,thematic,Nifty India Digital,Nifty 200|Nifty 500|Nifty India Digital|Nifty India Tourism|Nifty LargeMidcap 250|Nifty MidSmallcap 400|Nifty Midcap 100|Nifty Midcap 150|Nifty Mobility|Nifty Non-Cyclical Consumer|Nifty PSE|Nifty Rural|Nifty Total Market|Nifty Transportation & Logistics,thematic|broad
IRFC,Indian Railway Finance Corporation Ltd.,Financial Services,EQ,INE053F01010,3,thematic,Nifty PSE,Nifty 100|Nifty 200|Nifty 500|Nifty Financial Services Ex-Bank|Nifty LargeMidcap 250|Nifty Next 50|Nifty PSE|Nifty Total Market,thematic|sectoral|broad
ITC,ITC Ltd.,Fast Moving Consumer Goods,EQ,INE154A01025,3,thematic,Nifty India Consumption,Nifty 100|Nifty 200|Nifty 50|Nifty 500|Nifty FMCG|Nifty India Consumption|Nifty LargeMidcap 250|Nifty Non-Cyclical Consumer|Nifty Rural|Nifty Total Market,thematic|sectoral|broad
ITCHOTELS,ITC Hotels Ltd.,Consumer Services,EQ,INE379A01028,3,thematic,Nifty India Tourism,Nifty 500|Nifty India Tourism|Nifty LargeMidcap 250|Nifty MidSmallcap 400|Nifty Midcap 150|Nifty Total Market,thematic|broad
ITI,ITI Ltd.,Telecommunication,EQ,INE248A01017,3,thematic,Nifty India Digital,Nifty 500|Nifty India Digital|Nifty MidSmallcap 400|Nifty Smallcap 100|Nifty Smallcap 250|Nifty Total Market,thematic|broad
JINDALSTEL,Jindal Steel Ltd.,Metals & Mining,EQ,INE749A01030,3,thematic,Nifty Commodities,Nifty 100|Nifty 200|Nifty 500|Nifty Commodities|Nifty Housing|Nifty India Manufacturing|Nifty LargeMidcap 250|Nifty Metal|Nifty Next 50|Nifty Total Market,thematic|sectoral|broad
JIOFIN,Jio Financial Services Ltd.,Financial Services,EQ,INE758E01017,3,thematic,Nifty Services Sector,Nifty 100|Nifty 200|Nifty 50|Nifty 500|Nifty Financial Services|Nifty Financial Services Ex-Bank|Nifty LargeMidcap 250|Nifty Services Sector|Nifty Total Market,thematic|sectoral|broad
JKCEMENT,J.K. Cement Ltd.,CEMENT & CEMENT PRODUCTS,EQ,INE823G01014,3,thematic,Nifty Housing,Nifty 500|Nifty Housing|Nifty LargeMidcap 250|Nifty MidSmallcap 400|Nifty Midcap 150|Nifty Rural|Nifty Total Market,thematic|broad
JPPOWER,Jaiprakash Power Ventures Ltd.,Power,EQ,INE351F01018,3,thematic,Nifty Energy,Nifty 500|Nifty Energy|Nifty MidSmallcap 400|Nifty Smallcap 250|Nifty Total Market,thematic|broad
JSWENERGY,JSW Energy Ltd.,Power,EQ,INE121E01018,3,thematic,Nifty Commodities,Nifty 200|Nifty 500|Nifty Commodities|Nifty Energy|Nifty LargeMidcap 250|Nifty MidSmallcap 400|Nifty Midcap 100|Nifty Midcap 150|Nifty Rural|Nifty Total Market,thematic|broad
JSWSTEEL,JSW Steel Ltd.,Metals & Mining,EQ,INE019A01038,3,thematic,Nifty Commodities,Nifty 100|Nifty 200|Nifty 50|Nifty 500|Nifty Commodities|Nifty Housing|Nifty India Manufacturing|Nifty LargeMidcap 250|Nifty Metal|Nifty Total Market,thematic|sectoral|broad
JUBLFOOD,Jubilant Foodworks Ltd.,Consumer Services,EQ,INE797F01020,3,thematic,Nifty India Tourism,Nifty 200|Nifty 500|Nifty India Tourism|Nifty LargeMidcap 250|Nifty MidSmallcap 400|Nifty Midcap 100|Nifty Midcap 150|Nifty Non-Cyclical Consumer|Nifty Total Market,thematic|broad
KAJARIACER,Kajaria Ceramics Ltd.,CONSUMER GOODS,EQ,INE217B01036,3,thematic,Nifty Housing,Nifty 500|Nifty Consumer Durables|Nifty Housing|Nifty MidSmallcap 400|Nifty Smallcap 250|Nifty Total Market,thematic|sectoral|broad
KANSAINER,Kansai Nerolac Paints Ltd.,CONSUMER GOODS,EQ,INE531A01024,3,thematic,Nifty Housing,Nifty Housing|Nifty Microcap 250|Nifty Total Market,thematic|broad
KAYNES,Kaynes Technology India Ltd.,Capital Goods,EQ,INE918Z01012,3,thematic,Nifty India Manufacturing,Nifty 500|Nifty India Manufacturing|Nifty MidSmallcap 400|Nifty Smallcap 100|Nifty Smallcap 250|Nifty Smallcap 50|Nifty Total Market,thematic|broad
KEI,KEI Industries Ltd.,Capital Goods,EQ,INE878B01027,3,thematic,Nifty India Manufacturing,Nifty 200|Nifty 500|Nifty India Manufacturing|Nifty LargeMidcap 250|Nifty MidSmallcap 400|Nifty Midcap 100|Nifty Midcap 150|Nifty Total Market,thematic|broad
KFINTECH,Kfin Technologies Ltd.,Financial Services,EQ,INE138Y01010,3,thematic,Nifty Capital Markets,Nifty 500|Nifty Capital Markets|Nifty MidSmallcap 400|Nifty Smallcap 100|Nifty Smallcap 250|Nifty Smallcap 50|Nifty Total Market,thematic|broad
KOTAKBANK,Kotak Mahindra Bank Ltd.,FINANCIAL SERVICES,EQ,INE237A01028,3,thematic,Nifty Housing,Nifty 100|Nifty 200|Nifty 50|Nifty 500|Nifty Bank|Nifty Financial Services|Nifty Housing|Nifty LargeMidcap 250|Nifty Private Bank|Nifty Services Sector|Nifty Total Market,thematic|sectoral|broad
KPITTECH,KPIT Technologies Ltd.,Information Technology,EQ,INE04I401011,3,thematic,Nifty India Digital,Nifty 200|Nifty 500|Nifty India Digital|Nifty LargeMidcap 250|Nifty MidSmallcap 400|Nifty Midcap 100|Nifty Midcap 150|Nifty Total Market,thematic|broad
KPRMILL,K.P.R. Mill Ltd.,Textiles,EQ,INE930H01031,3,thematic,Nifty India Manufacturing,Nifty 500|Nifty India Manufacturing|Nifty LargeMidcap 250|Nifty MidSmallcap 400|Nifty Midcap 150|Nifty Total Market,thematic|broad
KRT,Knowledge Realty Trust,Realty,RR,INE1JAR25012,3,thematic,Nifty REITs & InvITs,Nifty REITs & InvITs,thematic
LATENTVIEW,Latent View Analytics Ltd.,Information Technology,EQ,INE0I7C01011,3,thematic,Nifty India Digital,Nifty 500|Nifty India Digital|Nifty MidSmallcap 400|Nifty Smallcap 250|Nifty Total Market,thematic|broad
LAURUSLABS,Laurus Labs Ltd.,Healthcare,EQ,INE947Q01028,3,thematic,Nifty India Manufacturing,Nifty 200|Nifty 500|Nifty Healthcare|Nifty India Manufacturing|Nifty LargeMidcap 250|Nifty MidSmallcap 400|Nifty Midcap 100|Nifty Midcap 150|Nifty Midcap 50|Nifty Pharma|Nifty Total Market,thematic|sectoral|broad
LEMONTREE,Lemon Tree Hotels Ltd.,Consumer Services,EQ,INE970X01018,3,thematic,Nifty India Tourism,Nifty 500|Nifty India Tourism|Nifty MidSmallcap 400|Nifty Smallcap 250|Nifty Total Market,thematic|broad
LICHSGFIN,LIC Housing Finance Ltd.,FINANCIAL SERVICES,EQ,INE115A01026,3,thematic,Nifty Housing,Nifty 200|Nifty 500|Nifty Financial Services|Nifty Financial Services Ex-Bank|Nifty Housing|Nifty LargeMidcap 250|Nifty MidSmallcap 400|Nifty Midcap 100|Nifty Midcap 150|Nifty Rural|Nifty Total Market,thematic|sectoral|broad
LICI,Life Insurance Corporation of India,Financial Services,EQ,INE0J1Y01017,3,thematic,Nifty Rural,Nifty 500|Nifty Financial Services Ex-Bank|Nifty LargeMidcap 250|Nifty MidSmallcap 400|Nifty Midcap 150|Nifty Rural|Nifty Total Market,thematic|sectoral|broad
LINDEINDIA,Linde India Ltd.,Chemicals,EQ,INE473A01011,3,thematic,Nifty India Manufacturing,Nifty 500|Nifty Chemicals|Nifty India Manufacturing|Nifty LargeMidcap 250|Nifty MNC|Nifty MidSmallcap 400|Nifty Midcap 150|Nifty Total Market,thematic|sectoral|broad
LT,Larsen & Toubro Ltd.,CONSTRUCTION,EQ,INE018A01030,3,thematic,Nifty Housing,Nifty 100|Nifty 200|Nifty 50|Nifty 500|Nifty Housing|Nifty Infrastructure|Nifty LargeMidcap 250|Nifty Total Market,thematic|broad
LTF,L&T Finance Ltd.,Financial Services,EQ,INE498L01015,3,thematic,Nifty Rural,Nifty 200|Nifty 500|Nifty Financial Services Ex-Bank|Nifty LargeMidcap 250|Nifty MidSmallcap 400|Nifty Midcap 100|Nifty Midcap 150|Nifty Rural|Nifty Total Market,thematic|sectoral|broad
LTM,LTM Ltd.,Information Technology,EQ,INE214T01019,3,thematic,Nifty India Digital,Nifty 100|Nifty 200|Nifty 500|Nifty IT|Nifty India Digital|Nifty LargeMidcap 250|Nifty Next 50|Nifty Total Market,thematic|sectoral|broad
LTTS,L&T Technology Services Ltd.,Information Technology,EQ,INE010V01017,3,thematic,Nifty India Digital,Nifty 500|Nifty India Digital|Nifty LargeMidcap 250|Nifty MidSmallcap 400|Nifty Midcap 150|Nifty Total Market,thematic|broad
LUPIN,Lupin Ltd.,Healthcare,EQ,INE326A01037,3,thematic,Nifty India Manufacturing,Nifty 200|Nifty 500|Nifty Healthcare|Nifty India Manufacturing|Nifty LargeMidcap 250|Nifty MidSmallcap 400|Nifty Midcap 100|Nifty Midcap 150|Nifty Midcap 50|Nifty Pharma|Nifty Total Market,thematic|sectoral|broad
M&M,Mahindra & Mahindra Ltd.,Automobile and Auto Components,EQ,INE101A01026,3,thematic,Nifty India Consumption,Nifty 100|Nifty 200|Nifty 50|Nifty 500|Nifty Auto|Nifty India Consumption|Nifty India Manufacturing|Nifty LargeMidcap 250|Nifty Mobility|Nifty Rural|Nifty Total Market|Nifty Transportation & Logistics,thematic|sectoral|broad
M&MFIN,Mahindra & Mahindra Financial Services Ltd.,Financial Services,EQ,INE774D01024,3,thematic,Nifty Rural,Nifty 200|Nifty 500|Nifty LargeMidcap 250|Nifty MidSmallcap 400|Nifty Midcap 100|Nifty Midcap 150|Nifty Rural|Nifty Total Market,thematic|broad
MAPMYINDIA,C.E. Info Systems Ltd.,Information Technology,EQ,INE0BV301023,3,thematic,Nifty India Digital,Nifty 500|Nifty India Digital|Nifty MidSmallcap 400|Nifty Smallcap 250|Nifty Total Market,thematic|broad
MARICO,Marico Ltd.,Fast Moving Consumer Goods,EQ,INE196A01026,3,thematic,Nifty Non-Cyclical Consumer,Nifty 200|Nifty 500|Nifty FMCG|Nifty LargeMidcap 250|Nifty MidSmallcap 400|Nifty Midcap 100|Nifty Midcap 150|Nifty Midcap 50|Nifty Non-Cyclical Consumer|Nifty Rural|Nifty Total Market,thematic|sectoral|broad
MARUTI,Maruti Suzuki India Ltd.,Automobile and Auto Components,EQ,INE585B01010,3,thematic,Nifty India Consumption,Nifty 100|Nifty 200|Nifty 50|Nifty 500|Nifty Auto|Nifty India Consumption|Nifty India Manufacturing|Nifty LargeMidcap 250|Nifty MNC|Nifty Mobility|Nifty Rural|Nifty Total Market|Nifty Transportation & Logistics,thematic|sectoral|broad
MAXHEALTH,Max Healthcare Institute Ltd.,Healthcare,EQ,INE027H01010,3,thematic,Nifty India Consumption,Nifty 100|Nifty 200|Nifty 50|Nifty 500|Nifty Healthcare|Nifty India Consumption|Nifty Infrastructure|Nifty LargeMidcap 250|Nifty Services Sector|Nifty Total Market,thematic|sectoral|broad
MAZDOCK,Mazagoan Dock Shipbuilders Ltd.,Capital Goods,EQ,INE249Z01020,3,thematic,Nifty India Defence,Nifty 100|Nifty 200|Nifty 500|Nifty India Defence|Nifty India Manufacturing|Nifty LargeMidcap 250|Nifty Next 50|Nifty Total Market|Nifty Transportation & Logistics,thematic|broad
MCX,Multi Commodity Exchange of India Ltd.,Financial Services,EQ,INE745G01043,3,thematic,Nifty Capital Markets,Nifty 200|Nifty 500|Nifty Capital Markets|Nifty Financial Services Ex-Bank|Nifty LargeMidcap 250|Nifty MidSmallcap 400|Nifty Midcap 100|Nifty Midcap 150|Nifty Midcap 50|Nifty Total Market,thematic|sectoral|broad
MEESHO,Meesho Ltd.,Consumer Services,EQ,INE0VDM01015,3,thematic,Nifty India Digital,Nifty 500|Nifty India Digital|Nifty MidSmallcap 400|Nifty Smallcap 100|Nifty Smallcap 250|Nifty Total Market,thematic|broad
MFSL,Max Financial Services Ltd.,Financial Services,EQ,INE180A01020,3,thematic,Nifty Rural,Nifty 200|Nifty 500|Nifty Financial Services|Nifty Financial Services Ex-Bank|Nifty LargeMidcap 250|Nifty MidSmallcap 400|Nifty Midcap 100|Nifty Midcap 150|Nifty Midcap 50|Nifty Rural|Nifty Total Market,thematic|sectoral|broad
MGL,Mahanagar Gas Ltd.,Oil Gas & Consumable Fuels,EQ,INE002S01010,3,thematic,Nifty Energy,Nifty 500|Nifty Energy|Nifty Housing|Nifty MidSmallcap 400|Nifty Oil & Gas|Nifty Smallcap 250|Nifty Total Market,thematic|sectoral|broad
MIDHANI,Mishra Dhatu Nigam Ltd.,Capital Goods,EQ,INE099Z01011,3,thematic,Nifty India Defence,Nifty India Defence|Nifty Microcap 250|Nifty Total Market,thematic|broad
MINDSPACE,MINDSPACE BUSINESS PARKS REIT,Realty,RR,INE0CCU25019,3,thematic,Nifty REITs & InvITs,Nifty REITs & InvITs,thematic
MOTHERSON,Samvardhana Motherson International Ltd.,Automobile and Auto Components,EQ,INE775A01035,3,thematic,Nifty India Manufacturing,Nifty 100|Nifty 200|Nifty 500|Nifty Auto|Nifty India Manufacturing|Nifty Infrastructure|Nifty LargeMidcap 250|Nifty Mobility|Nifty Next 50|Nifty Total Market|Nifty Transportation & Logistics,thematic|sectoral|broad
MOTILALOFS,Motilal Oswal Financial Services Ltd.,Financial Services,EQ,INE338I01027,3,thematic,Nifty Capital Markets,Nifty 200|Nifty 500|Nifty Capital Markets|Nifty LargeMidcap 250|Nifty MidSmallcap 400|Nifty Midcap 100|Nifty Midcap 150|Nifty Total Market,thematic|broad
MPHASIS,MphasiS Ltd.,Information Technology,EQ,INE356A01018,3,thematic,Nifty India Digital,Nifty 200|Nifty 500|Nifty IT|Nifty India Digital|Nifty LargeMidcap 250|Nifty MidSmallcap 400|Nifty Midcap 100|Nifty Midcap 150|Nifty Midcap 50|Nifty Total Market,thematic|sectoral|broad
MRF,MRF Ltd.,Automobile and Auto Components,EQ,INE883A01011,3,thematic,Nifty India Manufacturing,Nifty 200|Nifty 500|Nifty India Manufacturing|Nifty LargeMidcap 250|Nifty MidSmallcap 400|Nifty Midcap 100|Nifty Midcap 150|Nifty Mobility|Nifty Total Market|Nifty Transportation & Logistics,thematic|broad
MTARTECH,MTAR Technologies Ltd.,Capital Goods,BE,INE864I01014,3,thematic,Nifty India Defence,Nifty India Defence|Nifty Microcap 250|Nifty Total Market,thematic|broad
MUTHOOTFIN,Muthoot Finance Ltd.,Financial Services,EQ,INE414G01012,3,thematic,Nifty Rural,Nifty 100|Nifty 200|Nifty 500|Nifty Financial Services|Nifty Financial Services Ex-Bank|Nifty LargeMidcap 250|Nifty Next 50|Nifty Rural|Nifty Total Market,thematic|sectoral|broad
NAM-INDIA,Nippon Life India Asset Management Ltd.,Financial Services,EQ,INE298J01013,3,thematic,Nifty Capital Markets,Nifty 500|Nifty Capital Markets|Nifty LargeMidcap 250|Nifty MNC|Nifty MidSmallcap 400|Nifty Midcap 150|Nifty Total Market,thematic|broad
NAUKRI,Info Edge (India) Ltd.,Consumer Services,EQ,INE663F01032,3,thematic,Nifty India Consumption,Nifty 200|Nifty 500|Nifty India Consumption|Nifty India Digital|Nifty LargeMidcap 250|Nifty MidSmallcap 400|Nifty Midcap 100|Nifty Midcap 150|Nifty Midcap 50|Nifty Non-Cyclical Consumer|Nifty Services Sector|Nifty Total Market,thematic|broad
NAVA,Nava Ltd.,Power,EQ,INE725A01030,3,thematic,Nifty Energy,Nifty 500|Nifty Energy|Nifty MidSmallcap 400|Nifty Smallcap 250|Nifty Total Market,thematic|broad
NAVINFLUOR,Navin Fluorine International Ltd.,Chemicals,EQ,INE048G01026,3,thematic,Nifty India Manufacturing,Nifty 500|Nifty Chemicals|Nifty India Manufacturing|Nifty MidSmallcap 400|Nifty Smallcap 100|Nifty Smallcap 250|Nifty Smallcap 50|Nifty Total Market,thematic|sectoral|broad
NBCC,NBCC (India) Ltd.,Construction,EQ,INE095N01031,3,thematic,Nifty CPSE,Nifty 500|Nifty CPSE|Nifty MidSmallcap 400|Nifty Smallcap 100|Nifty Smallcap 250|Nifty Smallcap 50|Nifty Total Market,thematic|broad
NESTLEIND,Nestle India Ltd.,Fast Moving Consumer Goods,EQ,INE239A01024,3,thematic,Nifty India Consumption,Nifty 100|Nifty 200|Nifty 50|Nifty 500|Nifty FMCG|Nifty India Consumption|Nifty LargeMidcap 250|Nifty MNC|Nifty Non-Cyclical Consumer|Nifty Rural|Nifty Total Market,thematic|sectoral|broad
NETWEB,Netweb Technologies India Ltd.,Information Technology,EQ,INE0NT901020,3,thematic,Nifty India Digital,Nifty 500|Nifty India Digital|Nifty MidSmallcap 400|Nifty Smallcap 100|Nifty Smallcap 250|Nifty Total Market,thematic|broad
NEWGEN,Newgen Software Technologies Ltd.,Information Technology,EQ,INE619B01017,3,thematic,Nifty India Digital,Nifty 500|Nifty India Digital|Nifty MidSmallcap 400|Nifty Smallcap 250|Nifty Total Market,thematic|broad
NHPC,NHPC Ltd.,Power,EQ,INE848E01016,3,thematic,Nifty CPSE,Nifty 200|Nifty 500|Nifty CPSE|Nifty Commodities|Nifty Energy|Nifty LargeMidcap 250|Nifty MidSmallcap 400|Nifty Midcap 100|Nifty Midcap 150|Nifty Midcap 50|Nifty PSE|Nifty Rural|Nifty Total Market,thematic|broad
NLCINDIA,NLC India Ltd.,Power,EQ,INE589A01014,3,thematic,Nifty CPSE,Nifty 500|Nifty CPSE|Nifty Energy|Nifty LargeMidcap 250|Nifty MidSmallcap 400|Nifty Midcap 150|Nifty Total Market,thematic|broad
NMDC,NMDC Ltd.,Metals & Mining,EQ,INE584A01023,3,thematic,Nifty Commodities,Nifty 200|Nifty 500|Nifty Commodities|Nifty LargeMidcap 250|Nifty Metal|Nifty MidSmallcap 400|Nifty Midcap 100|Nifty Midcap 150|Nifty Midcap 50|Nifty PSE|Nifty Total Market,thematic|sectoral|broad
NTPC,NTPC Ltd.,Power,EQ,INE733E01010,3,thematic,Nifty CPSE,Nifty 100|Nifty 200|Nifty 50|Nifty 500|Nifty CPSE|Nifty Commodities|Nifty Energy|Nifty Housing|Nifty Infrastructure|Nifty LargeMidcap 250|Nifty PSE|Nifty Rural|Nifty Services Sector|Nifty Total Market,thematic|broad
NTPCGREEN,NTPC Green Energy Ltd.,Power,EQ,INE0ONG01011,3,thematic,Nifty Energy,Nifty 500|Nifty Energy|Nifty LargeMidcap 250|Nifty MidSmallcap 400|Nifty Midcap 150|Nifty Total Market,thematic|broad
NUVAMA,Nuvama Wealth Management Ltd.,Financial Services,EQ,INE531F01023,3,thematic,Nifty Capital Markets,Nifty 500|Nifty Capital Markets|Nifty MidSmallcap 400|Nifty Smallcap 100|Nifty Smallcap 250|Nifty Total Market,thematic|broad
NXST,Nexus Select Trust,Realty,RR,INE0NDH25011,3,thematic,Nifty REITs & InvITs,Nifty REITs & InvITs,thematic
NYKAA,FSN E-Commerce Ventures Ltd.,Consumer Services,EQ,INE388Y01029,3,thematic,Nifty India Digital,Nifty 200|Nifty 500|Nifty India Digital|Nifty LargeMidcap 250|Nifty MidSmallcap 400|Nifty Midcap 100|Nifty Midcap 150|Nifty Midcap 50|Nifty Non-Cyclical Consumer|Nifty Total Market,thematic|broad
OBEROIRLTY,Oberoi Realty Ltd.,CONSTRUCTION,EQ,INE093I01010,3,thematic,Nifty Housing,Nifty 200|Nifty 500|Nifty Housing|Nifty LargeMidcap 250|Nifty MidSmallcap 400|Nifty Midcap 100|Nifty Midcap 150|Nifty Realty|Nifty Total Market,thematic|sectoral|broad
OFSS,Oracle Financial Services Software Ltd.,Information Technology,EQ,INE881D01027,3,thematic,Nifty India Digital,Nifty 200|Nifty 500|Nifty IT|Nifty India Digital|Nifty LargeMidcap 250|Nifty MNC|Nifty MidSmallcap 400|Nifty Midcap 100|Nifty Midcap 150|Nifty Total Market,thematic|sectoral|broad
OIL,Oil India Ltd.,Oil Gas & Consumable Fuels,EQ,INE274J01014,3,thematic,Nifty CPSE,Nifty 200|Nifty 500|Nifty CPSE|Nifty Commodities|Nifty Energy|Nifty LargeMidcap 250|Nifty MidSmallcap 400|Nifty Midcap 100|Nifty Midcap 150|Nifty Midcap 50|Nifty Oil & Gas|Nifty PSE|Nifty Total Market,thematic|sectoral|broad
ONGC,Oil & Natural Gas Corporation Ltd.,Oil Gas & Consumable Fuels,EQ,INE213A01029,3,thematic,Nifty CPSE,Nifty 100|Nifty 200|Nifty 50|Nifty 500|Nifty CPSE|Nifty Commodities|Nifty Energy|Nifty Infrastructure|Nifty LargeMidcap 250|Nifty Oil & Gas|Nifty PSE|Nifty Total Market,thematic|sectoral|broad
PAGEIND,Page Industries Ltd.,Textiles,EQ,INE761H01022,3,thematic,Nifty India Manufacturing,Nifty 200|Nifty 500|Nifty India Manufacturing|Nifty LargeMidcap 250|Nifty MidSmallcap 400|Nifty Midcap 100|Nifty Midcap 150|Nifty Non-Cyclical Consumer|Nifty Total Market,thematic|broad
PARAS,Paras Defence and Space Technologies Ltd.,Capital Goods,EQ,INE045601023,3,thematic,Nifty India Defence,Nifty India Defence|Nifty Microcap 250|Nifty Total Market,thematic|broad
PATANJALI,Patanjali Foods Ltd.,Fast Moving Consumer Goods,EQ,INE619A01035,3,thematic,Nifty Rural,Nifty 200|Nifty 500|Nifty FMCG|Nifty LargeMidcap 250|Nifty MidSmallcap 400|Nifty Midcap 100|Nifty Midcap 150|Nifty Rural|Nifty Total Market,thematic|sectoral|broad
PAYTM,One 97 Communications Ltd.,Financial Services,EQ,INE982J01020,3,thematic,Nifty India Digital,Nifty 200|Nifty 500|Nifty Financial Services Ex-Bank|Nifty India Digital|Nifty LargeMidcap 250|Nifty MidSmallcap 400|Nifty Midcap 100|Nifty Midcap 150|Nifty Midcap 50|Nifty Total Market,thematic|sectoral|broad
PERSISTENT,Persistent Systems Ltd.,Information Technology,EQ,INE262H01021,3,thematic,Nifty India Digital,Nifty 200|Nifty 500|Nifty IT|Nifty India Digital|Nifty LargeMidcap 250|Nifty MidSmallcap 400|Nifty Midcap 100|Nifty Midcap 150|Nifty Midcap 50|Nifty Total Market,thematic|sectoral|broad
PETRONET,Petronet LNG Ltd.,Oil Gas & Consumable Fuels,EQ,INE347G01014,3,thematic,Nifty Energy,Nifty 500|Nifty Energy|Nifty Housing|Nifty LargeMidcap 250|Nifty MidSmallcap 400|Nifty Midcap 150|Nifty Mobility|Nifty Oil & Gas|Nifty Total Market,thematic|sectoral|broad
PFC,Power Finance Corporation Ltd.,Financial Services,EQ,INE134E01011,3,thematic,Nifty PSE,Nifty 100|Nifty 200|Nifty 500|Nifty Financial Services|Nifty Financial Services Ex-Bank|Nifty LargeMidcap 250|Nifty Next 50|Nifty PSE|Nifty Total Market,thematic|sectoral|broad
PGINVIT,POWERGRID Infrastructure Investment Trust,Power,IV,INE0GGX23010,3,thematic,Nifty REITs & InvITs,Nifty REITs & InvITs,thematic
PIDILITIND,Pidilite Industries Ltd.,Chemicals,EQ,INE318A01026,3,thematic,Nifty Commodities,Nifty 100|Nifty 200|Nifty 500|Nifty Chemicals|Nifty Commodities|Nifty India Manufacturing|Nifty LargeMidcap 250|Nifty Next 50|Nifty Total Market,thematic|sectoral|broad
PIIND,PI Industries Ltd.,Chemicals,EQ,INE603J01030,3,thematic,Nifty Commodities,Nifty 200|Nifty 500|Nifty Chemicals|Nifty Commodities|Nifty India Manufacturing|Nifty LargeMidcap 250|Nifty MidSmallcap 400|Nifty Midcap 100|Nifty Midcap 150|Nifty Rural|Nifty Total Market,thematic|sectoral|broad
PINELABS,Pine Labs Ltd.,Financial Services,EQ,INE15B701018,3,thematic,Nifty India Digital,Nifty 500|Nifty India Digital|Nifty MidSmallcap 400|Nifty Smallcap 100|Nifty Smallcap 250|Nifty Total Market,thematic|broad
PIRAMALFIN,Piramal Finance Ltd.,Financial Services,EQ,INE202B01038,3,thematic,Nifty Rural,Nifty 500|Nifty MidSmallcap 400|Nifty Rural|Nifty Smallcap 100|Nifty Smallcap 250|Nifty Smallcap 50|Nifty Total Market,thematic|broad
PNB,Punjab National Bank,FINANCIAL SERVICES,EQ,INE160A01022,3,thematic,Nifty Housing,Nifty 100|Nifty 200|Nifty 500|Nifty Bank|Nifty Housing|Nifty LargeMidcap 250|Nifty Next 50|Nifty PSU Bank|Nifty Rural|Nifty Total Market,thematic|sectoral|broad
PNBHOUSING,PNB Housing Finance Ltd.,Financial Services,EQ,INE572E01012,3,thematic,Nifty Rural,Nifty 500|Nifty Financial Services Ex-Bank|Nifty MidSmallcap 400|Nifty Rural|Nifty Smallcap 100|Nifty Smallcap 250|Nifty Smallcap 50|Nifty Total Market,thematic|sectoral|broad
POLICYBZR,PB Fintech Ltd.,Financial Services,EQ,INE417T01026,3,thematic,Nifty India Digital,Nifty 200|Nifty 500|Nifty Financial Services Ex-Bank|Nifty India Digital|Nifty LargeMidcap 250|Nifty MidSmallcap 400|Nifty Midcap 100|Nifty Midcap 150|Nifty Midcap 50|Nifty Total Market,thematic|sectoral|broad
POLYCAB,Polycab India Ltd.,Capital Goods,EQ,INE455K01017,3,thematic,Nifty India Manufacturing,Nifty 200|Nifty 500|Nifty India Manufacturing|Nifty LargeMidcap 250|Nifty MidSmallcap 400|Nifty Midcap 100|Nifty Midcap 150|Nifty Midcap 50|Nifty Total Market,thematic|broad
POONAWALLA,Poonawalla Fincorp Ltd.,Financial Services,EQ,INE511C01022,3,thematic,Nifty Rural,Nifty 500|Nifty MidSmallcap 400|Nifty Rural|Nifty Smallcap 100|Nifty Smallcap 250|Nifty Smallcap 50|Nifty Total Market,thematic|broad
POWERGRID,Power Grid Corporation of India Ltd.,Power,EQ,INE752E01010,3,thematic,Nifty CPSE,Nifty 100|Nifty 200|Nifty 50|Nifty 500|Nifty CPSE|Nifty Energy|Nifty Infrastructure|Nifty LargeMidcap 250|Nifty PSE|Nifty Services Sector|Nifty Total Market,thematic|broad
POWERINDIA,Hitachi Energy India Ltd.,Capital Goods,EQ,INE07Y701011,3,thematic,Nifty Energy,Nifty 200|Nifty 500|Nifty Energy|Nifty LargeMidcap 250|Nifty MNC|Nifty MidSmallcap 400|Nifty Midcap 100|Nifty Midcap 150|Nifty Total Market,thematic|broad
PWL,Physicswallah Ltd.,Consumer Services,EQ,INE0LP301011,3,thematic,Nifty India Digital,Nifty 500|Nifty India Digital|Nifty MidSmallcap 400|Nifty Smallcap 100|Nifty Smallcap 250|Nifty Total Market,thematic|broad
RAILTEL,Railtel Corporation Of India Ltd.,Telecommunication,EQ,INE0DD101019,3,thematic,Nifty India Digital,Nifty 500|Nifty India Digital|Nifty MidSmallcap 400|Nifty Smallcap 250|Nifty Total Market,thematic|broad
RAMCOCEM,The Ramco Cements Ltd.,CEMENT & CEMENT PRODUCTS,EQ,INE331A01037,3,thematic,Nifty Housing,Nifty 500|Nifty Housing|Nifty MidSmallcap 400|Nifty Smallcap 100|Nifty Smallcap 250|Nifty Total Market,thematic|broad
RBLBANK,RBL Bank Ltd.,FINANCIAL SERVICES,EQ,INE976G01028,3,thematic,Nifty Housing,Nifty 500|Nifty Housing|Nifty MidSmallcap 400|Nifty Private Bank|Nifty Smallcap 100|Nifty Smallcap 250|Nifty Smallcap 50|Nifty Total Market,thematic|sectoral|broad
RECLTD,REC Ltd.,Financial Services,EQ,INE020B01018,3,thematic,Nifty PSE,Nifty 100|Nifty 200|Nifty 500|Nifty Financial Services|Nifty Financial Services Ex-Bank|Nifty LargeMidcap 250|Nifty Next 50|Nifty PSE|Nifty Total Market,thematic|sectoral|broad
RELIANCE,Reliance Industries Ltd.,Oil Gas & Consumable Fuels,EQ,INE002A01018,3,thematic,Nifty Commodities,Nifty 100|Nifty 200|Nifty 50|Nifty 500|Nifty Commodities|Nifty Energy|Nifty India Manufacturing|Nifty Infrastructure|Nifty LargeMidcap 250|Nifty Mobility|Nifty Oil & Gas|Nifty Total Market,thematic|sectoral|broad
RIIT,Raajmarg Infra Investment Trust,Services,IV,INE2PB023011,3,thematic,Nifty REITs & InvITs,Nifty REITs & InvITs,thematic
RPOWER,Reliance Power Ltd.,Power,EQ,INE614G01033,3,thematic,Nifty Energy,Nifty 500|Nifty Energy|Nifty MidSmallcap 400|Nifty Smallcap 100|Nifty Smallcap 250|Nifty Smallcap 50|Nifty Total Market,thematic|broad
RVNL,Rail Vikas Nigam Ltd.,Construction,EQ,INE415G01027,3,thematic,Nifty PSE,Nifty 200|Nifty 500|Nifty LargeMidcap 250|Nifty MidSmallcap 400|Nifty Midcap 100|Nifty Midcap 150|Nifty PSE|Nifty Total Market,thematic|broad
SAGILITY,Sagility Ltd.,Information Technology,EQ,INE0W2G01015,3,thematic,Nifty India Digital,Nifty 500|Nifty India Digital|Nifty MidSmallcap 400|Nifty Smallcap 100|Nifty Smallcap 250|Nifty Total Market,thematic|broad
SAIL,Steel Authority of India Ltd.,METALS,EQ,INE114A01011,3,thematic,Nifty Housing,Nifty 200|Nifty 500|Nifty Housing|Nifty LargeMidcap 250|Nifty Metal|Nifty MidSmallcap 400|Nifty Midcap 100|Nifty Midcap 150|Nifty Total Market,thematic|sectoral|broad
SAPPHIRE,Sapphire Foods India Ltd.,Consumer Services,EQ,INE806T01020,3,thematic,Nifty India Tourism,Nifty 500|Nifty India Tourism|Nifty MidSmallcap 400|Nifty Smallcap 250|Nifty Total Market,thematic|broad
SBICARD,SBI Cards and Payment Services Ltd.,Financial Services,EQ,INE018E01016,3,thematic,Nifty Rural,Nifty 200|Nifty 500|Nifty Financial Services|Nifty Financial Services Ex-Bank|Nifty LargeMidcap 250|Nifty MidSmallcap 400|Nifty Midcap 100|Nifty Midcap 150|Nifty Midcap 50|Nifty Rural|Nifty Total Market,thematic|sectoral|broad
SBILIFE,SBI Life Insurance Company Ltd.,Financial Services,EQ,INE123W01016,3,thematic,Nifty Rural,Nifty 100|Nifty 200|Nifty 50|Nifty 500|Nifty Financial Services|Nifty Financial Services Ex-Bank|Nifty LargeMidcap 250|Nifty Rural|Nifty Services Sector|Nifty Total Market,thematic|sectoral|broad
SBIN,State Bank of India,FINANCIAL SERVICES,EQ,INE062A01020,3,thematic,Nifty Housing,Nifty 100|Nifty 200|Nifty 50|Nifty 500|Nifty Bank|Nifty Financial Services|Nifty Housing|Nifty LargeMidcap 250|Nifty PSU Bank|Nifty Rural|Nifty Services Sector|Nifty Total Market,thematic|sectoral|broad
SCHAEFFLER,Schaeffler India Ltd.,Automobile and Auto Components,EQ,INE513A01022,3,thematic,Nifty MNC,Nifty 500|Nifty LargeMidcap 250|Nifty MNC|Nifty MidSmallcap 400|Nifty Midcap 150|Nifty Total Market|Nifty Transportation & Logistics,thematic|broad
SHREECEM,Shree Cement Ltd.,Construction Materials,EQ,INE070A01015,3,thematic,Nifty Commodities,Nifty 100|Nifty 200|Nifty 500|Nifty Commodities|Nifty Housing|Nifty Infrastructure|Nifty LargeMidcap 250|Nifty Next 50|Nifty Rural|Nifty Total Market,thematic|broad
SHRIRAMFIN,Shriram Finance Ltd.,Financial Services,EQ,INE721A01047,3,thematic,Nifty Rural,Nifty 100|Nifty 200|Nifty 50|Nifty 500|Nifty Financial Services|Nifty Financial Services Ex-Bank|Nifty LargeMidcap 250|Nifty Rural|Nifty Services Sector|Nifty Total Market,thematic|sectoral|broad
SIEMENS,Siemens Ltd.,Capital Goods,EQ,INE003A01024,3,thematic,Nifty Energy,Nifty 100|Nifty 200|Nifty 500|Nifty Energy|Nifty India Manufacturing|Nifty LargeMidcap 250|Nifty MNC|Nifty Next 50|Nifty Total Market,thematic|broad
SJVN,SJVN Ltd.,Power,EQ,INE002L01015,3,thematic,Nifty CPSE,Nifty 500|Nifty CPSE|Nifty Energy|Nifty LargeMidcap 250|Nifty MidSmallcap 400|Nifty Midcap 150|Nifty Total Market,thematic|broad
SOLARINDS,Solar Industries India Ltd.,Chemicals,EQ,INE343H01029,3,thematic,Nifty India Defence,Nifty 100|Nifty 200|Nifty 500|Nifty Chemicals|Nifty India Defence|Nifty India Manufacturing|Nifty LargeMidcap 250|Nifty Next 50|Nifty Total Market,thematic|sectoral|broad
SONACOMS,Sona BLW Precision Forgings Ltd.,Automobile and Auto Components,EQ,INE073K01018,3,thematic,Nifty India Manufacturing,Nifty 500|Nifty Auto|Nifty India Manufacturing|Nifty MidSmallcap 400|Nifty Mobility|Nifty Smallcap 100|Nifty Smallcap 250|Nifty Smallcap 50|Nifty Total Market|Nifty Transportation & Logistics,thematic|sectoral|broad
SONATSOFTW,Sonata Software Ltd.,Information Technology,EQ,INE269A01021,3,thematic,Nifty India Digital,Nifty 500|Nifty India Digital|Nifty MidSmallcap 400|Nifty Smallcap 250|Nifty Total Market,thematic|broad
SRF,SRF Ltd.,Chemicals,EQ,INE647A01010,3,thematic,Nifty Commodities,Nifty 200|Nifty 500|Nifty Chemicals|Nifty Commodities|Nifty India Manufacturing|Nifty LargeMidcap 250|Nifty MidSmallcap 400|Nifty Midcap 100|Nifty Midcap 150|Nifty Midcap 50|Nifty Total Market,thematic|sectoral|broad
SUNDARMFIN,Sundaram Finance Ltd.,Financial Services,EQ,INE660A01013,3,thematic,Nifty Rural,Nifty 500|Nifty LargeMidcap 250|Nifty MidSmallcap 400|Nifty Midcap 150|Nifty Rural|Nifty Total Market,thematic|broad
SUNPHARMA,Sun Pharmaceutical Industries Ltd.,Healthcare,EQ,INE044A01036,3,thematic,Nifty India Manufacturing,Nifty 100|Nifty 200|Nifty 50|Nifty 500|Nifty Healthcare|Nifty India Manufacturing|Nifty LargeMidcap 250|Nifty Pharma|Nifty Total Market,thematic|sectoral|broad
SUPREMEIND,Supreme Industries Ltd.,Capital Goods,EQ,INE195A01028,3,thematic,Nifty India Manufacturing,Nifty 200|Nifty 500|Nifty India Manufacturing|Nifty LargeMidcap 250|Nifty MidSmallcap 400|Nifty Midcap 100|Nifty Midcap 150|Nifty Midcap 50|Nifty Rural|Nifty Total Market,thematic|broad
SUZLON,Suzlon Energy Ltd.,Capital Goods,EQ,INE040H01021,3,thematic,Nifty Energy,Nifty 200|Nifty 500|Nifty Energy|Nifty India Manufacturing|Nifty Infrastructure|Nifty LargeMidcap 250|Nifty MidSmallcap 400|Nifty Midcap 100|Nifty Midcap 150|Nifty Midcap 50|Nifty Total Market,thematic|broad
SWIGGY,Swiggy Ltd.,Consumer Services,EQ,INE00H001014,3,thematic,Nifty India Digital,Nifty 200|Nifty 500|Nifty India Digital|Nifty LargeMidcap 250|Nifty MidSmallcap 400|Nifty Midcap 100|Nifty Midcap 150|Nifty Midcap 50|Nifty Mobility|Nifty Non-Cyclical Consumer|Nifty Total Market|Nifty Transportation & Logistics,thematic|broad
TATACOMM,Tata Communications Ltd.,Telecommunication,EQ,INE151A01013,3,thematic,Nifty India Digital,Nifty 200|Nifty 500|Nifty India Digital|Nifty LargeMidcap 250|Nifty MidSmallcap 400|Nifty Midcap 100|Nifty Midcap 150|Nifty Non-Cyclical Consumer|Nifty Rural|Nifty Total Market,thematic|broad
TATACONSUM,Tata Consumer Products Ltd.,Fast Moving Consumer Goods,EQ,INE192A01025,3,thematic,Nifty India Consumption,Nifty 100|Nifty 200|Nifty 50|Nifty 500|Nifty FMCG|Nifty India Consumption|Nifty LargeMidcap 250|Nifty Non-Cyclical Consumer|Nifty Rural|Nifty Total Market,thematic|sectoral|broad
TATAELXSI,Tata Elxsi Ltd.,Information Technology,EQ,INE670A01012,3,thematic,Nifty India Digital,Nifty 200|Nifty 500|Nifty India Digital|Nifty LargeMidcap 250|Nifty MidSmallcap 400|Nifty Midcap 100|Nifty Midcap 150|Nifty Total Market,thematic|broad
TATAPOWER,Tata Power Co. Ltd.,Power,EQ,INE245A01021,3,thematic,Nifty Commodities,Nifty 100|Nifty 200|Nifty 500|Nifty Commodities|Nifty Energy|Nifty Housing|Nifty India Consumption|Nifty Infrastructure|Nifty LargeMidcap 250|Nifty Next 50|Nifty Rural|Nifty Services Sector|Nifty Total Market,thematic|broad
TATASTEEL,Tata Steel Ltd.,Metals & Mining,EQ,INE081A01020,3,thematic,Nifty Commodities,Nifty 100|Nifty 200|Nifty 50|Nifty 500|Nifty Commodities|Nifty Housing|Nifty India Manufacturing|Nifty LargeMidcap 250|Nifty Metal|Nifty Total Market,thematic|sectoral|broad
TATATECH,Tata Technologies Ltd.,Information Technology,EQ,INE142M01025,3,thematic,Nifty India Digital,Nifty 500|Nifty India Digital|Nifty MidSmallcap 400|Nifty Smallcap 100|Nifty Smallcap 250|Nifty Smallcap 50|Nifty Total Market,thematic|broad
TBOTEK,TBO Tek Ltd.,Consumer Services,EQ,INE673O01025,3,thematic,Nifty India Digital,Nifty 500|Nifty India Digital|Nifty India Tourism|Nifty MidSmallcap 400|Nifty Smallcap 250|Nifty Total Market,thematic|broad
TCS,Tata Consultancy Services Ltd.,Information Technology,EQ,INE467B01029,3,thematic,Nifty India Digital,Nifty 100|Nifty 200|Nifty 50|Nifty 500|Nifty IT|Nifty India Digital|Nifty LargeMidcap 250|Nifty Services Sector|Nifty Total Market,thematic|sectoral|broad
TECHM,Tech Mahindra Ltd.,Information Technology,EQ,INE669C01036,3,thematic,Nifty India Digital,Nifty 100|Nifty 200|Nifty 50|Nifty 500|Nifty IT|Nifty India Digital|Nifty LargeMidcap 250|Nifty Services Sector|Nifty Total Market,thematic|sectoral|broad
TEJASNET,Tejas Networks Ltd.,Telecommunication,EQ,INE010J01012,3,thematic,Nifty India Digital,Nifty 500|Nifty India Digital|Nifty MidSmallcap 400|Nifty Smallcap 250|Nifty Total Market,thematic|broad
THELEELA,Leela Palaces Hotels & Resorts Ltd.,Consumer Services,EQ,INE0AQ201015,3,thematic,Nifty India Tourism,Nifty 500|Nifty India Tourism|Nifty MidSmallcap 400|Nifty Smallcap 250|Nifty Total Market,thematic|broad
THERMAX,Thermax Ltd.,Capital Goods,EQ,INE152A01029,3,thematic,Nifty Energy,Nifty 500|Nifty Energy|Nifty LargeMidcap 250|Nifty MidSmallcap 400|Nifty Midcap 150|Nifty Total Market,thematic|broad
TIINDIA,Tube Investments of India Ltd.,Automobile and Auto Components,EQ,INE974X01010,3,thematic,Nifty India Manufacturing,Nifty 200|Nifty 500|Nifty Auto|Nifty India Manufacturing|Nifty LargeMidcap 250|Nifty MidSmallcap 400|Nifty Midcap 100|Nifty Midcap 150|Nifty Midcap 50|Nifty Mobility|Nifty Total Market|Nifty Transportation & Logistics,thematic|sectoral|broad
TIMKEN,Timken India Ltd.,Capital Goods,EQ,INE325A01013,3,thematic,Nifty MNC,Nifty 500|Nifty MNC|Nifty MidSmallcap 400|Nifty Smallcap 250|Nifty Total Market,thematic|broad
TITAN,Titan Company Ltd.,Consumer Durables,EQ,INE280A01028,3,thematic,Nifty India Consumption,Nifty 100|Nifty 200|Nifty 50|Nifty 500|Nifty Consumer Durables|Nifty India Consumption|Nifty LargeMidcap 250|Nifty Non-Cyclical Consumer|Nifty Total Market,thematic|sectoral|broad
TMCV,Tata Motors Ltd.,Capital Goods,EQ,INE1TAE01010,3,thematic,Nifty India Manufacturing,Nifty 100|Nifty 200|Nifty 500|Nifty India Manufacturing|Nifty LargeMidcap 250|Nifty Mobility|Nifty Next 50|Nifty Rural|Nifty Total Market|Nifty Transportation & Logistics,thematic|broad
TMPV,Tata Motors Passenger Vehicles Ltd.,Automobile and Auto Components,EQ,INE155A01022,3,thematic,Nifty India Manufacturing,Nifty 100|Nifty 200|Nifty 50|Nifty 500|Nifty Auto|Nifty India Manufacturing|Nifty LargeMidcap 250|Nifty Mobility|Nifty Rural|Nifty Total Market|Nifty Transportation & Logistics,thematic|sectoral|broad
TORNTPHARM,Torrent Pharmaceuticals Ltd.,Healthcare,EQ,INE685A01028,3,thematic,Nifty India Manufacturing,Nifty 100|Nifty 200|Nifty 500|Nifty Healthcare|Nifty India Manufacturing|Nifty LargeMidcap 250|Nifty Next 50|Nifty Pharma|Nifty Total Market,thematic|sectoral|broad
TORNTPOWER,Torrent Power Ltd.,Power,EQ,INE813H01021,3,thematic,Nifty Commodities,Nifty 500|Nifty Commodities|Nifty Energy|Nifty Housing|Nifty LargeMidcap 250|Nifty MidSmallcap 400|Nifty Midcap 150|Nifty Rural|Nifty Total Market,thematic|broad
TRAVELFOOD,Travel Food Services Ltd.,Consumer Services,EQ,INE103V01028,3,thematic,Nifty India Tourism,Nifty 500|Nifty India Tourism|Nifty MidSmallcap 400|Nifty Smallcap 250|Nifty Total Market,thematic|broad
TRENT,Trent Ltd.,Consumer Services,EQ,INE849A01020,3,thematic,Nifty India Consumption,Nifty 100|Nifty 200|Nifty 50|Nifty 500|Nifty India Consumption|Nifty LargeMidcap 250|Nifty Non-Cyclical Consumer|Nifty Total Market,thematic|broad
TTML,Tata Teleservices (Maharashtra) Ltd.,Telecommunication,EQ,INE517B01013,3,thematic,Nifty India Digital,Nifty 500|Nifty India Digital|Nifty MidSmallcap 400|Nifty Smallcap 250|Nifty Total Market,thematic|broad
TVSMOTOR,TVS Motor Company Ltd.,Automobile and Auto Components,EQ,INE494B01023,3,thematic,Nifty India Consumption,Nifty 100|Nifty 200|Nifty 500|Nifty Auto|Nifty India Consumption|Nifty India Manufacturing|Nifty LargeMidcap 250|Nifty Mobility|Nifty Next 50|Nifty Rural|Nifty Total Market|Nifty Transportation & Logistics,thematic|sectoral|broad
UBL,United Breweries Ltd.,Fast Moving Consumer Goods,EQ,INE686F01025,3,thematic,Nifty MNC,Nifty 500|Nifty FMCG|Nifty LargeMidcap 250|Nifty MNC|Nifty MidSmallcap 400|Nifty Midcap 150|Nifty Total Market,thematic|sectoral|broad
ULTRACEMCO,UltraTech Cement Ltd.,Construction Materials,EQ,INE481G01011,3,thematic,Nifty Commodities,Nifty 100|Nifty 200|Nifty 50|Nifty 500|Nifty Commodities|Nifty Housing|Nifty Infrastructure|Nifty LargeMidcap 250|Nifty Rural|Nifty Total Market,thematic|broad
UNITDSPR,United Spirits Ltd.,Fast Moving Consumer Goods,EQ,INE854D01024,3,thematic,Nifty India Consumption,Nifty 100|Nifty 200|Nifty 500|Nifty FMCG|Nifty India Consumption|Nifty LargeMidcap 250|Nifty MNC|Nifty Next 50|Nifty Non-Cyclical Consumer|Nifty Total Market,thematic|sectoral|broad
UNOMINDA,UNO Minda Ltd.,Automobile and Auto Components,EQ,INE405E01023,3,thematic,Nifty India Manufacturing,Nifty 500|Nifty Auto|Nifty India Manufacturing|Nifty LargeMidcap 250|Nifty MidSmallcap 400|Nifty Midcap 150|Nifty Total Market|Nifty Transportation & Logistics,thematic|sectoral|broad
UPL,UPL Ltd.,Chemicals,EQ,INE628A01036,3,thematic,Nifty Commodities,Nifty 200|Nifty 500|Nifty Chemicals|Nifty Commodities|Nifty India Manufacturing|Nifty LargeMidcap 250|Nifty MidSmallcap 400|Nifty Midcap 100|Nifty Midcap 150|Nifty Midcap 50|Nifty Rural|Nifty Total Market,thematic|sectoral|broad
URBANCO,Urban Company Ltd.,Consumer Services,EQ,INE0CAZ01013,3,thematic,Nifty India Digital,Nifty 500|Nifty India Digital|Nifty MidSmallcap 400|Nifty Smallcap 100|Nifty Smallcap 250|Nifty Total Market,thematic|broad
UTIAMC,UTI Asset Management Company Ltd.,Financial Services,EQ,INE094J01016,3,thematic,Nifty Capital Markets,Nifty 500|Nifty Capital Markets|Nifty MidSmallcap 400|Nifty Smallcap 250|Nifty Total Market,thematic|broad
VBL,Varun Beverages Ltd.,Fast Moving Consumer Goods,EQ,INE200M01039,3,thematic,Nifty India Consumption,Nifty 100|Nifty 200|Nifty 500|Nifty FMCG|Nifty India Consumption|Nifty LargeMidcap 250|Nifty Next 50|Nifty Non-Cyclical Consumer|Nifty Total Market,thematic|sectoral|broad
VEDL,Vedanta Ltd.,Metals & Mining,EQ,INE205A01025,3,thematic,Nifty Commodities,Nifty 100|Nifty 200|Nifty 500|Nifty Commodities|Nifty India Manufacturing|Nifty LargeMidcap 250|Nifty MNC|Nifty Metal|Nifty Next 50|Nifty Total Market,thematic|sectoral|broad
VMM,Vishal Mega Mart Ltd.,Consumer Services,EQ,INE01EA01019,3,thematic,Nifty Non-Cyclical Consumer,Nifty 200|Nifty 500|Nifty LargeMidcap 250|Nifty MidSmallcap 400|Nifty Midcap 100|Nifty Midcap 150|Nifty Non-Cyclical Consumer|Nifty Total Market,thematic|broad
VOLTAS,Voltas Ltd.,CONSUMER GOODS,EQ,INE226A01021,3,thematic,Nifty Housing,Nifty 200|Nifty 500|Nifty Consumer Durables|Nifty Housing|Nifty India Manufacturing|Nifty LargeMidcap 250|Nifty MidSmallcap 400|Nifty Midcap 100|Nifty Midcap 150|Nifty Non-Cyclical Consumer|Nifty Rural|Nifty Total Market,thematic|sectoral|broad
WHIRLPOOL,Whirlpool of India Ltd.,CONSUMER GOODS,EQ,INE716A01013,3,thematic,Nifty Housing,Nifty 500|Nifty Consumer Durables|Nifty Housing|Nifty MidSmallcap 400|Nifty Smallcap 100|Nifty Smallcap 250|Nifty Total Market,thematic|sectoral|broad
WIPRO,Wipro Ltd.,Information Technology,EQ,INE075A01022,3,thematic,Nifty India Digital,Nifty 100|Nifty 200|Nifty 50|Nifty 500|Nifty IT|Nifty India Digital|Nifty LargeMidcap 250|Nifty Services Sector|Nifty Total Market,thematic|sectoral|broad
YESBANK,Yes Bank Ltd.,FINANCIAL SERVICES,EQ,INE528G01035,3,thematic,Nifty Housing,Nifty 200|Nifty 500|Nifty Bank|Nifty Housing|Nifty LargeMidcap 250|Nifty MidSmallcap 400|Nifty Midcap 100|Nifty Midcap 150|Nifty Midcap 50|Nifty Private Bank|Nifty Total Market,thematic|sectoral|broad
ZENSARTECH,Zensar Technolgies Ltd.,Information Technology,EQ,INE520A01027,3,thematic,Nifty India Digital,Nifty 500|Nifty India Digital|Nifty MidSmallcap 400|Nifty Smallcap 100|Nifty Smallcap 250|Nifty Total Market,thematic|broad
ZENTEC,Zen Technologies Ltd.,Capital Goods,EQ,INE251B01027,3,thematic,Nifty India Defence,Nifty 500|Nifty India Defence|Nifty MidSmallcap 400|Nifty Smallcap 250|Nifty Total Market,thematic|broad
ZYDUSLIFE,Zydus Lifesciences Ltd.,Healthcare,EQ,INE010B01027,3,thematic,Nifty India Manufacturing,Nifty 100|Nifty 200|Nifty 500|Nifty Healthcare|Nifty India Manufacturing|Nifty LargeMidcap 250|Nifty Next 50|Nifty Pharma|Nifty Total Market,thematic|sectoral|broad
AARTIIND,Aarti Industries Ltd.,Chemicals,EQ,INE769A01020,2,sectoral,Nifty Chemicals,Nifty 500|Nifty Chemicals|Nifty MidSmallcap 400|Nifty Smallcap 100|Nifty Smallcap 250|Nifty Total Market,sectoral|broad
ABCAPITAL,Aditya Birla Capital Ltd.,Financial Services,EQ,INE674K01013,2,sectoral,Nifty Financial Services Ex-Bank,Nifty 200|Nifty 500|Nifty Financial Services Ex-Bank|Nifty LargeMidcap 250|Nifty MidSmallcap 400|Nifty Midcap 100|Nifty Midcap 150|Nifty Total Market,sectoral|broad
ABREL,Aditya Birla Real Estate Ltd.,Realty,EQ,INE055A01016,2,sectoral,Nifty Realty,Nifty 500|Nifty MidSmallcap 400|Nifty Realty|Nifty Smallcap 100|Nifty Smallcap 250|Nifty Total Market,sectoral|broad
ADANIENT,Adani Enterprises Ltd.,Metals & Mining,EQ,INE423A01024,2,sectoral,Nifty Metal,Nifty 100|Nifty 200|Nifty 50|Nifty 500|Nifty LargeMidcap 250|Nifty Metal|Nifty Total Market,sectoral|broad
AEGISVOPAK,Aegis Vopak Terminals Ltd.,Oil Gas & Consumable Fuels,EQ,INE0INX01018,2,sectoral,Nifty Oil & Gas,Nifty 500|Nifty MidSmallcap 400|Nifty Oil & Gas|Nifty Smallcap 250|Nifty Total Market,sectoral|broad
AJANTPHARM,Ajanta Pharmaceuticals Ltd.,Healthcare,EQ,INE031B01049,2,sectoral,Nifty Pharma,Nifty 500|Nifty LargeMidcap 250|Nifty MidSmallcap 400|Nifty Midcap 150|Nifty Pharma|Nifty Total Market,sectoral|broad
AMBER,Amber Enterprises India Ltd.,Consumer Durables,EQ,INE371P01015,2,sectoral,Nifty Consumer Durables,Nifty 500|Nifty Consumer Durables|Nifty MidSmallcap 400|Nifty Smallcap 100|Nifty Smallcap 250|Nifty Smallcap 50|Nifty Total Market,sectoral|broad
ANANTRAJ,Anant Raj Ltd.,Realty,EQ,INE242C01024,2,sectoral,Nifty Realty,Nifty 500|Nifty MidSmallcap 400|Nifty Realty|Nifty Smallcap 100|Nifty Smallcap 250|Nifty Total Market,sectoral|broad
ATUL,Atul Ltd.,Chemicals,EQ,INE100A01010,2,sectoral,Nifty Chemicals,Nifty 500|Nifty Chemicals|Nifty MidSmallcap 400|Nifty Smallcap 250|Nifty Total Market,sectoral|broad
AUBANK,AU Small Finance Bank Ltd.,Financial Services,EQ,INE949L01017,2,sectoral,Nifty Bank,Nifty 200|Nifty 500|Nifty Bank|Nifty LargeMidcap 250|Nifty MidSmallcap 400|Nifty Midcap 100|Nifty Midcap 150|Nifty Midcap 50|Nifty Total Market,sectoral|broad
BAJAJHLDNG,Bajaj Holdings & Investment Ltd.,Financial Services,EQ,INE118A01012,2,sectoral,Nifty Financial Services Ex-Bank,Nifty 100|Nifty 200|Nifty 500|Nifty Financial Services Ex-Bank|Nifty LargeMidcap 250|Nifty Next 50|Nifty Total Market,sectoral|broad
BATAINDIA,Bata India Ltd.,Consumer Durables,EQ,INE176A01028,2,sectoral,Nifty Consumer Durables,Nifty 500|Nifty Consumer Durables|Nifty MidSmallcap 400|Nifty Smallcap 250|Nifty Total Market,sectoral|broad
BAYERCROP,Bayer Cropscience Ltd.,Chemicals,EQ,INE462A01022,2,sectoral,Nifty Chemicals,Nifty 500|Nifty Chemicals|Nifty MidSmallcap 400|Nifty Smallcap 250|Nifty Total Market,sectoral|broad
BIOCON,Biocon Ltd.,Healthcare,EQ,INE376G01013,2,sectoral,Nifty Healthcare,Nifty 200|Nifty 500|Nifty Healthcare|Nifty LargeMidcap 250|Nifty MidSmallcap 400|Nifty Midcap 100|Nifty Midcap 150|Nifty Pharma|Nifty Total Market,sectoral|broad
BRIGADE,Brigade Enterprises Ltd.,Realty,EQ,INE791I01019,2,sectoral,Nifty Realty,Nifty 500|Nifty MidSmallcap 400|Nifty Realty|Nifty Smallcap 100|Nifty Smallcap 250|Nifty Total Market,sectoral|broad
CANBK,Canara Bank,Financial Services,EQ,INE476A01022,2,sectoral,Nifty Bank,Nifty 100|Nifty 200|Nifty 500|Nifty Bank|Nifty LargeMidcap 250|Nifty Next 50|Nifty PSU Bank|Nifty Total Market,sectoral|broad
CENTRALBK,Central Bank of India,Financial Services,EQ,INE483A01010,2,sectoral,Nifty PSU Bank,Nifty 500|Nifty MidSmallcap 400|Nifty PSU Bank|Nifty Smallcap 250|Nifty Total Market,sectoral|broad
CHAMBLFERT,Chambal Fertilizers & Chemicals Ltd.,Chemicals,EQ,INE085A01013,2,sectoral,Nifty Chemicals,Nifty 500|Nifty Chemicals|Nifty MidSmallcap 400|Nifty Smallcap 100|Nifty Smallcap 250|Nifty Total Market,sectoral|broad
CHENNPETRO,Chennai Petroleum Corporation Ltd.,Oil Gas & Consumable Fuels,EQ,INE178A01016,2,sectoral,Nifty Oil & Gas,Nifty 500|Nifty MidSmallcap 400|Nifty Oil & Gas|Nifty Smallcap 250|Nifty Total Market,sectoral|broad
DBCORP,D.B.Corp Ltd.,Media Entertainment & Publication,EQ,INE950I01011,2,sectoral,Nifty Media,Nifty Media,sectoral
DEEPAKNTR,Deepak Nitrite Ltd.,Chemicals,EQ,INE288B01029,2,sectoral,Nifty Chemicals,Nifty 500|Nifty Chemicals|Nifty MidSmallcap 400|Nifty Smallcap 250|Nifty Total Market,sectoral|broad
EIDPARRY,E.I.D. Parry (India) Ltd.,Chemicals,EQ,INE126A01031,2,sectoral,Nifty Chemicals,Nifty 500|Nifty Chemicals|Nifty MidSmallcap 400|Nifty Smallcap 250|Nifty Total Market,sectoral|broad
EMAMILTD,Emami Ltd.,Fast Moving Consumer Goods,EQ,INE548C01032,2,sectoral,Nifty FMCG,Nifty 500|Nifty FMCG|Nifty MidSmallcap 400|Nifty Smallcap 250|Nifty Total Market,sectoral|broad
FLUOROCHEM,Gujarat Fluorochemicals Ltd.,Chemicals,EQ,INE09N301011,2,sectoral,Nifty Chemicals,Nifty 500|Nifty Chemicals|Nifty LargeMidcap 250|Nifty MidSmallcap 400|Nifty Midcap 150|Nifty Total Market,sectoral|broad
GLENMARK,Glenmark Pharmaceuticals Ltd.,Healthcare,EQ,INE935A01035,2,sectoral,Nifty Healthcare,Nifty 200|Nifty 500|Nifty Healthcare|Nifty LargeMidcap 250|Nifty MidSmallcap 400|Nifty Midcap 100|Nifty Midcap 150|Nifty Pharma|Nifty Total Market,sectoral|broad
GNFC,Gujarat Narmada Valley Fertilizers and Chemicals Ltd.,Chemicals,EQ,INE113A01013,2,sectoral,Nifty Chemicals,Nifty Chemicals|Nifty Microcap 250|Nifty Total Market,sectoral|broad
HATHWAY,Hathway Cable & Datacom Ltd.,Media Entertainment & Publication,EQ,INE982F01036,2,sectoral,Nifty Media,Nifty Media,sectoral
ICICIGI,ICICI Lombard General Insurance Company Ltd.,Financial Services,EQ,INE765G01017,2,sectoral,Nifty Financial Services,Nifty 200|Nifty 500|Nifty Financial Services|Nifty Financial Services Ex-Bank|Nifty LargeMidcap 250|Nifty MidSmallcap 400|Nifty Midcap 100|Nifty Midcap 150|Nifty Midcap 50|Nifty Total Market,sectoral|broad
IOB,Indian Overseas Bank,Financial Services,EQ,INE565A01014,2,sectoral,Nifty PSU Bank,Nifty 500|Nifty MidSmallcap 400|Nifty PSU Bank|Nifty Smallcap 250|Nifty Total Market,sectoral|broad
IPCALAB,Ipca Laboratories Ltd.,Healthcare,EQ,INE571A01038,2,sectoral,Nifty Healthcare,Nifty 500|Nifty Healthcare|Nifty LargeMidcap 250|Nifty MidSmallcap 400|Nifty Midcap 150|Nifty Pharma|Nifty Total Market,sectoral|broad
JSL,Jindal Stainless Ltd.,Metals & Mining,EQ,INE220G01021,2,sectoral,Nifty Metal,Nifty 500|Nifty LargeMidcap 250|Nifty Metal|Nifty MidSmallcap 400|Nifty Midcap 150|Nifty Total Market,sectoral|broad
KALYANKJIL,Kalyan Jewellers India Ltd.,Consumer Durables,EQ,INE303R01014,2,sectoral,Nifty Consumer Durables,Nifty 200|Nifty 500|Nifty Consumer Durables|Nifty LargeMidcap 250|Nifty MidSmallcap 400|Nifty Midcap 100|Nifty Midcap 150|Nifty Total Market,sectoral|broad
LGEINDIA,LG Electronics India Ltd.,Consumer Durables,EQ,INE324D01010,2,sectoral,Nifty Consumer Durables,Nifty 200|Nifty 500|Nifty Consumer Durables|Nifty LargeMidcap 250|Nifty MidSmallcap 400|Nifty Midcap 100|Nifty Midcap 150|Nifty Total Market,sectoral|broad
LLOYDSME,Lloyds Metals And Energy Ltd.,Metals & Mining,EQ,INE281B01032,2,sectoral,Nifty Metal,Nifty 500|Nifty LargeMidcap 250|Nifty Metal|Nifty MidSmallcap 400|Nifty Midcap 150|Nifty Total Market,sectoral|broad
LODHA,Lodha Developers Ltd.,Realty,EQ,INE670K01029,2,sectoral,Nifty Realty,Nifty 100|Nifty 200|Nifty 500|Nifty LargeMidcap 250|Nifty Next 50|Nifty Realty|Nifty Total Market,sectoral|broad
MAHABANK,Bank of Maharashtra,Financial Services,EQ,INE457A01014,2,sectoral,Nifty PSU Bank,Nifty 500|Nifty LargeMidcap 250|Nifty MidSmallcap 400|Nifty Midcap 150|Nifty PSU Bank|Nifty Total Market,sectoral|broad
MANKIND,Mankind Pharma Ltd.,Healthcare,EQ,INE634S01028,2,sectoral,Nifty Healthcare,Nifty 200|Nifty 500|Nifty Healthcare|Nifty LargeMidcap 250|Nifty MidSmallcap 400|Nifty Midcap 100|Nifty Midcap 150|Nifty Midcap 50|Nifty Pharma|Nifty Total Market,sectoral|broad
NATIONALUM,National Aluminium Co. Ltd.,Metals & Mining,EQ,INE139A01034,2,sectoral,Nifty Metal,Nifty 200|Nifty 500|Nifty LargeMidcap 250|Nifty Metal|Nifty MidSmallcap 400|Nifty Midcap 100|Nifty Midcap 150|Nifty Total Market,sectoral|broad
NAZARA,Nazara Technologies Ltd.,Media Entertainment & Publication,EQ,INE418L01047,2,sectoral,Nifty Media,Nifty Media|Nifty Microcap 250|Nifty Total Market,sectoral|broad
NETWORK18,Network18 Media & Investments Ltd.,Media Entertainment & Publication,EQ,INE870H01013,2,sectoral,Nifty Media,Nifty Media|Nifty Microcap 250|Nifty Total Market,sectoral|broad
PCBL,PCBL Chemical Ltd.,Chemicals,EQ,INE602A01031,2,sectoral,Nifty Chemicals,Nifty 500|Nifty Chemicals|Nifty MidSmallcap 400|Nifty Smallcap 250|Nifty Total Market,sectoral|broad
PFOCUS,Prime Focus Ltd.,Media Entertainment & Publication,EQ,INE367G01038,2,sectoral,Nifty Media,Nifty 500|Nifty Media|Nifty MidSmallcap 400|Nifty Smallcap 250|Nifty Total Market,sectoral|broad
PGEL,PG Electroplast Ltd.,Consumer Durables,EQ,INE457L01029,2,sectoral,Nifty Consumer Durables,Nifty 500|Nifty Consumer Durables|Nifty MidSmallcap 400|Nifty Smallcap 100|Nifty Smallcap 250|Nifty Smallcap 50|Nifty Total Market,sectoral|broad
PHOENIXLTD,Phoenix Mills Ltd.,Realty,EQ,INE211B01039,2,sectoral,Nifty Realty,Nifty 200|Nifty 500|Nifty LargeMidcap 250|Nifty MidSmallcap 400|Nifty Midcap 100|Nifty Midcap 150|Nifty Midcap 50|Nifty Realty|Nifty Total Market,sectoral|broad
PPLPHARMA,Piramal Pharma Ltd.,Healthcare,EQ,INE0DK501011,2,sectoral,Nifty Healthcare,Nifty 500|Nifty Healthcare|Nifty MidSmallcap 400|Nifty Pharma|Nifty Smallcap 100|Nifty Smallcap 250|Nifty Smallcap 50|Nifty Total Market,sectoral|broad
PRESTIGE,Prestige Estates Projects Ltd.,Realty,EQ,INE811K01011,2,sectoral,Nifty Realty,Nifty 200|Nifty 500|Nifty LargeMidcap 250|Nifty MidSmallcap 400|Nifty Midcap 100|Nifty Midcap 150|Nifty Midcap 50|Nifty Realty|Nifty Total Market,sectoral|broad
PSB,Punjab & Sind Bank,Financial Services,EQ,INE608A01012,2,sectoral,Nifty PSU Bank,Nifty PSU Bank,sectoral
PVRINOX,PVR INOX Ltd.,Media Entertainment & Publication,EQ,INE191H01014,2,sectoral,Nifty Media,Nifty 500|Nifty Media|Nifty MidSmallcap 400|Nifty Smallcap 250|Nifty Total Market,sectoral|broad
RADICO,Radico Khaitan Ltd,Fast Moving Consumer Goods,EQ,INE944F01028,2,sectoral,Nifty FMCG,Nifty 200|Nifty 500|Nifty FMCG|Nifty LargeMidcap 250|Nifty MidSmallcap 400|Nifty Midcap 100|Nifty Midcap 150|Nifty Total Market,sectoral|broad
SAILIFE,Sai Life Sciences Ltd.,Healthcare,EQ,INE570L01029,2,sectoral,Nifty Pharma,Nifty 500|Nifty MidSmallcap 400|Nifty Pharma|Nifty Smallcap 100|Nifty Smallcap 250|Nifty Smallcap 50|Nifty Total Market,sectoral|broad
SAREGAMA,Saregama India Ltd,Media Entertainment & Publication,EQ,INE979A01025,2,sectoral,Nifty Media,Nifty 500|Nifty Media|Nifty MidSmallcap 400|Nifty Smallcap 250|Nifty Total Market,sectoral|broad
SOBHA,Sobha Ltd.,Realty,EQ,INE671H01015,2,sectoral,Nifty Realty,Nifty 500|Nifty MidSmallcap 400|Nifty Realty|Nifty Smallcap 250|Nifty Total Market,sectoral|broad
SUMICHEM,Sumitomo Chemical India Ltd.,Chemicals,EQ,INE258G01013,2,sectoral,Nifty Chemicals,Nifty 500|Nifty Chemicals|Nifty MidSmallcap 400|Nifty Smallcap 250|Nifty Total Market,sectoral|broad
SUNTV,Sun TV Network Ltd.,Media Entertainment & Publication,EQ,INE424H01027,2,sectoral,Nifty Media,Nifty 500|Nifty Media|Nifty MidSmallcap 400|Nifty Smallcap 250|Nifty Total Market,sectoral|broad
SYNGENE,Syngene International Ltd.,Healthcare,EQ,INE398R01022,2,sectoral,Nifty Healthcare,Nifty 500|Nifty Healthcare|Nifty MidSmallcap 400|Nifty Smallcap 100|Nifty Smallcap 250|Nifty Smallcap 50|Nifty Total Market,sectoral|broad
TATACHEM,Tata Chemicals Ltd.,Chemicals,EQ,INE092A01019,2,sectoral,Nifty Chemicals,Nifty 500|Nifty Chemicals|Nifty MidSmallcap 400|Nifty Smallcap 100|Nifty Smallcap 250|Nifty Smallcap 50|Nifty Total Market,sectoral|broad
TIPSMUSIC,Tips Music Ltd.,Media Entertainment & Publication,EQ,INE716B01029,2,sectoral,Nifty Media,Nifty Media|Nifty Microcap 250|Nifty Total Market,sectoral|broad
UCOBANK,UCO Bank,Financial Services,EQ,INE691A01018,2,sectoral,Nifty PSU Bank,Nifty 500|Nifty MidSmallcap 400|Nifty PSU Bank|Nifty Smallcap 250|Nifty Total Market,sectoral|broad
UNIONBANK,Union Bank of India,Financial Services,EQ,INE692A01016,2,sectoral,Nifty Bank,Nifty 100|Nifty 200|Nifty 500|Nifty Bank|Nifty LargeMidcap 250|Nifty Next 50|Nifty PSU Bank|Nifty Total Market,sectoral|broad
WELCORP,Welspun Corp Ltd.,Capital Goods,EQ,INE191B01025,2,sectoral,Nifty Metal,Nifty 500|Nifty Metal|Nifty MidSmallcap 400|Nifty Smallcap 100|Nifty Smallcap 250|Nifty Smallcap 50|Nifty Total Market,sectoral|broad
WOCKPHARMA,Wockhardt Ltd.,Healthcare,EQ,INE049B01025,2,sectoral,Nifty Pharma,Nifty 500|Nifty MidSmallcap 400|Nifty Pharma|Nifty Smallcap 100|Nifty Smallcap 250|Nifty Smallcap 50|Nifty Total Market,sectoral|broad
ZEEL,Zee Entertainment Enterprises Ltd.,Media Entertainment & Publication,EQ,INE256A01028,2,sectoral,Nifty Media,Nifty 500|Nifty Media|Nifty MidSmallcap 400|Nifty Smallcap 250|Nifty Total Market,sectoral|broad
AADHARHFC,Aadhar Housing Finance Ltd.,Financial Services,EQ,INE883F01010,1,broad,Nifty 500,Nifty 500|Nifty MidSmallcap 400|Nifty Smallcap 250|Nifty Total Market,broad
AARTIDRUGS,Aarti Drugs Ltd.,Healthcare,EQ,INE767A01016,1,broad,Nifty Microcap 250,Nifty Microcap 250|Nifty Total Market,broad
AARTIPHARM,Aarti Pharmalabs Ltd.,Healthcare,EQ,INE0LRU01027,1,broad,Nifty Microcap 250,Nifty Microcap 250|Nifty Total Market,broad
AAVAS,Aavas Financiers Ltd.,Financial Services,EQ,INE216P01012,1,broad,Nifty 500,Nifty 500|Nifty MidSmallcap 400|Nifty Smallcap 250|Nifty Total Market,broad
ABDL,Allied Blenders and Distillers Ltd.,Fast Moving Consumer Goods,EQ,INE552Z01027,1,broad,Nifty 500,Nifty 500|Nifty MidSmallcap 400|Nifty Smallcap 250|Nifty Total Market,broad
ABFRL,Aditya Birla Fashion and Retail Ltd.,Consumer Services,EQ,INE647O01011,1,broad,Nifty 500,Nifty 500|Nifty MidSmallcap 400|Nifty Smallcap 250|Nifty Total Market,broad
ABLBL,Aditya Birla Lifestyle Brands Ltd.,Consumer Services,EQ,INE14LE01019,1,broad,Nifty 500,Nifty 500|Nifty MidSmallcap 400|Nifty Smallcap 250|Nifty Total Market,broad
ACE,Action Construction Equipment Ltd.,Capital Goods,EQ,INE731H01025,1,broad,Nifty 500,Nifty 500|Nifty MidSmallcap 400|Nifty Smallcap 250|Nifty Total Market,broad
ACI,Archean Chemical Industries Ltd.,Chemicals,EQ,INE128X01021,1,broad,Nifty Microcap 250,Nifty Microcap 250|Nifty Total Market,broad
ACMESOLAR,ACME Solar Holdings Ltd.,Power,EQ,INE622W01025,1,broad,Nifty 500,Nifty 500|Nifty MidSmallcap 400|Nifty Smallcap 250|Nifty Total Market,broad
ACUTAAS,Acutaas Chemicals Ltd.,Healthcare,EQ,INE00FF01025,1,broad,Nifty 500,Nifty 500|Nifty MidSmallcap 400|Nifty Smallcap 250|Nifty Total Market,broad
ADVENZYMES,Advanced Enzyme Tech Ltd.,Healthcare,EQ,INE837H01020,1,broad,Nifty Microcap 250,Nifty Microcap 250|Nifty Total Market,broad
AETHER,Aether Industries Ltd.,Chemicals,EQ,INE0BWX01014,1,broad,Nifty Microcap 250,Nifty Microcap 250|Nifty Total Market,broad
AFCONS,Afcons Infrastructure Ltd.,Construction,EQ,INE101I01011,1,broad,Nifty 500,Nifty 500|Nifty MidSmallcap 400|Nifty Smallcap 100|Nifty Smallcap 250|Nifty Total Market,broad
AGARWALEYE,Dr. Agarwal's Health Care Ltd.,Healthcare,EQ,INE943P01029,1,broad,Nifty Microcap 250,Nifty Microcap 250|Nifty Total Market,broad
AHLUCONT,Ahluwalia Contracts (India) Ltd.,Construction,EQ,INE758C01029,1,broad,Nifty Microcap 250,Nifty Microcap 250|Nifty Total Market,broad
AIIL,Authum Investment & Infrastructure Ltd.,Financial Services,EQ,INE206F01022,1,broad,Nifty 500,Nifty 500|Nifty LargeMidcap 250|Nifty MidSmallcap 400|Nifty Midcap 150|Nifty Total Market,broad
AKUMS,Akums Drugs and Pharmaceuticals Ltd.,Healthcare,EQ,INE09XN01023,1,broad,Nifty Microcap 250,Nifty Microcap 250|Nifty Total Market,broad
ALIVUS,Alivus Life Sciences Ltd.,Healthcare,EQ,INE03Q201024,1,broad,Nifty Microcap 250,Nifty Microcap 250|Nifty Total Market,broad
ALKYLAMINE,Alkyl Amines Chemicals Ltd.,Chemicals,EQ,INE150B01039,1,broad,Nifty Microcap 250,Nifty Microcap 250|Nifty Total Market,broad
ALOKINDS,Alok Industries Ltd.,Textiles,EQ,INE270A01029,1,broad,Nifty Microcap 250,Nifty Microcap 250|Nifty Total Market,broad
ANUP,The Anup Engineering Ltd.,Capital Goods,EQ,INE294Z01018,1,broad,Nifty Microcap 250,Nifty Microcap 250|Nifty Total Market,broad
ANURAS,Anupam Rasayan India Ltd.,Chemicals,EQ,INE930P01018,1,broad,Nifty 500,Nifty 500|Nifty MidSmallcap 400|Nifty Smallcap 250|Nifty Total Market,broad
APARINDS,Apar Industries Ltd.,Capital Goods,EQ,INE372A01015,1,broad,Nifty 500,Nifty 500|Nifty LargeMidcap 250|Nifty MidSmallcap 400|Nifty Midcap 150|Nifty Total Market,broad
APLLTD,Alembic Pharmaceuticals Ltd.,Healthcare,EQ,INE901L01018,1,broad,Nifty Microcap 250,Nifty Microcap 250|Nifty Total Market,broad
APTUS,Aptus Value Housing Finance India Ltd.,Financial Services,EQ,INE852O01025,1,broad,Nifty 500,Nifty 500|Nifty MidSmallcap 400|Nifty Smallcap 100|Nifty Smallcap 250|Nifty Total Market,broad
ARE&M,Amara Raja Energy & Mobility Ltd.,Automobile and Auto Components,EQ,INE885A01032,1,broad,Nifty 500,Nifty 500|Nifty MidSmallcap 400|Nifty Smallcap 100|Nifty Smallcap 250|Nifty Smallcap 50|Nifty Total Market,broad
ARVIND,Arvind Ltd.,Textiles,EQ,INE034A01011,1,broad,Nifty Microcap 250,Nifty Microcap 250|Nifty Total Market,broad
ARVINDFASN,Arvind Fashions Ltd.,Consumer Services,EQ,INE955V01021,1,broad,Nifty Microcap 250,Nifty Microcap 250|Nifty Total Market,broad
ASAHIINDIA,Asahi India Glass Ltd.,Automobile and Auto Components,EQ,INE439A01020,1,broad,Nifty 500,Nifty 500|Nifty MidSmallcap 400|Nifty Smallcap 250|Nifty Total Market,broad
ASHAPURMIN,Ashapura Minechem Ltd.,Metals & Mining,EQ,INE348A01023,1,broad,Nifty Microcap 250,Nifty Microcap 250|Nifty Total Market,broad
ASHOKA,Ashoka Buildcon Ltd.,Construction,EQ,INE442H01029,1,broad,Nifty Microcap 250,Nifty Microcap 250|Nifty Total Market,broad
ASKAUTOLTD,ASK Automotive Ltd.,Automobile and Auto Components,EQ,INE491J01022,1,broad,Nifty Microcap 250,Nifty Microcap 250|Nifty Total Market,broad
ASTERDM,Aster DM Quality Care Ltd.,Healthcare,EQ,INE914M01019,1,broad,Nifty 500,Nifty 500|Nifty MidSmallcap 400|Nifty Smallcap 100|Nifty Smallcap 250|Nifty Smallcap 50|Nifty Total Market,broad
ATHERENERG,Ather Energy Ltd.,Automobile and Auto Components,EQ,INE0LEZ01016,1,broad,Nifty 500,Nifty 500|Nifty MidSmallcap 400|Nifty Smallcap 100|Nifty Smallcap 250|Nifty Total Market,broad
ATLANTAELE,Atlanta Electricals Ltd.,Capital Goods,EQ,INE0Z4F01028,1,broad,Nifty Microcap 250,Nifty Microcap 250|Nifty Total Market,broad
AURIONPRO,Aurionpro Solution Ltd.,Information Technology,EQ,INE132H01018,1,broad,Nifty Microcap 250,Nifty Microcap 250|Nifty Total Market,broad
AVALON,Avalon Technologies Ltd.,Capital Goods,EQ,INE0LCL01028,1,broad,Nifty Microcap 250,Nifty Microcap 250|Nifty Total Market,broad
AVANTIFEED,Avanti Feeds Ltd.,Fast Moving Consumer Goods,EQ,INE871C01038,1,broad,Nifty Microcap 250,Nifty Microcap 250|Nifty Total Market,broad
AVL,Aditya Vision Ltd.,Consumer Services,EQ,INE679V01027,1,broad,Nifty Microcap 250,Nifty Microcap 250|Nifty Total Market,broad
AWFIS,Awfis Space Solutions Ltd.,Services,EQ,INE108V01019,1,broad,Nifty Microcap 250,Nifty Microcap 250|Nifty Total Market,broad
AZAD,Azad Engineering Ltd.,Capital Goods,EQ,INE02IJ01035,1,broad,Nifty Microcap 250,Nifty Microcap 250|Nifty Total Market,broad
BAJAJELEC,Bajaj Electricals Ltd,Consumer Durables,EQ,INE193E01025,1,broad,Nifty Microcap 250,Nifty Microcap 250|Nifty Total Market,broad
BAJAJHFL,Bajaj Housing Finance Ltd.,Financial Services,EQ,INE377Y01014,1,broad,Nifty 500,Nifty 500|Nifty LargeMidcap 250|Nifty MidSmallcap 400|Nifty Midcap 150|Nifty Total Market,broad
BALAMINES,Balaji Amines Ltd.,Chemicals,EQ,INE050E01027,1,broad,Nifty Microcap 250,Nifty Microcap 250|Nifty Total Market,broad
BALRAMCHIN,Balrampur Chini Mills Ltd.,Fast Moving Consumer Goods,EQ,INE119A01028,1,broad,Nifty 500,Nifty 500|Nifty MidSmallcap 400|Nifty Smallcap 250|Nifty Total Market,broad
BALUFORGE,Balu Forge Industries Ltd.,Capital Goods,EQ,INE011E01029,1,broad,Nifty Microcap 250,Nifty Microcap 250|Nifty Total Market,broad
BANCOINDIA,Banco Products (India) Ltd.,Automobile and Auto Components,EQ,INE213C01025,1,broad,Nifty Microcap 250,Nifty Microcap 250|Nifty Total Market,broad
BBOX,Black Box Ltd.,Information Technology,EQ,INE676A01027,1,broad,Nifty Microcap 250,Nifty Microcap 250|Nifty Total Market,broad
BBTC,Bombay Burmah Trading Corporation Ltd.,Fast Moving Consumer Goods,EQ,INE050A01025,1,broad,Nifty 500,Nifty 500|Nifty MidSmallcap 400|Nifty Smallcap 250|Nifty Total Market,broad
BECTORFOOD,Mrs. Bectors Food Specialities Ltd.,Fast Moving Consumer Goods,EQ,INE495P01020,1,broad,Nifty Microcap 250,Nifty Microcap 250|Nifty Total Market,broad
BELRISE,Belrise Industries Ltd.,Automobile and Auto Components,EQ,INE894V01022,1,broad,Nifty 500,Nifty 500|Nifty MidSmallcap 400|Nifty Smallcap 250|Nifty Total Market,broad
BIKAJI,Bikaji Foods International Ltd.,Fast Moving Consumer Goods,EQ,INE00E101023,1,broad,Nifty 500,Nifty 500|Nifty MidSmallcap 400|Nifty Smallcap 250|Nifty Total Market,broad
BIRLACORPN,Birla Corporation Ltd.,Construction Materials,EQ,INE340A01012,1,broad,Nifty Microcap 250,Nifty Microcap 250|Nifty Total Market,broad
BLACKBUCK,Blackbuck Ltd.,Services,EQ,INE0UIZ01018,1,broad,Nifty Microcap 250,Nifty Microcap 250|Nifty Total Market,broad
BLUEDART,Blue Dart Express Ltd.,Services,EQ,INE233B01017,1,broad,Nifty 500,Nifty 500|Nifty MidSmallcap 400|Nifty Smallcap 250|Nifty Total Market,broad
BLUEJET,Blue Jet Healthcare Ltd.,Healthcare,EQ,INE0KBH01020,1,broad,Nifty 500,Nifty 500|Nifty MidSmallcap 400|Nifty Smallcap 250|Nifty Total Market,broad
BLUESTONE,BlueStone Jewellery and Lifestyle Ltd.,Consumer Durables,EQ,INE304W01038,1,broad,Nifty Microcap 250,Nifty Microcap 250|Nifty Total Market,broad
BORORENEW,Borosil Renewables Ltd.,Capital Goods,EQ,INE666D01022,1,broad,Nifty Microcap 250,Nifty Microcap 250|Nifty Total Market,broad
CAMPUS,Campus Activewear Ltd.,Consumer Durables,EQ,INE278Y01022,1,broad,Nifty Microcap 250,Nifty Microcap 250|Nifty Total Market,broad
CANFINHOME,Can Fin Homes Ltd.,Financial Services,EQ,INE477A01020,1,broad,Nifty 500,Nifty 500|Nifty MidSmallcap 400|Nifty Smallcap 250|Nifty Total Market,broad
CANHLIFE,Canara HSBC Life Insurance Company Ltd.,Financial Services,EQ,INE01TY01017,1,broad,Nifty 500,Nifty 500|Nifty MidSmallcap 400|Nifty Smallcap 250|Nifty Total Market,broad
CAPILLARY,Capillary Technologies India Ltd.,Information Technology,EQ,INE0ILV01024,1,broad,Nifty Microcap 250,Nifty Microcap 250|Nifty Total Market,broad
CAPLIPOINT,Caplin Point Laboratories Ltd.,Healthcare,EQ,INE475E01026,1,broad,Nifty 500,Nifty 500|Nifty MidSmallcap 400|Nifty Smallcap 250|Nifty Total Market,broad
CARBORUNIV,Carborundum Universal Ltd.,Capital Goods,EQ,INE120A01034,1,broad,Nifty 500,Nifty 500|Nifty MidSmallcap 400|Nifty Smallcap 250|Nifty Total Market,broad
CCAVENUE,AvenuesAI Ltd.,Financial Services,EQ,INE483S01020,1,broad,Nifty Microcap 250,Nifty Microcap 250|Nifty Total Market,broad
CCL,CCL Products (I) Ltd.,Fast Moving Consumer Goods,EQ,INE421D01022,1,broad,Nifty 500,Nifty 500|Nifty MidSmallcap 400|Nifty Smallcap 250|Nifty Total Market,broad
CEATLTD,Ceat Ltd.,Automobile and Auto Components,EQ,INE482A01020,1,broad,Nifty 500,Nifty 500|Nifty MidSmallcap 400|Nifty Smallcap 250|Nifty Total Market,broad
CELLO,Cello World Ltd.,Consumer Durables,EQ,INE0LMW01024,1,broad,Nifty Microcap 250,Nifty Microcap 250|Nifty Total Market,broad
CEMPRO,Cemindia Projects Ltd.,Construction,EQ,INE686A01026,1,broad,Nifty 500,Nifty 500|Nifty MidSmallcap 400|Nifty Smallcap 250|Nifty Total Market,broad
CENTURYPLY,Century Plyboards (India) Ltd.,Consumer Durables,EQ,INE348B01021,1,broad,Nifty Microcap 250,Nifty Microcap 250|Nifty Total Market,broad
CERA,Cera Sanitaryware Ltd,Consumer Durables,EQ,INE739E01017,1,broad,Nifty Microcap 250,Nifty Microcap 250|Nifty Total Market,broad
CGCL,Capri Global Capital Ltd.,Financial Services,EQ,INE180C01042,1,broad,Nifty 500,Nifty 500|Nifty MidSmallcap 400|Nifty Smallcap 100|Nifty Smallcap 250|Nifty Total Market,broad
CHOICEIN,Choice International Ltd.,Financial Services,EQ,INE102B01014,1,broad,Nifty 500,Nifty 500|Nifty MidSmallcap 400|Nifty Smallcap 250|Nifty Total Market,broad
CHOLAHLDNG,Cholamandalam Financial Holdings Ltd.,Financial Services,EQ,INE149A01033,1,broad,Nifty 500,Nifty 500|Nifty MidSmallcap 400|Nifty Smallcap 100|Nifty Smallcap 250|Nifty Smallcap 50|Nifty Total Market,broad
CIEINDIA,CIE Automotive India Ltd.,Automobile and Auto Components,EQ,INE536H01010,1,broad,Nifty 500,Nifty 500|Nifty MidSmallcap 400|Nifty Smallcap 250|Nifty Total Market,broad
CLEAN,Clean Science and Technology Ltd.,Chemicals,EQ,INE227W01023,1,broad,Nifty 500,Nifty 500|Nifty MidSmallcap 400|Nifty Smallcap 250|Nifty Total Market,broad
CMSINFO,CMS Info Systems Ltd.,Services,EQ,INE925R01014,1,broad,Nifty Microcap 250,Nifty Microcap 250|Nifty Total Market,broad
CONCORDBIO,Concord Biotech Ltd.,Healthcare,EQ,INE338H01029,1,broad,Nifty 500,Nifty 500|Nifty MidSmallcap 400|Nifty Smallcap 250|Nifty Total Market,broad
CORONA,CORONA Remedies Ltd.,Healthcare,EQ,INE02ZQ01018,1,broad,Nifty Microcap 250,Nifty Microcap 250|Nifty Total Market,broad
CPPLUS,Aditya Infotech Ltd.,Capital Goods,EQ,INE819V01029,1,broad,Nifty 500,Nifty 500|Nifty MidSmallcap 400|Nifty Smallcap 250|Nifty Total Market,broad
CRAFTSMAN,Craftsman Automation Ltd.,Automobile and Auto Components,EQ,INE00LO01017,1,broad,Nifty 500,Nifty 500|Nifty MidSmallcap 400|Nifty Smallcap 250|Nifty Total Market,broad
CRAMC,Canara Robeco Asset Management Company Ltd.,Financial Services,EQ,INE218I01013,1,broad,Nifty Microcap 250,Nifty Microcap 250|Nifty Total Market,broad
CREDITACC,CreditAccess Grameen Ltd.,Financial Services,EQ,INE741K01010,1,broad,Nifty 500,Nifty 500|Nifty MidSmallcap 400|Nifty Smallcap 100|Nifty Smallcap 250|Nifty Total Market,broad
CRIZAC,Crizac Ltd.,Consumer Services,EQ,INE0S4R01014,1,broad,Nifty Microcap 250,Nifty Microcap 250|Nifty Total Market,broad
CSBBANK,CSB Bank Ltd.,Financial Services,EQ,INE679A01013,1,broad,Nifty Microcap 250,Nifty Microcap 250|Nifty Total Market,broad
CUPID,Cupid Ltd.,Fast Moving Consumer Goods,EQ,INE509F01029,1,broad,Nifty Microcap 250,Nifty Microcap 250|Nifty Total Market,broad
DATAMATICS,Datamatics Global Services Ltd.,Information Technology,EQ,INE365B01017,1,broad,Nifty Microcap 250,Nifty Microcap 250|Nifty Total Market,broad
DBL,Dilip Buildcon Ltd.,Construction,EQ,INE917M01012,1,broad,Nifty Microcap 250,Nifty Microcap 250|Nifty Total Market,broad
DBREALTY,VALOR ESTATE Ltd.,Realty,EQ,INE879I01012,1,broad,Nifty Microcap 250,Nifty Microcap 250|Nifty Total Market,broad
DCBBANK,DCB Bank Ltd.,Financial Services,EQ,INE503A01015,1,broad,Nifty Microcap 250,Nifty Microcap 250|Nifty Total Market,broad
DCMSHRIRAM,DCM Shriram Ltd.,Diversified,EQ,INE499A01024,1,broad,Nifty 500,Nifty 500|Nifty MidSmallcap 400|Nifty Smallcap 250|Nifty Total Market,broad
DEEPAKFERT,Deepak Fertilisers & Petrochemicals Corp. Ltd.,Chemicals,EQ,INE501A01019,1,broad,Nifty 500,Nifty 500|Nifty MidSmallcap 400|Nifty Smallcap 100|Nifty Smallcap 250|Nifty Total Market,broad
DIACABS,Diamond Power Infrastructure Ltd.,Capital Goods,BE,INE989C01038,1,broad,Nifty Microcap 250,Nifty Microcap 250|Nifty Total Market,broad
DOMS,DOMS Industries Ltd.,Fast Moving Consumer Goods,EQ,INE321T01012,1,broad,Nifty 500,Nifty 500|Nifty MidSmallcap 400|Nifty Smallcap 250|Nifty Total Market,broad
DUMMYINGL1,Dummy India Glycols ltd. 1,Healthcare,EQ,DU1560A01023,1,broad,Nifty Microcap 250,Nifty Microcap 250|Nifty Total Market,broad
DUMMYINGL2,Dummy India Glycols ltd. 2,Fast Moving Consumer Goods,EQ,DU2560A01023,1,broad,Nifty Microcap 250,Nifty Microcap 250|Nifty Total Market,broad
DUMMYINXGN,Dummy Inox Green Ltd.,Construction,EQ,DUM510W01014,1,broad,Nifty Microcap 250,Nifty Microcap 250|Nifty Total Market,broad
DUMMYTRVN,Dummy Triveni Ltd.,Capital Goods,EQ,DUM256C01024,1,broad,Nifty Microcap 250,Nifty Microcap 250|Nifty Total Market,broad
ECLERX,eClerx Services Ltd.,Services,EQ,INE738I01010,1,broad,Nifty 500,Nifty 500|Nifty MidSmallcap 400|Nifty Smallcap 250|Nifty Total Market,broad
EDELWEISS,Edelweiss Financial Services Ltd.,Financial Services,EQ,INE532F01054,1,broad,Nifty Microcap 250,Nifty Microcap 250|Nifty Total Market,broad
EIEL,Enviro Infra Engineers Ltd.,Utilities,EQ,INE0LLY01014,1,broad,Nifty Microcap 250,Nifty Microcap 250|Nifty Total Market,broad
ELECON,Elecon Engineering Co. Ltd.,Capital Goods,EQ,INE205B01031,1,broad,Nifty 500,Nifty 500|Nifty MidSmallcap 400|Nifty Smallcap 250|Nifty Total Market,broad
ELECTCAST,Electrosteel Castings Ltd.,Capital Goods,EQ,INE086A01029,1,broad,Nifty Microcap 250,Nifty Microcap 250|Nifty Total Market,broad
ELGIEQUIP,Elgi Equipments Ltd.,Capital Goods,EQ,INE285A01027,1,broad,Nifty 500,Nifty 500|Nifty MidSmallcap 400|Nifty Smallcap 250|Nifty Total Market,broad
ELLEN,Ellenbarrie Industrial Gases Ltd.,Chemicals,EQ,INE236E01022,1,broad,Nifty Microcap 250,Nifty Microcap 250|Nifty Total Market,broad
EMBDL,Embassy Developments Ltd.,Realty,EQ,INE069I01010,1,broad,Nifty Microcap 250,Nifty Microcap 250|Nifty Total Market,broad
EMCURE,Emcure Pharmaceuticals Ltd.,Healthcare,EQ,INE168P01015,1,broad,Nifty 500,Nifty 500|Nifty MidSmallcap 400|Nifty Smallcap 250|Nifty Total Market,broad
EMIL,Electronics Mart India Ltd.,Consumer Services,EQ,INE02YR01019,1,broad,Nifty Microcap 250,Nifty Microcap 250|Nifty Total Market,broad
EMMVEE,Emmvee Photovoltaic Power Ltd.,Capital Goods,EQ,INE1C6T01020,1,broad,Nifty 500,Nifty 500|Nifty MidSmallcap 400|Nifty Smallcap 250|Nifty Total Market,broad
ENDURANCE,Endurance Technologies Ltd.,Automobile and Auto Components,EQ,INE913H01037,1,broad,Nifty 500,Nifty 500|Nifty LargeMidcap 250|Nifty MidSmallcap 400|Nifty Midcap 150|Nifty Total Market,broad
ENGINERSIN,Engineers India Ltd.,Construction,EQ,INE510A01028,1,broad,Nifty 500,Nifty 500|Nifty MidSmallcap 400|Nifty Smallcap 250|Nifty Total Market,broad
ENTERO,Entero Healthcare Solutions Ltd.,Consumer Services,EQ,INE010601016,1,broad,Nifty Microcap 250,Nifty Microcap 250|Nifty Total Market,broad
EPL,EPL Ltd.,Capital Goods,EQ,INE255A01020,1,broad,Nifty Microcap 250,Nifty Microcap 250|Nifty Total Market,broad
EQUITASBNK,Equitas Small Finance Bank Ltd.,Financial Services,EQ,INE063P01018,1,broad,Nifty Microcap 250,Nifty Microcap 250|Nifty Total Market,broad
ERIS,Eris Lifesciences Ltd.,Healthcare,EQ,INE406M01024,1,broad,Nifty 500,Nifty 500|Nifty MidSmallcap 400|Nifty Smallcap 250|Nifty Total Market,broad
ETHOSLTD,Ethos Ltd.,Consumer Durables,EQ,INE04TZ01018,1,broad,Nifty Microcap 250,Nifty Microcap 250|Nifty Total Market,broad
EUREKAFORB,Eureka Forbes Ltd.,Consumer Durables,EQ,INE0KCE01017,1,broad,Nifty Microcap 250,Nifty Microcap 250|Nifty Total Market,broad
FACT,Fertilisers and Chemicals Travancore Ltd.,Chemicals,EQ,INE188A01015,1,broad,Nifty 500,Nifty 500|Nifty MidSmallcap 400|Nifty Smallcap 250|Nifty Total Market,broad
FEDFINA,Fedbank Financial Services Ltd.,Financial Services,EQ,INE007N01010,1,broad,Nifty Microcap 250,Nifty Microcap 250|Nifty Total Market,broad
FIEMIND,Fiem Industries Ltd,Automobile and Auto Components,EQ,INE737H01014,1,broad,Nifty Microcap 250,Nifty Microcap 250|Nifty Total Market,broad
FINCABLES,Finolex Cables Ltd.,Capital Goods,EQ,INE235A01022,1,broad,Nifty 500,Nifty 500|Nifty MidSmallcap 400|Nifty Smallcap 250|Nifty Total Market,broad
FINPIPE,Finolex Industries Ltd.,Capital Goods,EQ,INE183A01024,1,broad,Nifty Microcap 250,Nifty Microcap 250|Nifty Total Market,broad
FIVESTAR,Five-Star Business Finance Ltd.,Financial Services,EQ,INE128S01021,1,broad,Nifty 500,Nifty 500|Nifty MidSmallcap 400|Nifty Smallcap 100|Nifty Smallcap 250|Nifty Smallcap 50|Nifty Total Market,broad
FORCEMOT,Force Motors Ltd.,Automobile and Auto Components,EQ,INE451A01017,1,broad,Nifty 500,Nifty 500|Nifty MidSmallcap 400|Nifty Smallcap 100|Nifty Smallcap 250|Nifty Total Market,broad
FSL,Firstsource Solutions Ltd.,Services,EQ,INE684F01012,1,broad,Nifty 500,Nifty 500|Nifty MidSmallcap 400|Nifty Smallcap 100|Nifty Smallcap 250|Nifty Total Market,broad
GABRIEL,Gabriel India Ltd.,Automobile and Auto Components,EQ,INE524A01029,1,broad,Nifty 500,Nifty 500|Nifty MidSmallcap 400|Nifty Smallcap 250|Nifty Total Market,broad
GAEL,Gujarat Ambuja Exports Ltd.,Fast Moving Consumer Goods,EQ,INE036B01030,1,broad,Nifty Microcap 250,Nifty Microcap 250|Nifty Total Market,broad
GALLANTT,Gallantt Ispat Ltd.,Capital Goods,EQ,INE297H01019,1,broad,Nifty 500,Nifty 500|Nifty MidSmallcap 400|Nifty Smallcap 250|Nifty Total Market,broad
GESHIP,Great Eastern Shipping Co. Ltd.,Services,EQ,INE017A01032,1,broad,Nifty 500,Nifty 500|Nifty MidSmallcap 400|Nifty Smallcap 100|Nifty Smallcap 250|Nifty Total Market,broad
GHCL,GHCL Ltd.,Chemicals,EQ,INE539A01019,1,broad,Nifty Microcap 250,Nifty Microcap 250|Nifty Total Market,broad
GICRE,General Insurance Corporation of India,Financial Services,EQ,INE481Y01014,1,broad,Nifty 500,Nifty 500|Nifty LargeMidcap 250|Nifty MidSmallcap 400|Nifty Midcap 150|Nifty Total Market,broad
GILLETTE,Gillette India Ltd.,Fast Moving Consumer Goods,EQ,INE322A01010,1,broad,Nifty 500,Nifty 500|Nifty MidSmallcap 400|Nifty Smallcap 250|Nifty Total Market,broad
GLAXO,Glaxosmithkline Pharmaceuticals Ltd.,Healthcare,EQ,INE159A01016,1,broad,Nifty 500,Nifty 500|Nifty LargeMidcap 250|Nifty MidSmallcap 400|Nifty Midcap 150|Nifty Total Market,broad
GMDCLTD,Gujarat Mineral Development Corporation Ltd.,Metals & Mining,EQ,INE131A01031,1,broad,Nifty 500,Nifty 500|Nifty MidSmallcap 400|Nifty Smallcap 100|Nifty Smallcap 250|Nifty Total Market,broad
GMMPFAUDLR,GMM Pfaudler Ltd.,Capital Goods,EQ,INE541A01023,1,broad,Nifty Microcap 250,Nifty Microcap 250|Nifty Total Market,broad
GMRP&UI,GMR Power and Urban Infra Ltd.,Power,EQ,INE0CU601026,1,broad,Nifty Microcap 250,Nifty Microcap 250|Nifty Total Market,broad
GODFRYPHLP,Godfrey Phillips India Ltd.,Fast Moving Consumer Goods,EQ,INE260B01028,1,broad,Nifty 200,Nifty 200|Nifty 500|Nifty LargeMidcap 250|Nifty MidSmallcap 400|Nifty Midcap 100|Nifty Midcap 150|Nifty Total Market,broad
GODIGIT,Go Digit General Insurance Ltd.,Financial Services,EQ,INE03JT01014,1,broad,Nifty 500,Nifty 500|Nifty MidSmallcap 400|Nifty Smallcap 250|Nifty Total Market,broad
GODREJAGRO,Godrej Agrovet Ltd.,Fast Moving Consumer Goods,EQ,INE850D01014,1,broad,Nifty Microcap 250,Nifty Microcap 250|Nifty Total Market,broad
GODREJIND,Godrej Industries Ltd.,Diversified,EQ,INE233A01035,1,broad,Nifty 500,Nifty 500|Nifty LargeMidcap 250|Nifty MidSmallcap 400|Nifty Midcap 150|Nifty Total Market,broad
GOKEX,Gokaldas Exports Ltd.,Textiles,EQ,INE887G01027,1,broad,Nifty Microcap 250,Nifty Microcap 250|Nifty Total Market,broad
GOKULAGRO,Gokul Agro Resources Ltd.,Fast Moving Consumer Goods,EQ,INE314T01033,1,broad,Nifty Microcap 250,Nifty Microcap 250|Nifty Total Market,broad
GPIL,Godawari Power & Ispat Ltd.,Capital Goods,EQ,INE177H01039,1,broad,Nifty 500,Nifty 500|Nifty MidSmallcap 400|Nifty Smallcap 100|Nifty Smallcap 250|Nifty Total Market,broad
GPPL,Gujarat Pipavav Port Ltd.,Services,EQ,INE517F01014,1,broad,Nifty Microcap 250,Nifty Microcap 250|Nifty Total Market,broad
GRANULES,Granules India Ltd.,Healthcare,EQ,INE101D01020,1,broad,Nifty 500,Nifty 500|Nifty MidSmallcap 400|Nifty Smallcap 250|Nifty Total Market,broad
GRAPHITE,Graphite India Ltd.,Capital Goods,EQ,INE371A01025,1,broad,Nifty 500,Nifty 500|Nifty MidSmallcap 400|Nifty Smallcap 250|Nifty Total Market,broad
GRAVITA,Gravita India Ltd.,Metals & Mining,EQ,INE024L01027,1,broad,Nifty 500,Nifty 500|Nifty MidSmallcap 400|Nifty Smallcap 250|Nifty Total Market,broad
GREAVESCOT,Greaves Cotton Ltd.,Capital Goods,EQ,INE224A01026,1,broad,Nifty Microcap 250,Nifty Microcap 250|Nifty Total Market,broad
GRINDWELL,Grindwell Norton Ltd.,Capital Goods,EQ,INE536A01023,1,broad,Nifty Microcap 250,Nifty Microcap 250|Nifty Total Market,broad
GRWRHITECH,Garware Hi-Tech Films Ltd.,Capital Goods,EQ,INE291A01017,1,broad,Nifty Microcap 250,Nifty Microcap 250|Nifty Total Market,broad
GSFC,Gujarat State Fertilizers & Chemicals Ltd.,Chemicals,EQ,INE026A01025,1,broad,Nifty Microcap 250,Nifty Microcap 250|Nifty Total Market,broad
HAPPSTMNDS,Happiest Minds Technologies Ltd.,Information Technology,EQ,INE419U01012,1,broad,Nifty Microcap 250,Nifty Microcap 250|Nifty Total Market,broad
HBLENGINE,HBL Engineering Ltd.,Capital Goods,EQ,INE292B01021,1,broad,Nifty 500,Nifty 500|Nifty MidSmallcap 400|Nifty Smallcap 100|Nifty Smallcap 250|Nifty Total Market,broad
HCC,Hindustan Construction Co. Ltd.,Construction,EQ,INE549A01026,1,broad,Nifty Microcap 250,Nifty Microcap 250|Nifty Total Market,broad
HCG,Healthcare Global Enterprises Ltd.,Healthcare,EQ,INE075I01017,1,broad,Nifty Microcap 250,Nifty Microcap 250|Nifty Total Market,broad
HDBFS,HDB Financial Services Ltd.,Financial Services,EQ,INE756I01012,1,broad,Nifty 500,Nifty 500|Nifty LargeMidcap 250|Nifty MidSmallcap 400|Nifty Midcap 150|Nifty Total Market,broad
HEG,H.E.G. Ltd.,Capital Goods,EQ,INE545A01024,1,broad,Nifty 500,Nifty 500|Nifty MidSmallcap 400|Nifty Smallcap 250|Nifty Total Market,broad
HEMIPROP,Hemisphere Properties India Ltd.,Services,EQ,INE0AJG01018,1,broad,Nifty Microcap 250,Nifty Microcap 250|Nifty Total Market,broad
HERITGFOOD,Heritage Foods Ltd.,Fast Moving Consumer Goods,EQ,INE978A01027,1,broad,Nifty Microcap 250,Nifty Microcap 250|Nifty Total Market,broad
HFCL,HFCL Ltd.,Telecommunication,EQ,INE548A01028,1,broad,Nifty 500,Nifty 500|Nifty MidSmallcap 400|Nifty Smallcap 250|Nifty Total Market,broad
HGINFRA,H.G. Infra Engineering Ltd.,Construction,EQ,INE926X01010,1,broad,Nifty Microcap 250,Nifty Microcap 250|Nifty Total Market,broad
HOMEFIRST,Home First Finance Company India Ltd.,Financial Services,EQ,INE481N01025,1,broad,Nifty 500,Nifty 500|Nifty MidSmallcap 400|Nifty Smallcap 250|Nifty Total Market,broad
HONASA,Honasa Consumer Ltd.,Fast Moving Consumer Goods,EQ,INE0J5401028,1,broad,Nifty 500,Nifty 500|Nifty MidSmallcap 400|Nifty Smallcap 250|Nifty Total Market,broad
HUDCO,Housing & Urban Development Corporation Ltd.,Financial Services,EQ,INE031A01017,1,broad,Nifty 200,Nifty 200|Nifty 500|Nifty LargeMidcap 250|Nifty MidSmallcap 400|Nifty Midcap 100|Nifty Midcap 150|Nifty Total Market,broad
ICIL,Indo Count Industries Ltd.,Textiles,EQ,INE483B01026,1,broad,Nifty Microcap 250,Nifty Microcap 250|Nifty Total Market,broad
IDBI,IDBI Bank Ltd.,Financial Services,EQ,INE008A01015,1,broad,Nifty 500,Nifty 500|Nifty MidSmallcap 400|Nifty Smallcap 100|Nifty Smallcap 250|Nifty Total Market,broad
IFBIND,IFB Industries Ltd.,Consumer Durables,EQ,INE559A01017,1,broad,Nifty Microcap 250,Nifty Microcap 250|Nifty Total Market,broad
IFCI,IFCI Ltd.,Financial Services,EQ,INE039A01010,1,broad,Nifty 500,Nifty 500|Nifty MidSmallcap 400|Nifty Smallcap 100|Nifty Smallcap 250|Nifty Total Market,broad
IGIL,International Gemological Institute Ltd.,Services,EQ,INE0Q9301021,1,broad,Nifty 500,Nifty 500|Nifty MidSmallcap 400|Nifty Smallcap 250|Nifty Total Market,broad
IIFL,IIFL Finance Ltd.,Financial Services,EQ,INE530B01024,1,broad,Nifty 500,Nifty 500|Nifty MidSmallcap 400|Nifty Smallcap 100|Nifty Smallcap 250|Nifty Smallcap 50|Nifty Total Market,broad
IIFLCAPS,IIFL Capital Services Ltd.,Financial Services,EQ,INE489L01022,1,broad,Nifty Microcap 250,Nifty Microcap 250|Nifty Total Market,broad
IMFA,Indian Metals & Ferro Alloys Ltd.,Metals & Mining,EQ,INE919H01018,1,broad,Nifty Microcap 250,Nifty Microcap 250|Nifty Total Market,broad
INDGN,Indegene Ltd.,Healthcare,EQ,INE065X01017,1,broad,Nifty 500,Nifty 500|Nifty MidSmallcap 400|Nifty Smallcap 250|Nifty Total Market,broad
INDIACEM,India Cements Ltd.,Construction Materials,EQ,INE383A01012,1,broad,Nifty 500,Nifty 500|Nifty MidSmallcap 400|Nifty Smallcap 250|Nifty Total Market,broad
INDIAGLYCO,India Glycols Ltd.,Fast Moving Consumer Goods,BE,INE560A01023,1,broad,Nifty Microcap 250,Nifty Microcap 250|Nifty Total Market,broad
INDIASHLTR,India Shelter Finance Corporation Ltd.,Financial Services,EQ,INE922K01024,1,broad,Nifty Microcap 250,Nifty Microcap 250|Nifty Total Market,broad
INDIGOPNTS,Indigo Paints Ltd.,Consumer Durables,EQ,INE09VQ01012,1,broad,Nifty Microcap 250,Nifty Microcap 250|Nifty Total Market,broad
INOXGREEN,Inox Green Energy Services Ltd.,Services,EQ,INE510W01014,1,broad,Nifty Microcap 250,Nifty Microcap 250|Nifty Total Market,broad
INOXINDIA,INOX India Ltd.,Capital Goods,EQ,INE616N01034,1,broad,Nifty Microcap 250,Nifty Microcap 250|Nifty Total Market,broad
IONEXCHANG,Ion Exchange (India) Ltd.,Utilities,EQ,INE570A01022,1,broad,Nifty Microcap 250,Nifty Microcap 250|Nifty Total Market,broad
IRB,IRB Infrastructure Developers Ltd.,Construction,EQ,INE821I01022,1,broad,Nifty 500,Nifty 500|Nifty MidSmallcap 400|Nifty Smallcap 250|Nifty Total Market,broad
IRCON,IRCON International Ltd.,Construction,EQ,INE962Y01021,1,broad,Nifty 500,Nifty 500|Nifty MidSmallcap 400|Nifty Smallcap 100|Nifty Smallcap 250|Nifty Total Market,broad
IREDA,Indian Renewable Energy Development Agency Ltd.,Financial Services,EQ,INE202E01016,1,broad,Nifty 200,Nifty 200|Nifty 500|Nifty LargeMidcap 250|Nifty MidSmallcap 400|Nifty Midcap 100|Nifty Midcap 150|Nifty Total Market,broad
IXIGO,Le Travenues Technology Ltd.,Consumer Services,EQ,INE0HV901016,1,broad,Nifty Microcap 250,Nifty Microcap 250|Nifty Total Market,broad
J&KBANK,Jammu & Kashmir Bank Ltd.,Financial Services,EQ,INE168A01041,1,broad,Nifty 500,Nifty 500|Nifty MidSmallcap 400|Nifty Smallcap 250|Nifty Total Market,broad
JAIBALAJI,JAI BALAJI INDUSTRIES Ltd.,Metals & Mining,EQ,INE091G01026,1,broad,Nifty Microcap 250,Nifty Microcap 250|Nifty Total Market,broad
JAINREC,Jain Resource Recycling Ltd.,Metals & Mining,EQ,INE0YD401026,1,broad,Nifty 500,Nifty 500|Nifty MidSmallcap 400|Nifty Smallcap 250|Nifty Total Market,broad
JAMNAAUTO,Jamna Auto Industries Ltd.,Automobile and Auto Components,EQ,INE039C01032,1,broad,Nifty Microcap 250,Nifty Microcap 250|Nifty Total Market,broad
JAYNECOIND,Jayaswal Neco Industries Ltd.,Capital Goods,EQ,INE854B01010,1,broad,Nifty Microcap 250,Nifty Microcap 250|Nifty Total Market,broad
JBMA,JBM Auto Ltd.,Automobile and Auto Components,EQ,INE927D01051,1,broad,Nifty 500,Nifty 500|Nifty MidSmallcap 400|Nifty Smallcap 100|Nifty Smallcap 250|Nifty Total Market,broad
JINDALSAW,Jindal Saw Ltd.,Capital Goods,EQ,INE324A01032,1,broad,Nifty 500,Nifty 500|Nifty MidSmallcap 400|Nifty Smallcap 250|Nifty Total Market,broad
JKLAKSHMI,JK Lakshmi Cement Ltd.,Construction Materials,EQ,INE786A01032,1,broad,Nifty Microcap 250,Nifty Microcap 250|Nifty Total Market,broad
JKPAPER,JK Paper Ltd.,Forest Materials,EQ,INE789E01012,1,broad,Nifty Microcap 250,Nifty Microcap 250|Nifty Total Market,broad
JKTYRE,JK Tyre & Industries Ltd.,Automobile and Auto Components,EQ,INE573A01042,1,broad,Nifty 500,Nifty 500|Nifty MidSmallcap 400|Nifty Smallcap 250|Nifty Total Market,broad
JLHL,Jupiter Life Line Hospitals Ltd.,Healthcare,EQ,INE682M01020,1,broad,Nifty Microcap 250,Nifty Microcap 250|Nifty Total Market,broad
JMFINANCIL,JM Financial Ltd.,Financial Services,EQ,INE780C01023,1,broad,Nifty 500,Nifty 500|Nifty MidSmallcap 400|Nifty Smallcap 100|Nifty Smallcap 250|Nifty Total Market,broad
JSFB,Jana Small Finance Bank Ltd.,Financial Services,EQ,INE953L01027,1,broad,Nifty Microcap 250,Nifty Microcap 250|Nifty Total Market,broad
JSLL,Jeena Sikho Lifecare Ltd.,Consumer Services,EQ,INE0J5801029,1,broad,Nifty Microcap 250,Nifty Microcap 250|Nifty Total Market,broad
JSWCEMENT,JSW Cement Ltd.,Construction Materials,EQ,INE718I01012,1,broad,Nifty 500,Nifty 500|Nifty MidSmallcap 400|Nifty Smallcap 100|Nifty Smallcap 250|Nifty Total Market,broad
JSWDULUX,JSW Dulux Ltd.,Consumer Durables,EQ,INE133A01011,1,broad,Nifty 500,Nifty 500|Nifty MidSmallcap 400|Nifty Smallcap 250|Nifty Total Market,broad
JSWINFRA,JSW Infrastructure Ltd.,Services,EQ,INE880J01026,1,broad,Nifty 500,Nifty 500|Nifty LargeMidcap 250|Nifty MidSmallcap 400|Nifty Midcap 150|Nifty Total Market,broad
JUBLINGREA,Jubilant Ingrevia Ltd.,Chemicals,EQ,INE0BY001018,1,broad,Nifty 500,Nifty 500|Nifty MidSmallcap 400|Nifty Smallcap 250|Nifty Total Market,broad
JUBLPHARMA,Jubilant Pharmova Ltd.,Healthcare,EQ,INE700A01033,1,broad,Nifty 500,Nifty 500|Nifty MidSmallcap 400|Nifty Smallcap 250|Nifty Total Market,broad
JUSTDIAL,Justdial Ltd.,Consumer Services,EQ,INE599M01018,1,broad,Nifty Microcap 250,Nifty Microcap 250|Nifty Total Market,broad
JWL,Jupiter Wagons Ltd.,Capital Goods,EQ,INE209L01016,1,broad,Nifty 500,Nifty 500|Nifty MidSmallcap 400|Nifty Smallcap 250|Nifty Total Market,broad
JYOTHYLAB,Jyothy Labs Ltd.,Fast Moving Consumer Goods,EQ,INE668F01031,1,broad,Nifty Microcap 250,Nifty Microcap 250|Nifty Total Market,broad
JYOTICNC,Jyoti CNC Automation Ltd.,Capital Goods,EQ,INE980O01024,1,broad,Nifty 500,Nifty 500|Nifty MidSmallcap 400|Nifty Smallcap 100|Nifty Smallcap 250|Nifty Total Market,broad
KARURVYSYA,Karur Vysya Bank Ltd.,Financial Services,EQ,INE036D01028,1,broad,Nifty 500,Nifty 500|Nifty MidSmallcap 400|Nifty Smallcap 100|Nifty Smallcap 250|Nifty Smallcap 50|Nifty Total Market,broad
KEC,Kec International Ltd.,Construction,EQ,INE389H01022,1,broad,Nifty 500,Nifty 500|Nifty MidSmallcap 400|Nifty Smallcap 100|Nifty Smallcap 250|Nifty Smallcap 50|Nifty Total Market,broad
KIMS,Krishna Institute of Medical Sciences Ltd.,Healthcare,EQ,INE967H01025,1,broad,Nifty 500,Nifty 500|Nifty MidSmallcap 400|Nifty Smallcap 250|Nifty Total Market,broad
KIRLOSBROS,Kirloskar Brothers Ltd.,Capital Goods,EQ,INE732A01036,1,broad,Nifty Microcap 250,Nifty Microcap 250|Nifty Total Market,broad
KIRLOSENG,Kirloskar Oil Eng Ltd.,Capital Goods,EQ,INE146L01010,1,broad,Nifty 500,Nifty 500|Nifty MidSmallcap 400|Nifty Smallcap 250|Nifty Total Market,broad
KIRLPNU,Kirloskar Pneumatic Company Ltd.,Capital Goods,EQ,INE811A01038,1,broad,Nifty Microcap 250,Nifty Microcap 250|Nifty Total Market,broad
KITEX,Kitex Garments Ltd.,Textiles,EQ,INE602G01020,1,broad,Nifty Microcap 250,Nifty Microcap 250|Nifty Total Market,broad
KNRCON,KNR Constructions Ltd.,Construction,EQ,INE634I01029,1,broad,Nifty Microcap 250,Nifty Microcap 250|Nifty Total Market,broad
KPIGREEN,KPI Green Energy Ltd.,Power,EQ,INE542W01025,1,broad,Nifty Microcap 250,Nifty Microcap 250|Nifty Total Market,broad
KPIL,Kalpataru Projects International Ltd.,Construction,EQ,INE220B01022,1,broad,Nifty 500,Nifty 500|Nifty MidSmallcap 400|Nifty Smallcap 250|Nifty Total Market,broad
KRBL,KRBL Ltd.,Fast Moving Consumer Goods,EQ,INE001B01026,1,broad,Nifty Microcap 250,Nifty Microcap 250|Nifty Total Market,broad
KRN,KRN HEAT EXCHANGER AND REFRIGERATION Ltd.,Capital Goods,EQ,INE0Q3J01015,1,broad,Nifty Microcap 250,Nifty Microcap 250|Nifty Total Market,broad
KSB,KSB Ltd.,Capital Goods,EQ,INE999A01023,1,broad,Nifty Microcap 250,Nifty Microcap 250|Nifty Total Market,broad
KSCL,Kaveri Seed Company Ltd.,Fast Moving Consumer Goods,EQ,INE455I01029,1,broad,Nifty Microcap 250,Nifty Microcap 250|Nifty Total Market,broad
KTKBANK,Karnataka Bank Ltd.,Financial Services,EQ,INE614B01018,1,broad,Nifty Microcap 250,Nifty Microcap 250|Nifty Total Market,broad
LALPATHLAB,Dr. Lal Path Labs Ltd.,Healthcare,EQ,INE600L01024,1,broad,Nifty 500,Nifty 500|Nifty MidSmallcap 400|Nifty Smallcap 100|Nifty Smallcap 250|Nifty Smallcap 50|Nifty Total Market,broad
LENSKART,Lenskart Solutions Ltd.,Consumer Services,EQ,INE956O01016,1,broad,Nifty 200,Nifty 200|Nifty 500|Nifty LargeMidcap 250|Nifty MidSmallcap 400|Nifty Midcap 100|Nifty Midcap 150|Nifty Total Market,broad
LLOYDSENGG,Lloyds Engineering Works Ltd.,Capital Goods,EQ,INE093R01011,1,broad,Nifty Microcap 250,Nifty Microcap 250|Nifty Total Market,broad
LLOYDSENT,Lloyds Enterprises Ltd.,Metals & Mining,EQ,INE080I01025,1,broad,Nifty Microcap 250,Nifty Microcap 250|Nifty Total Market,broad
LOTUSDEV,SRI LOTUS DEVELOPERS AND REALTY Ltd.,Realty,BE,INE0V9Q01010,1,broad,Nifty Microcap 250,Nifty Microcap 250|Nifty Total Market,broad
LTFOODS,LT Foods Ltd.,Fast Moving Consumer Goods,EQ,INE818H01020,1,broad,Nifty 500,Nifty 500|Nifty MidSmallcap 400|Nifty Smallcap 250|Nifty Total Market,broad
LUMAXTECH,Lumax Auto Technologies Ltd.,Automobile and Auto Components,EQ,INE872H01027,1,broad,Nifty Microcap 250,Nifty Microcap 250|Nifty Total Market,broad
LXCHEM,Laxmi Organic Industries Ltd.,Chemicals,EQ,INE576O01020,1,broad,Nifty Microcap 250,Nifty Microcap 250|Nifty Total Market,broad
MAHSCOOTER,Maharashtra Scooters Ltd.,Financial Services,EQ,INE288A01013,1,broad,Nifty Microcap 250,Nifty Microcap 250|Nifty Total Market,broad
MAHSEAMLES,Maharashtra Seamless Ltd.,Capital Goods,EQ,INE271B01025,1,broad,Nifty Microcap 250,Nifty Microcap 250|Nifty Total Market,broad
MANAPPURAM,Manappuram Finance Ltd.,Financial Services,EQ,INE522D01027,1,broad,Nifty 500,Nifty 500|Nifty MidSmallcap 400|Nifty Smallcap 100|Nifty Smallcap 250|Nifty Smallcap 50|Nifty Total Market,broad
MANORAMA,Manorama Industries Ltd.,Fast Moving Consumer Goods,EQ,INE00VM01036,1,broad,Nifty Microcap 250,Nifty Microcap 250|Nifty Total Market,broad
MANYAVAR,Vedant Fashions Ltd.,Consumer Services,EQ,INE825V01034,1,broad,Nifty Microcap 250,Nifty Microcap 250|Nifty Total Market,broad
MARKSANS,Marksans Pharma Ltd.,Healthcare,EQ,INE750C01026,1,broad,Nifty Microcap 250,Nifty Microcap 250|Nifty Total Market,broad
MASTEK,Mastek Ltd.,Information Technology,EQ,INE759A01021,1,broad,Nifty Microcap 250,Nifty Microcap 250|Nifty Total Market,broad
MEDANTA,Global Health Ltd.,Healthcare,EQ,INE474Q01031,1,broad,Nifty 500,Nifty 500|Nifty LargeMidcap 250|Nifty MidSmallcap 400|Nifty Midcap 150|Nifty Total Market,broad
MEDPLUS,Medplus Health Services Ltd.,Consumer Services,EQ,INE804L01022,1,broad,Nifty Microcap 250,Nifty Microcap 250|Nifty Total Market,broad
METROPOLIS,Metropolis Healthcare Ltd.,Healthcare,EQ,INE112L01020,1,broad,Nifty Microcap 250,Nifty Microcap 250|Nifty Total Market,broad
MINDACORP,Minda Corporation Ltd.,Automobile and Auto Components,EQ,INE842C01021,1,broad,Nifty 500,Nifty 500|Nifty MidSmallcap 400|Nifty Smallcap 250|Nifty Total Market,broad
MMTC,MMTC Ltd.,Services,EQ,INE123F01029,1,broad,Nifty 500,Nifty 500|Nifty MidSmallcap 400|Nifty Smallcap 250|Nifty Total Market,broad
MOIL,MOIL Ltd.,Metals & Mining,EQ,INE490G01020,1,broad,Nifty Microcap 250,Nifty Microcap 250|Nifty Total Market,broad
MRPL,Mangalore Refinery & Petrochemicals Ltd.,Oil Gas & Consumable Fuels,EQ,INE103A01014,1,broad,Nifty 500,Nifty 500|Nifty MidSmallcap 400|Nifty Smallcap 100|Nifty Smallcap 250|Nifty Total Market,broad
MSTCLTD,MSTC Ltd.,Services,EQ,INE255X01014,1,broad,Nifty Microcap 250,Nifty Microcap 250|Nifty Total Market,broad
MSUMI,Motherson Sumi Wiring India Ltd.,Automobile and Auto Components,EQ,INE0FS801015,1,broad,Nifty 500,Nifty 500|Nifty MidSmallcap 400|Nifty Smallcap 250|Nifty Total Market,broad
NATCOPHARM,NATCO Pharma Ltd.,Healthcare,EQ,INE987B01026,1,broad,Nifty 500,Nifty 500|Nifty MidSmallcap 400|Nifty Smallcap 100|Nifty Smallcap 250|Nifty Smallcap 50|Nifty Total Market,broad
NCC,NCC Ltd.,Construction,EQ,INE868B01028,1,broad,Nifty 500,Nifty 500|Nifty MidSmallcap 400|Nifty Smallcap 250|Nifty Total Market,broad
NEOGEN,NEOGEN CHEMICALS LTD.,Chemicals,EQ,INE136S01016,1,broad,Nifty Microcap 250,Nifty Microcap 250|Nifty Total Market,broad
NESCO,NESCO Ltd.,Services,EQ,INE317F01035,1,broad,Nifty Microcap 250,Nifty Microcap 250|Nifty Total Market,broad
NEULANDLAB,Neuland Laboratories Ltd.,Healthcare,EQ,INE794A01010,1,broad,Nifty 500,Nifty 500|Nifty MidSmallcap 400|Nifty Smallcap 100|Nifty Smallcap 250|Nifty Smallcap 50|Nifty Total Market,broad
NFL,National Fertilizers Ltd.,Chemicals,EQ,INE870D01012,1,broad,Nifty Microcap 250,Nifty Microcap 250|Nifty Total Market,broad
NH,Narayana Hrudayalaya Ltd.,Healthcare,EQ,INE410P01011,1,broad,Nifty 500,Nifty 500|Nifty MidSmallcap 400|Nifty Smallcap 100|Nifty Smallcap 250|Nifty Smallcap 50|Nifty Total Market,broad
NIACL,The New India Assurance Company Ltd.,Financial Services,EQ,INE470Y01017,1,broad,Nifty 500,Nifty 500|Nifty LargeMidcap 250|Nifty MidSmallcap 400|Nifty Midcap 150|Nifty Total Market,broad
NIVABUPA,Niva Bupa Health Insurance Company Ltd.,Financial Services,EQ,INE995S01015,1,broad,Nifty 500,Nifty 500|Nifty MidSmallcap 400|Nifty Smallcap 250|Nifty Total Market,broad
NSLNISP,NMDC Steel Ltd.,Metals & Mining,EQ,INE0NNS01018,1,broad,Nifty 500,Nifty 500|Nifty MidSmallcap 400|Nifty Smallcap 250|Nifty Total Market,broad
NUVOCO,Nuvoco Vistas Corporation Ltd.,Construction Materials,EQ,INE118D01016,1,broad,Nifty 500,Nifty 500|Nifty MidSmallcap 400|Nifty Smallcap 250|Nifty Total Market,broad
OLAELEC,Ola Electric Mobility Ltd.,Automobile and Auto Components,EQ,INE0LXG01040,1,broad,Nifty 500,Nifty 500|Nifty MidSmallcap 400|Nifty Smallcap 100|Nifty Smallcap 250|Nifty Total Market,broad
OLECTRA,Olectra Greentech Ltd.,Automobile and Auto Components,EQ,INE260D01016,1,broad,Nifty 500,Nifty 500|Nifty MidSmallcap 400|Nifty Smallcap 250|Nifty Total Market,broad
ONESOURCE,Onesource Specialty Pharma Ltd.,Healthcare,EQ,INE013P01021,1,broad,Nifty 500,Nifty 500|Nifty MidSmallcap 400|Nifty Smallcap 250|Nifty Total Market,broad
OPTIEMUS,Optiemus Infracom Ltd.,Telecommunication,EQ,INE350C01017,1,broad,Nifty Microcap 250,Nifty Microcap 250|Nifty Total Market,broad
ORIENTCEM,Orient Cement Ltd.,Construction Materials,EQ,INE876N01018,1,broad,Nifty Microcap 250,Nifty Microcap 250|Nifty Total Market,broad
ORKLAINDIA,Orkla India Ltd.,Fast Moving Consumer Goods,EQ,INE16NZ01023,1,broad,Nifty Microcap 250,Nifty Microcap 250|Nifty Total Market,broad
OSWALPUMPS,Oswal Pumps Ltd.,Capital Goods,EQ,INE0BYP01024,1,broad,Nifty Microcap 250,Nifty Microcap 250|Nifty Total Market,broad
PARADEEP,Paradeep Phosphates Ltd.,Chemicals,EQ,INE088F01024,1,broad,Nifty 500,Nifty 500|Nifty MidSmallcap 400|Nifty Smallcap 250|Nifty Total Market,broad
PARKHOSPS,Park Medi World Ltd.,Healthcare,EQ,INE119201023,1,broad,Nifty Microcap 250,Nifty Microcap 250|Nifty Total Market,broad
PCJEWELLER,PC Jeweller Ltd.,Consumer Durables,EQ,INE785M01021,1,broad,Nifty Microcap 250,Nifty Microcap 250|Nifty Total Market,broad
PFIZER,Pfizer Ltd.,Healthcare,EQ,INE182A01018,1,broad,Nifty 500,Nifty 500|Nifty MidSmallcap 400|Nifty Smallcap 250|Nifty Total Market,broad
PGIL,Pearl Global Industries Ltd.,Textiles,EQ,INE940H01022,1,broad,Nifty Microcap 250,Nifty Microcap 250|Nifty Total Market,broad
PICCADIL,Piccadily Agro Industries Ltd.,Fast Moving Consumer Goods,EQ,INE546C01010,1,broad,Nifty Microcap 250,Nifty Microcap 250|Nifty Total Market,broad
PNCINFRA,PNC Infratech Ltd.,Construction,EQ,INE195J01029,1,broad,Nifty Microcap 250,Nifty Microcap 250|Nifty Total Market,broad
PNGJL,P N Gadgil Jewellers Ltd.,Consumer Durables,EQ,INE953R01016,1,broad,Nifty Microcap 250,Nifty Microcap 250|Nifty Total Market,broad
POLYMED,Poly Medicure Ltd.,Healthcare,EQ,INE205C01021,1,broad,Nifty 500,Nifty 500|Nifty MidSmallcap 400|Nifty Smallcap 250|Nifty Total Market,broad
POWERMECH,Power Mech Projects Ltd.,Construction,EQ,INE211R01019,1,broad,Nifty Microcap 250,Nifty Microcap 250|Nifty Total Market,broad
PRAJIND,Praj Industries Ltd.,Capital Goods,EQ,INE074A01025,1,broad,Nifty Microcap 250,Nifty Microcap 250|Nifty Total Market,broad
PREMIERENE,Premier Energies Ltd.,Capital Goods,EQ,INE0BS701011,1,broad,Nifty 200,Nifty 200|Nifty 500|Nifty LargeMidcap 250|Nifty MidSmallcap 400|Nifty Midcap 100|Nifty Midcap 150|Nifty Total Market,broad
PRICOLLTD,Pricol Ltd.,Automobile and Auto Components,EQ,INE726V01018,1,broad,Nifty Microcap 250,Nifty Microcap 250|Nifty Total Market,broad
PRIVISCL,Privi Speciality Chemicals Ltd.,Chemicals,EQ,INE959A01019,1,broad,Nifty Microcap 250,Nifty Microcap 250|Nifty Total Market,broad
PRSMJOHNSN,Prism Johnson Ltd.,Construction Materials,EQ,INE010A01011,1,broad,Nifty Microcap 250,Nifty Microcap 250|Nifty Total Market,broad
PRUDENT,Prudent Corporate Advisory Services Ltd.,Financial Services,EQ,INE00F201020,1,broad,Nifty Microcap 250,Nifty Microcap 250|Nifty Total Market,broad
PTC,PTC India Ltd.,Power,EQ,INE877F01012,1,broad,Nifty Microcap 250,Nifty Microcap 250|Nifty Total Market,broad
PTCIL,PTC Industries Ltd.,Capital Goods,EQ,INE596F01018,1,broad,Nifty 500,Nifty 500|Nifty MidSmallcap 400|Nifty Smallcap 250|Nifty Total Market,broad
PURVA,Puravankara Ltd.,Realty,EQ,INE323I01011,1,broad,Nifty Microcap 250,Nifty Microcap 250|Nifty Total Market,broad
QPOWER,QUALITY POWER ELECTRICAL EQUIPMENTS Ltd.,Capital Goods,EQ,INE0SII01026,1,broad,Nifty Microcap 250,Nifty Microcap 250|Nifty Total Market,broad
QUESS,Quess Corp Ltd.,Services,EQ,INE615P01015,1,broad,Nifty Microcap 250,Nifty Microcap 250|Nifty Total Market,broad
RAIN,Rain Industries Ltd,Chemicals,EQ,INE855B01025,1,broad,Nifty Microcap 250,Nifty Microcap 250|Nifty Total Market,broad
RAINBOW,Rainbow Childrens Medicare Ltd.,Healthcare,EQ,INE961O01016,1,broad,Nifty 500,Nifty 500|Nifty MidSmallcap 400|Nifty Smallcap 250|Nifty Total Market,broad
RALLIS,Rallis India Ltd.,Chemicals,EQ,INE613A01020,1,broad,Nifty Microcap 250,Nifty Microcap 250|Nifty Total Market,broad
RATEGAIN,Rategain Travel Technologies Ltd.,Information Technology,EQ,INE0CLI01024,1,broad,Nifty Microcap 250,Nifty Microcap 250|Nifty Total Market,broad
RATNAMANI,Ratnamani Metals & Tubes Ltd.,Capital Goods,EQ,INE703B01027,1,broad,Nifty Microcap 250,Nifty Microcap 250|Nifty Total Market,broad
RAYMONDLSL,Raymond Lifestyle Ltd.,Textiles,EQ,INE02ID01020,1,broad,Nifty Microcap 250,Nifty Microcap 250|Nifty Total Market,broad
RBA,Restaurant Brands Asia Ltd.,Consumer Services,EQ,INE07T201019,1,broad,Nifty Microcap 250,Nifty Microcap 250|Nifty Total Market,broad
RCF,Rashtriya Chemicals & Fertilizers Ltd.,Chemicals,EQ,INE027A01015,1,broad,Nifty Microcap 250,Nifty Microcap 250|Nifty Total Market,broad
REDINGTON,Redington Ltd.,Services,EQ,INE891D01026,1,broad,Nifty 500,Nifty 500|Nifty MidSmallcap 400|Nifty Smallcap 100|Nifty Smallcap 250|Nifty Smallcap 50|Nifty Total Market,broad
REDTAPE,Redtape Ltd.,Consumer Durables,EQ,INE0LXT01019,1,broad,Nifty Microcap 250,Nifty Microcap 250|Nifty Total Market,broad
REFEX,Refex Industries Ltd.,Utilities,EQ,INE056I01025,1,broad,Nifty Microcap 250,Nifty Microcap 250|Nifty Total Market,broad
RELAXO,Relaxo Footwears Ltd.,Consumer Durables,EQ,INE131B01039,1,broad,Nifty Microcap 250,Nifty Microcap 250|Nifty Total Market,broad
RELIGARE,Religare Enterprises Ltd.,Financial Services,EQ,INE621H01010,1,broad,Nifty Microcap 250,Nifty Microcap 250|Nifty Total Market,broad
RENUKA,Shree Renuka Sugars Ltd.,Fast Moving Consumer Goods,EQ,INE087H01022,1,broad,Nifty Microcap 250,Nifty Microcap 250|Nifty Total Market,broad
RHIM,RHI MAGNESITA INDIA LTD.,Capital Goods,EQ,INE743M01012,1,broad,Nifty 500,Nifty 500|Nifty MidSmallcap 400|Nifty Smallcap 250|Nifty Total Market,broad
RITES,RITES Ltd.,Construction,EQ,INE320J01015,1,broad,Nifty 500,Nifty 500|Nifty MidSmallcap 400|Nifty Smallcap 250|Nifty Total Market,broad
RKFORGE,Ramkrishna Forgings Ltd.,Automobile and Auto Components,EQ,INE399G01023,1,broad,Nifty 500,Nifty 500|Nifty MidSmallcap 400|Nifty Smallcap 250|Nifty Total Market,broad
ROUTE,Route Mobile Ltd.,Telecommunication,EQ,INE450U01017,1,broad,Nifty Microcap 250,Nifty Microcap 250|Nifty Total Market,broad
RRKABEL,R R Kabel Ltd.,Capital Goods,EQ,INE777K01022,1,broad,Nifty 500,Nifty 500|Nifty MidSmallcap 400|Nifty Smallcap 250|Nifty Total Market,broad
RTNINDIA,RattanIndia Enterprises Ltd.,Consumer Services,EQ,INE834M01019,1,broad,Nifty Microcap 250,Nifty Microcap 250|Nifty Total Market,broad
RTNPOWER,RattanIndia Power Ltd.,Power,EQ,INE399K01017,1,broad,Nifty Microcap 250,Nifty Microcap 250|Nifty Total Market,broad
RUBICON,Rubicon Research Ltd.,Healthcare,EQ,INE506V01022,1,broad,Nifty Microcap 250,Nifty Microcap 250|Nifty Total Market,broad
SAATVIKGL,Saatvik Green Energy Ltd.,Capital Goods,EQ,INE13B501022,1,broad,Nifty Microcap 250,Nifty Microcap 250|Nifty Total Market,broad
SAFARI,Safari Industries (India) Ltd.,Consumer Durables,EQ,INE429E01023,1,broad,Nifty Microcap 250,Nifty Microcap 250|Nifty Total Market,broad
SAMHI,Samhi Hotels Ltd.,Consumer Services,EQ,INE08U801020,1,broad,Nifty Microcap 250,Nifty Microcap 250|Nifty Total Market,broad
SAMMAANCAP,Sammaan Capital Ltd.,Financial Services,EQ,INE148I01020,1,broad,Nifty 500,Nifty 500|Nifty MidSmallcap 400|Nifty Smallcap 250|Nifty Total Market,broad
SANDUMA,Sandur Manganese & Iron Ores Ltd.,Metals & Mining,EQ,INE149K01016,1,broad,Nifty Microcap 250,Nifty Microcap 250|Nifty Total Market,broad
SANOFICONR,Sanofi Consumer Healthcare India Ltd.,Healthcare,EQ,INE0UOS01011,1,broad,Nifty Microcap 250,Nifty Microcap 250|Nifty Total Market,broad
SANSERA,Sansera Engineering Ltd.,Automobile and Auto Components,EQ,INE953O01021,1,broad,Nifty Microcap 250,Nifty Microcap 250|Nifty Total Market,broad
SARDAEN,Sarda Energy and Minerals Ltd.,Metals & Mining,EQ,INE385C01021,1,broad,Nifty 500,Nifty 500|Nifty MidSmallcap 400|Nifty Smallcap 100|Nifty Smallcap 250|Nifty Total Market,broad
SBFC,SBFC Finance Ltd.,Financial Services,EQ,INE423Y01016,1,broad,Nifty 500,Nifty 500|Nifty MidSmallcap 400|Nifty Smallcap 250|Nifty Total Market,broad
SCHNEIDER,Schneider Electric Infrastructure Ltd.,Capital Goods,EQ,INE839M01018,1,broad,Nifty 500,Nifty 500|Nifty MidSmallcap 400|Nifty Smallcap 250|Nifty Total Market,broad
SCI,Shipping Corporation of India Ltd.,Services,EQ,INE109A01011,1,broad,Nifty 500,Nifty 500|Nifty MidSmallcap 400|Nifty Smallcap 250|Nifty Total Market,broad
SENCO,Senco Gold Ltd.,Consumer Durables,EQ,INE602W01027,1,broad,Nifty Microcap 250,Nifty Microcap 250|Nifty Total Market,broad
SFL,Sheela Foam Ltd.,Consumer Durables,EQ,INE916U01025,1,broad,Nifty Microcap 250,Nifty Microcap 250|Nifty Total Market,broad
SHAILY,Shaily Engineering Plastics Ltd.,Consumer Durables,EQ,INE151G01028,1,broad,Nifty Microcap 250,Nifty Microcap 250|Nifty Total Market,broad
SHAKTIPUMP,Shakti Pumps (India) Ltd.,Capital Goods,EQ,INE908D01010,1,broad,Nifty Microcap 250,Nifty Microcap 250|Nifty Total Market,broad
SHARDACROP,Sharda Cropchem Ltd.,Chemicals,EQ,INE221J01015,1,broad,Nifty Microcap 250,Nifty Microcap 250|Nifty Total Market,broad
SHAREINDIA,Share India Securities Ltd.,Financial Services,EQ,INE932X01026,1,broad,Nifty Microcap 250,Nifty Microcap 250|Nifty Total Market,broad
SHILPAMED,Shilpa Medicare Ltd.,Healthcare,EQ,INE790G01031,1,broad,Nifty Microcap 250,Nifty Microcap 250|Nifty Total Market,broad
SHRIPISTON,SPR Auto Technologies Ltd.,Automobile and Auto Components,EQ,INE526E01018,1,broad,Nifty Microcap 250,Nifty Microcap 250|Nifty Total Market,broad
SHYAMMETL,Shyam Metalics and Energy Ltd.,Capital Goods,EQ,INE810G01011,1,broad,Nifty 500,Nifty 500|Nifty MidSmallcap 400|Nifty Smallcap 250|Nifty Total Market,broad
SIGNATURE,Signatureglobal (India) Ltd.,Realty,EQ,INE903U01023,1,broad,Nifty 500,Nifty 500|Nifty MidSmallcap 400|Nifty Smallcap 100|Nifty Smallcap 250|Nifty Total Market,broad
SKFINDIA,SKF India Ltd.,Automobile and Auto Components,EQ,INE640A01023,1,broad,Nifty Microcap 250,Nifty Microcap 250|Nifty Total Market,broad
SKFINDUS,SKF India (Industrial) Ltd.,Capital Goods,EQ,INE2J8701016,1,broad,Nifty Microcap 250,Nifty Microcap 250|Nifty Total Market,broad
SKIPPER,Skipper Ltd.,Capital Goods,EQ,INE439E01022,1,broad,Nifty Microcap 250,Nifty Microcap 250|Nifty Total Market,broad
SKYGOLD,SKY GOLD AND DIAMONDS Ltd.,Consumer Durables,EQ,INE01IU01018,1,broad,Nifty Microcap 250,Nifty Microcap 250|Nifty Total Market,broad
SMARTWORKS,Smartworks Coworking Spaces Ltd.,Services,EQ,INE0NAZ01010,1,broad,Nifty Microcap 250,Nifty Microcap 250|Nifty Total Market,broad
SMLMAH,SML Mahindra Ltd.,Capital Goods,EQ,INE294B01019,1,broad,Nifty Microcap 250,Nifty Microcap 250|Nifty Total Market,broad
SOUTHBANK,South Indian Bank Ltd.,Financial Services,EQ,INE683A01023,1,broad,Nifty Microcap 250,Nifty Microcap 250|Nifty Total Market,broad
SPARC,Sun Pharma Advanced Research Company Ltd.,Healthcare,EQ,INE232I01014,1,broad,Nifty Microcap 250,Nifty Microcap 250|Nifty Total Market,broad
SPLPETRO,Supreme Petrochem Ltd.,Chemicals,EQ,INE663A01033,1,broad,Nifty 500,Nifty 500|Nifty MidSmallcap 400|Nifty Smallcap 250|Nifty Total Market,broad
STAR,Strides Pharma Science Ltd.,Healthcare,EQ,INE939A01011,1,broad,Nifty Microcap 250,Nifty Microcap 250|Nifty Total Market,broad
STARCEMENT,Star Cement Ltd.,Construction Materials,EQ,INE460H01021,1,broad,Nifty Microcap 250,Nifty Microcap 250|Nifty Total Market,broad
STARHEALTH,Star Health and Allied Insurance Company Ltd.,Financial Services,EQ,INE575P01011,1,broad,Nifty 500,Nifty 500|Nifty MidSmallcap 400|Nifty Smallcap 100|Nifty Smallcap 250|Nifty Total Market,broad
STLTECH,Sterlite Technologies Ltd.,Telecommunication,BE,INE089C01029,1,broad,Nifty Microcap 250,Nifty Microcap 250|Nifty Total Market,broad
STYL,Seshaasai Technologies Ltd.,Financial Services,EQ,INE04VU01023,1,broad,Nifty Microcap 250,Nifty Microcap 250|Nifty Total Market,broad
STYRENIX,Styrenix Performance Materials Ltd.,Chemicals,EQ,INE189B01011,1,broad,Nifty Microcap 250,Nifty Microcap 250|Nifty Total Market,broad
SUBROS,Subros Ltd.,Capital Goods,EQ,INE287B01021,1,broad,Nifty Microcap 250,Nifty Microcap 250|Nifty Total Market,broad
SUDARSCHEM,Sudarshan Chemical Industries Ltd.,Chemicals,EQ,INE659A01023,1,broad,Nifty Microcap 250,Nifty Microcap 250|Nifty Total Market,broad
SUDEEPPHRM,Sudeep Pharma Ltd.,Chemicals,EQ,INE0QPI01025,1,broad,Nifty Microcap 250,Nifty Microcap 250|Nifty Total Market,broad
SUNTECK,Sunteck Realty Ltd.,Realty,EQ,INE805D01034,1,broad,Nifty Microcap 250,Nifty Microcap 250|Nifty Total Market,broad
SUPRIYA,Supriya Lifescience Ltd.,Healthcare,EQ,INE07RO01027,1,broad,Nifty Microcap 250,Nifty Microcap 250|Nifty Total Market,broad
SURYAROSNI,Surya Roshni Ltd.,Capital Goods,EQ,INE335A01020,1,broad,Nifty Microcap 250,Nifty Microcap 250|Nifty Total Market,broad
SWANCORP,Swan Corp Ltd.,Chemicals,EQ,INE665A01038,1,broad,Nifty 500,Nifty 500|Nifty MidSmallcap 400|Nifty Smallcap 100|Nifty Smallcap 250|Nifty Total Market,broad
SWSOLAR,Sterling and Wilson Renewable Energy Ltd.,Construction,EQ,INE00M201021,1,broad,Nifty Microcap 250,Nifty Microcap 250|Nifty Total Market,broad
SYRMA,Syrma SGS Technology Ltd.,Capital Goods,EQ,INE0DYJ01015,1,broad,Nifty 500,Nifty 500|Nifty MidSmallcap 400|Nifty Smallcap 250|Nifty Total Market,broad
TANLA,Tanla Platforms Ltd.,Information Technology,EQ,INE483C01032,1,broad,Nifty Microcap 250,Nifty Microcap 250|Nifty Total Market,broad
TARC,TARC Ltd.,Realty,EQ,INE0EK901012,1,broad,Nifty Microcap 250,Nifty Microcap 250|Nifty Total Market,broad
TARIL,Transformers And Rectifiers (India) Ltd.,Capital Goods,EQ,INE763I01026,1,broad,Nifty 500,Nifty 500|Nifty MidSmallcap 400|Nifty Smallcap 250|Nifty Total Market,broad
TATACAP,Tata Capital Ltd.,Financial Services,EQ,INE976I01016,1,broad,Nifty 100,Nifty 100|Nifty 200|Nifty 500|Nifty LargeMidcap 250|Nifty Next 50|Nifty Total Market,broad
TATAINVEST,Tata Investment Corporation Ltd.,Financial Services,EQ,INE672A01026,1,broad,Nifty 200,Nifty 200|Nifty 500|Nifty LargeMidcap 250|Nifty MidSmallcap 400|Nifty Midcap 100|Nifty Midcap 150|Nifty Total Market,broad
TDPOWERSYS,TD Power Systems Ltd.,Capital Goods,EQ,INE419M01035,1,broad,Nifty Microcap 250,Nifty Microcap 250|Nifty Total Market,broad
TECHNOE,Techno Electric & Engineering Company Ltd.,Construction,EQ,INE285K01026,1,broad,Nifty 500,Nifty 500|Nifty MidSmallcap 400|Nifty Smallcap 250|Nifty Total Market,broad
TEGA,Tega Industries Ltd.,Capital Goods,EQ,INE011K01018,1,broad,Nifty 500,Nifty 500|Nifty MidSmallcap 400|Nifty Smallcap 250|Nifty Total Market,broad
TENNIND,Tenneco Clean Air India Ltd.,Automobile and Auto Components,EQ,INE19RI01016,1,broad,Nifty 500,Nifty 500|Nifty MidSmallcap 400|Nifty Smallcap 100|Nifty Smallcap 250|Nifty Total Market,broad
TEXRAIL,Texmaco Rail & Eng. Ltd.,Capital Goods,EQ,INE621L01012,1,broad,Nifty Microcap 250,Nifty Microcap 250|Nifty Total Market,broad
THANGAMAYL,Thangamayil Jewellery Ltd.,Consumer Durables,EQ,INE085J01014,1,broad,Nifty Microcap 250,Nifty Microcap 250|Nifty Total Market,broad
THOMASCOOK,Thomas Cook (India) Ltd.,Consumer Services,EQ,INE332A01027,1,broad,Nifty Microcap 250,Nifty Microcap 250|Nifty Total Market,broad
THYROCARE,Thyrocare Technologies Ltd.,Healthcare,EQ,INE594H01019,1,broad,Nifty Microcap 250,Nifty Microcap 250|Nifty Total Market,broad
TI,Tilaknagar Industries Ltd.,Fast Moving Consumer Goods,EQ,INE133E01013,1,broad,Nifty Microcap 250,Nifty Microcap 250|Nifty Total Market,broad
TIMETECHNO,Time Technoplast Ltd.,Capital Goods,EQ,INE508G01029,1,broad,Nifty Microcap 250,Nifty Microcap 250|Nifty Total Market,broad
TITAGARH,Titagarh Rail Systems Ltd.,Capital Goods,EQ,INE615H01020,1,broad,Nifty 500,Nifty 500|Nifty MidSmallcap 400|Nifty Smallcap 250|Nifty Total Market,broad
TMB,Tamilnad Mercantile Bank Ltd.,Financial Services,EQ,INE668A01016,1,broad,Nifty Microcap 250,Nifty Microcap 250|Nifty Total Market,broad
TRANSRAILL,Transrail Lighting Ltd.,Capital Goods,EQ,INE454P01035,1,broad,Nifty Microcap 250,Nifty Microcap 250|Nifty Total Market,broad
TRIDENT,Trident Ltd.,Textiles,EQ,INE064C01022,1,broad,Nifty 500,Nifty 500|Nifty MidSmallcap 400|Nifty Smallcap 250|Nifty Total Market,broad
TRITURBINE,Triveni Turbine Ltd.,Capital Goods,EQ,INE152M01016,1,broad,Nifty 500,Nifty 500|Nifty MidSmallcap 400|Nifty Smallcap 100|Nifty Smallcap 250|Nifty Total Market,broad
TRIVENI,Triveni Engineering & Industries Ltd.,Fast Moving Consumer Goods,EQ,INE256C01024,1,broad,Nifty Microcap 250,Nifty Microcap 250|Nifty Total Market,broad
TSFINV,TSF Investments Ltd.,Financial Services,EQ,INE202Z01029,1,broad,Nifty Microcap 250,Nifty Microcap 250|Nifty Total Market,broad
TVSSCS,TVS Supply Chain Solutions Ltd.,Services,EQ,INE395N01027,1,broad,Nifty Microcap 250,Nifty Microcap 250|Nifty Total Market,broad
UJJIVANSFB,Ujjivan Small Finance Bank Ltd.,Financial Services,EQ,INE551W01018,1,broad,Nifty Microcap 250,Nifty Microcap 250|Nifty Total Market,broad
USHAMART,Usha Martin Ltd.,Capital Goods,EQ,INE228A01035,1,broad,Nifty 500,Nifty 500|Nifty MidSmallcap 400|Nifty Smallcap 250|Nifty Total Market,broad
UTLSOLAR,Fujiyama Power Systems Ltd.,Capital Goods,EQ,INE12UR01024,1,broad,Nifty Microcap 250,Nifty Microcap 250|Nifty Total Market,broad
V2RETAIL,V2 Retail Ltd.,Consumer Services,EQ,INE945H01021,1,broad,Nifty Microcap 250,Nifty Microcap 250|Nifty Total Market,broad
VAIBHAVGBL,Vaibhav Global Ltd.,Consumer Durables,EQ,INE884A01027,1,broad,Nifty Microcap 250,Nifty Microcap 250|Nifty Total Market,broad
VARROC,Varroc Engineering Ltd.,Automobile and Auto Components,EQ,INE665L01035,1,broad,Nifty Microcap 250,Nifty Microcap 250|Nifty Total Market,broad
VGUARD,V-Guard Industries Ltd.,Consumer Durables,EQ,INE951I01027,1,broad,Nifty Microcap 250,Nifty Microcap 250|Nifty Total Market,broad
VIJAYA,Vijaya Diagnostic Centre Ltd.,Healthcare,EQ,INE043W01024,1,broad,Nifty 500,Nifty 500|Nifty MidSmallcap 400|Nifty Smallcap 250|Nifty Total Market,broad
VIKRAMSOLR,Vikram Solar Ltd.,Capital Goods,EQ,INE078V01014,1,broad,Nifty Microcap 250,Nifty Microcap 250|Nifty Total Market,broad
VIPIND,V.I.P. Industries Ltd.,Consumer Durables,EQ,INE054A01027,1,broad,Nifty Microcap 250,Nifty Microcap 250|Nifty Total Market,broad
VIYASH,Viyash Scientific Ltd.,Healthcare,EQ,INE807F01027,1,broad,Nifty Microcap 250,Nifty Microcap 250|Nifty Total Market,broad
VMART,V-Mart Retail Ltd.,Consumer Services,EQ,INE665J01013,1,broad,Nifty Microcap 250,Nifty Microcap 250|Nifty Total Market,broad
VOLTAMP,Voltamp Transformers Ltd,Capital Goods,EQ,INE540H01012,1,broad,Nifty Microcap 250,Nifty Microcap 250|Nifty Total Market,broad
VTL,Vardhman Textiles Ltd.,Textiles,EQ,INE825A01020,1,broad,Nifty 500,Nifty 500|Nifty MidSmallcap 400|Nifty Smallcap 250|Nifty Total Market,broad
WAAREEENER,Waaree Energies Ltd.,Capital Goods,EQ,INE377N01017,1,broad,Nifty 200,Nifty 200|Nifty 500|Nifty LargeMidcap 250|Nifty MidSmallcap 400|Nifty Midcap 100|Nifty Midcap 150|Nifty Midcap 50|Nifty Total Market,broad
WAAREERTL,Waaree Renewable Technologies Ltd.,Capital Goods,EQ,INE299N01021,1,broad,Nifty Microcap 250,Nifty Microcap 250|Nifty Total Market,broad
WABAG,Va Tech Wabag Ltd.,Utilities,EQ,INE956G01038,1,broad,Nifty Microcap 250,Nifty Microcap 250|Nifty Total Market,broad
WAKEFIT,Wakefit Innovations Ltd.,Consumer Durables,EQ,INE0E7301029,1,broad,Nifty Microcap 250,Nifty Microcap 250|Nifty Total Market,broad
WEBELSOLAR,Websol Energy System Ltd.,Capital Goods,EQ,INE855C01023,1,broad,Nifty Microcap 250,Nifty Microcap 250|Nifty Total Market,broad
WELENT,Welspun Enterprises Ltd.,Construction,EQ,INE625G01013,1,broad,Nifty Microcap 250,Nifty Microcap 250|Nifty Total Market,broad
WELSPUNLIV,Welspun Living Ltd.,Textiles,EQ,INE192B01031,1,broad,Nifty 500,Nifty 500|Nifty MidSmallcap 400|Nifty Smallcap 250|Nifty Total Market,broad
WESTLIFE,Westlife Foodworld Ltd.,Consumer Services,EQ,INE274F01020,1,broad,Nifty Microcap 250,Nifty Microcap 250|Nifty Total Market,broad
WEWORK,WeWork India Management Ltd.,Services,EQ,INE085001019,1,broad,Nifty Microcap 250,Nifty Microcap 250|Nifty Total Market,broad
YATHARTH,Yatharth Hospital & Trauma Care Services Ltd.,Healthcare,EQ,INE0JO301016,1,broad,Nifty Microcap 250,Nifty Microcap 250|Nifty Total Market,broad
ZAGGLE,Zaggle Prepaid Ocean Services Ltd.,Information Technology,EQ,INE07K301024,1,broad,Nifty Microcap 250,Nifty Microcap 250|Nifty Total Market,broad
ZFCVINDIA,ZF Commercial Vehicle Control Systems India Ltd.,Automobile and Auto Components,EQ,INE342J01019,1,broad,Nifty 500,Nifty 500|Nifty MidSmallcap 400|Nifty Smallcap 250|Nifty Total Market,broad
ZYDUSWELL,Zydus Wellness Ltd.,Fast Moving Consumer Goods,EQ,INE768C01028,1,broad,Nifty 500,Nifty 500|Nifty MidSmallcap 400|Nifty Smallcap 250|Nifty Total Market,broad
