nse_symbol,isin,company_name,listing_date,active_flag,segment,series
1018GS2026,IN0020010081,GOI LOAN 10.18% 2026,,True,EQ,GS
20MICRONS,INE144J01027,20 MICRONS LTD,,True,EQ,EQ
21STCENMGM,INE253B01015,21ST CENTURY MGMT SERVICE,,True,EQ,EQ
360ONE,INE466L01038,360 ONE WAM LIMITED,,True,EQ,EQ
3BBLACKBIO,INE994E01018,3B BLACKBIO DX LTD.,,True,EQ,EQ
3IINFOLTD,INE748C01038,3I INFOTECH LIMITED,,True,EQ,BE
3MINDIA,INE470A01017,3M INDIA LIMITED,,True,EQ,EQ
3PLAND,INE105C01023,3P LAND HOLDINGS LIMITED,,True,EQ,EQ
574GS2026,IN0020210186,GOI LOAN  5.74% 2026,,True,EQ,GS
591GS2028,IN0020250034,GOI LOAN  5.91% 2028,,True,EQ,GS
5PAISA,INE618L01018,5PAISA CAPITAL LIMITED,,True,EQ,EQ
601GS2030,IN0020250067,GOI LOAN  6.01% 2030,,True,EQ,GS
603GS2029,IN0020250125,GOI LOAN  6.03% 2029,,True,EQ,GS
610GS2031,IN0020210095,GOI LOAN  6.10% 2031,,True,EQ,GS
620GS2029,IN0020260058,GOI LOAN   6.20% 2029,,True,EQ,GS
628GS2032,IN0020250059,GOI LOAN  6.28% 2032,,True,EQ,GS
636GS2031,IN0020250141,GOI LOAN  6.36% 2031,,True,EQ,GS
63MOONS,INE111B01023,63 MOONS TECHNOLOGIES LTD,,True,EQ,EQ
645GS2029,IN0020190362,GOI LOAN 6.45% 2029,,True,EQ,GS
667GS2050,IN0020200252,GOI LOAN  6.67% 2050,,True,EQ,GS
668GS2040,IN0020250042,GOI LOAN  6.68% 2040,,True,EQ,GS
676GS2061,IN0020200401,GOI LOAN  6.76% 2061,,True,EQ,GS
690GS2065,IN0020250018,GOI LOAN  6.90% 2065,,True,EQ,GS
692GS2039,IN0020240134,GOI LOAN   6.92% 2039,,True,EQ,GS
694GS2036,IN0020260025,GOI LOAN  6.94% 2036,,True,EQ,GS
695GS2061,IN0020210202,GOI LOAN  6.95% 2061,,True,EQ,GS
698GR2054,IN0020240175,GOI LOAN   6.98% 2054,,True,EQ,GS
702GS2027,IN0020240043,GOI LOAN  7.02% 2027,,True,EQ,GS
706GS2028,IN0020230010,GOI LOAN  7.06% 2028,,True,EQ,GS
706GS2041,IN0020260041,GOI LOAN  7.06% 2041,,True,EQ,GS
709GS2054,IN0020240118,GOI LOAN  7.09% 2054,,True,EQ,GS
709GS2074,IN0020240142,GOI LOAN   7.09% 2074,,True,EQ,GS
710GS2029,IN0020220011,GOI LOAN 7.10% 2029,,True,EQ,GS
716GS2050,IN0020200054,GOI LOAN 7.16% 2050,,True,EQ,GS
718GS2037,IN0020230077,GOI LOAN  7.18% 2037,,True,EQ,GS
724GS2055,IN0020250075,GOI LOAN  7.24% 2055,,True,EQ,GS
725GS2063,IN0020230044,GOI LOAN  7.25% 2063,,True,EQ,GS
726GS2032,IN0020220060,GOI LOAN  7.26% 2032,,True,EQ,GS
726GS2033,IN0020220151,GOI LOAN  7.26% 2033,,True,EQ,GS
732GS2030,IN0020230135,GOI LOAN  7.32% 2030,,True,EQ,GS
733GS2026,IN0020230119,GOI LOAN  7.33% 2026,,True,EQ,GS
734GS2064,IN0020240035,GOI LOAN  7.34% 2064,,True,EQ,GS
737GS2028,IN0020230101,GOI LOAN  7.37% 2028,,True,EQ,GS
738GS2027,IN0020220037,GOI LOAN 7.38% 2027,,True,EQ,GS
73GS2053,IN0020230051,GOI LOAN  7.3% 2053,,True,EQ,GS
741GS2036,IN0020220102,GOI LOAN  7.41% 2036,,True,EQ,GS
743GS2076,IN0020250117,GOI LOAN  7.43% 2076,,True,EQ,GS
746GS2073,IN0020230127,GOI LOAN  7.46% 2073,,True,EQ,GS
74GS2062,IN0020220094,GOI LOAN  7.4% 2062,,True,EQ,GS
754GS2036,IN0020220029,GOI LOAN  7.54% 2036,,True,EQ,GS
757GS2033,IN0020190065,GOI LOAN 7.57% 2033,,True,EQ,GS
771GS2066,IN0020260033,GOI LOAN  7.71% 2066,,True,EQ,GS
897GS2030,IN0020110055,GOI LOAN 8.97% 2030,,True,EQ,GS
92GS2030,IN0020130053,GOI LOAN 9.20% 2030,,True,EQ,GS
A2ZINFRA,INE619I01012,A2Z INFRA ENGINEERING LTD,,True,EQ,EQ
AAATECH,INE0D0U01013,AAA TECHNOLOGIES LIMITED,,True,EQ,EQ
AADHARHFC,INE883F01010,AADHAR HOUSING FINANCE L,,True,EQ,EQ
AAKAAR,INE1GYP01013,AAKAAR MEDICAL TECHNO LTD,,True,SME,SM
AAKASH,INE087Z01024,AAKASH EXPLORATION SER L,,True,EQ,EQ
AARADHYA,INE124401014,AARADHYA DISPOSAL INDUS L,,True,SME,SM
AAREYDRUGS,INE198H01019,AAREY DRUGS & PHARM LTD,,True,EQ,EQ
AARNAV,INE750R01016,AARNAV FASHIONS LIMITED,,True,EQ,BE
AARON,INE721Z01010,AARON INDUSTRIES LIMITED,,True,EQ,EQ
AARTECH,INE01C001026,AARTECH SOLONICS LIMITED,,True,EQ,BE
AARTIDRUGS,INE767A01016,AARTI DRUGS LTD.,,True,EQ,EQ
AARTIIND,INE769A01020,AARTI INDUSTRIES LTD,,True,EQ,EQ
AARTIPHARM,INE0LRU01027,AARTI PHARMALABS LIMITED,,True,EQ,EQ
AARTISURF,INE09EO01013,AARTI SURFACTANTS LIMITED,,True,EQ,BE
AARVI,INE754X01016,AARVI ENCON LIMITED,,True,EQ,EQ
AASTHA,INE2FMX01012,AASTHA SPINTEX LIMITED,,True,EQ,EQ
AAVAS,INE216P01012,AAVAS FINANCIERS LIMITED,,True,EQ,EQ
ABAN,INE421A01028,ABAN OFFSHORE LTD.,,True,EQ,BE
ABANSENT,INE365O01028,ABANS ENTERPRISES LTD.,,True,EQ,EQ
ABB,INE117A01022,ABB INDIA LIMITED,,True,EQ,EQ
ABBOTINDIA,INE358A01014,ABBOTT INDIA LIMITED,,True,EQ,EQ
ABCAPITAL,INE674K01013,ADITYA BIRLA CAPITAL LTD.,,True,EQ,EQ
ABCOTS,INE08PH01015,A B COTSPIN INDIA LIMITED,,True,EQ,EQ
ABDL,INE552Z01027,ALLIED BLEND N DISTILS L,,True,EQ,EQ
ABFRL,INE647O01011,ADITYA BIRLA FASHION & RT,,True,EQ,EQ
ABGSEC,INF209KC1134,BIRLASLAMC - ABGSEC,,True,ETF,EQ
ABH,INE1R2M01019,ABH HEALTHCARE LIMITED,,True,SME,ST
ABHAPOWER,INE0UYG01015,ABHA POWER N STEEL LTD,,True,SME,SM
ABINFRA,INE00YB01025,A B INFRABUILD LIMITED,,True,EQ,BE
ABLBL,INE14LE01019,ADITYA BIRLA LIFES BRAN L,,True,EQ,EQ
ABMINTLLTD,INE251C01025,ABM INTERNATIONAL LTD,,True,EQ,BE
ABMKNO,INE850B01026,A B M KNOWLEDGEWARE LTD.,,True,EQ,EQ
ABREL,INE055A01016,ADITYA BIRLA REAL EST LTD,,True,EQ,EQ
ABSL10BANK,INF209KC1670,BIRLASLAMC - ABSL10BANK,,True,ETF,EQ
ABSLAMC,INE404A01024,ADIT BIRL SUN LIF AMC LTD,,True,EQ,EQ
ABSLBANETF,INF209KB17D5,BIRLASLAMC - ABSLBANETF,,True,ETF,EQ
ABSLLIQUID,INF209KB18T9,BIRLASLAMC - ABSLLIQUID,,True,ETF,EQ
ABSLMSCIN,INF209KC1662,BIRLASLAMC - ABSLMSCIN,,True,ETF,EQ
ABSLNN50ET,INF209KB16D7,BIRLASLAMC - ABSLNN50ET,,True,ETF,EQ
ABSLPSE,INF209KB19Z4,BIRLASLAMC-ABSLPSE,,True,ETF,EQ
ABSMARINE,INE0QRV01016,ABS MARINE SERVICES LTD,,True,SME,SM
ACC,INE012A01025,ACC LIMITED,,True,EQ,EQ
ACCELYA,INE793A01012,ACCELYA SOLN INDIA LTD,,True,EQ,EQ
ACCENTMIC,INE0Q5D01013,ACCENT MICROCELL LIMITED,,True,SME,SM
ACCPL,INE0T8T01010,ACCRETION PHARMA LIMITED,,True,SME,ST
ACCURACY,INE648Z01023,ACCURACY SHIPPING LIMITED,,True,EQ,BE
ACE,INE731H01025,ACTION CONST EQUIP LTD,,True,EQ,EQ
ACEINTEG,INE543V01017,ACE INTEGRATED SOLU. LTD.,,True,EQ,EQ
ACETEC,INE1J6M01010,ACETECH E-COMMERCE LTD,,True,SME,SM
ACGL,INE451C01013,AUTOMOBILE CORPN OF GOA L,,True,EQ,EQ
ACI,INE128X01021,ARCHEAN CHEMICAL IND LTD,,True,EQ,EQ
ACL,INE666E01020,ANDHRA CEMENTS LIMITED,,True,EQ,EQ
ACMESOLAR,INE622W01025,ACME SOLAR HOLDINGS LTD,,True,EQ,EQ
ACSTECH,INE366C01021,A C S TECHNOLOGIES LTD.,,True,EQ,BE
ACTIVEINFR,INE0KLO01025,ACTIVE INFRASTRUCTURES L,,True,SME,SM
ACUTAAS,INE00FF01025,ACUTAAS CHEMICALS LIMITED,,True,EQ,EQ
ADANIENSOL,INE931S01010,ADANI ENERGY SOLUTION LTD,,True,EQ,EQ
ADANIENT,INE423A01024,ADANI ENTERPRISES LIMITED,,True,EQ,EQ
ADANIGREEN,INE364U01010,ADANI GREEN ENERGY LTD,,True,EQ,EQ
ADANIPORTS,INE742F01042,ADANI PORT & SEZ LTD,,True,EQ,EQ
ADANIPOWER,INE814H01029,ADANI POWER LTD,,True,EQ,EQ
ADDICTIVE,INE0RDH01021,ADDICTIVE LEARNING TECH L,,True,SME,SM
ADDIND,INE757C01021,ADDI INDUSTRIES LTD.,,True,EQ,EQ
ADFFOODS,INE982B01027,ADF FOODS LIMITED,,True,EQ,EQ
ADISOFT,INE20PL01012,ADISOFT TECHNOLOGIES LTD,,True,SME,SM
ADL,INE0CHO01012,ARCHIDPLY DECOR LIMITED,,True,EQ,EQ
ADOR,INE045A01017,ADOR WELDING LTD,,True,EQ,EQ
ADROITINFO,INE737B01033,ADROIT INFOTECH LIMITED,,True,EQ,EQ
ADSL,INE102I01027,ALLIED DIGITAL SERV. LTD,,True,EQ,EQ
ADVAIT,INE0ALI01010,ADVAIT ENRGY TRANSITION L,,True,EQ,EQ
ADVANCE,INE1B0W01010,ADVANCE AGROLIFE LIMITED,,True,EQ,EQ
ADVANIHOTR,INE199C01026,ADVANI HOT.& RES.(I) LTD,,True,EQ,EQ
ADVENTHTL,INE28GN01010,ADVENT HOTELS INTERNATI L,,True,EQ,EQ
ADVENZYMES,INE837H01020,ADVANCED ENZYME TECH LTD,,True,EQ,EQ
ADVIKCA,INE178T01024,ADVIK CAPITAL LTD.,,True,EQ,EQ
AEGISLOG,INE208C01025,AEGIS LOGISTICS LIMITED,,True,EQ,EQ
AEGISVOPAK,INE0INX01018,AEGIS VOPAK TERMINALS LTD,,True,EQ,EQ
AEPL,INE757T01025,ARTEMIS ELECTRICALS & P L,,True,EQ,EQ
AEQUS,INE947N01017,AEQUS LIMITED,,True,EQ,EQ
AEROENTER,INE065D01027,AEROFLEX ENTERPRISES LTD,,True,EQ,EQ
AEROFLEX,INE024001021,AEROFLEX INDUSTRIES LTD,,True,EQ,EQ
AERON,INE0WL801011,AERON COMPOSITE LIMITED,,True,SME,SM
AERONEU,INE035801013,AEROFLEX NEU LIMITED,,True,EQ,EQ
AEROPLANE,INE05TO01019,AMIR CHAND JAG KUM (E) L,,True,EQ,EQ
AESTHETIK,INE0TSF01011,AESTHETIK ENGINEERS LTD,,True,SME,SM
AETHER,INE0BWX01014,AETHER INDUSTRIES LIMITED,,True,EQ,EQ
AFCONS,INE101I01011,AFCONS INFRASTRUCTURE LTD,,True,EQ,EQ
AFFLE,INE00WC01027,AFFLE 3I LIMITED,,True,EQ,EQ
AFFORDABLE,INE692Z01013,AFFORD ROBO & AUTO LTD,,True,EQ,EQ
AFIL,INE916Y01027,AKME FINTRADE (INDIA) LTD,,True,EQ,EQ
AFSL,INE00ZE01026,ABANS FINANCIAL SRVCS LTD,,True,EQ,EQ
AGARIND,INE204E01012,AGARWAL INDS CORP LTD.,,True,EQ,EQ
AGARWALEYE,INE943P01029,DR AGARWALS HEALTH CARE L,,True,EQ,EQ
AGARWALFT,INE0MLA01012,AGARWAL FLOAT GLASS I LTD,,True,SME,SM
AGARWALTUF,INE0P8X01016,AGARWAL TOUGH GLASS IND L,,True,SME,SM
AGI,INE415A01038,AGI GREENPAC LIMITED,,True,EQ,EQ
AGIIL,INE976R01033,AGI INFRA LIMITED,,True,EQ,EQ
AGL,INE1YPB01014,ALLCARGO GLOBAL LIMITED,,True,EQ,EQ
AGRITECH,INE449G01018,AGRI-TECH (INDIA) LIMITED,,True,EQ,EQ
AGROPHOS,INE740V01019,AGRO PHOS INDIA LIMITED,,True,EQ,EQ
AGSTRA,INE583L01014,AGS TRANSACT TECH LTD,,True,EQ,BZ
AHCL,INE0Y8W01025,ANLON HEALTHCARE LIMITED,,True,EQ,EQ
AHLADA,INE00PV01013,AHLADA ENGINEERS LIMITED,,True,EQ,EQ
AHLEAST,INE926K01017,ASIAN HOTELS (EAST) LTD,,True,EQ,EQ
AHLUCONT,INE758C01029,AHLUWALIA CONT IND LTD,,True,EQ,EQ
AHLWEST,INE915K01010,ASIAN HOTELS (WEST) LTD,,True,EQ,BE
AIAENG,INE212H01026,AIA ENGINEERING LIMITED,,True,EQ,EQ
AIIL,INE206F01022,AUTHUM INVEST & INFRA LTD,,True,EQ,EQ
AILIMITED,INE0CAJ01017,ABHISHEK INTEGRATIONS LTD,,True,SME,SM
AIMTRON,INE0RUV01018,AIMTRON ELECTRONICS LTD,,True,SME,SM
AIRAN,INE645W01026,AIRAN LIMITED,,True,EQ,EQ
AIROLAM,INE801L01010,AIRO LAM LIMITED,,True,EQ,EQ
AISL,INE635Y01015,ANI INTEGRATED SERV LTD.,,True,SME,SM
AJANTPHARM,INE031B01049,AJANTA PHARMA LIMITED,,True,EQ,EQ
AJAXENGG,INE274Y01021,AJAX ENGINEERING LIMITED,,True,EQ,EQ
AJMERA,INE298G01035,AJMERA REALTY & INF I LTD,,True,EQ,EQ
AJOONI,INE820Y01021,AJOONI BIOTECH LIMITED,,True,EQ,EQ
AKANKSHA,INE0PCY01014,AKANKSHA POWER N INFRA L,,True,SME,SM
AKASH,INE737W01013,AKASH INFRA-PROJECTS LTD,,True,EQ,EQ
AKCAPIT,INE701G01012,A K CAPITAL SERVICES LTD.,,True,EQ,EQ
AKG,INE00Y801016,AKG EXIM LIMITED,,True,EQ,EQ
AKI,INE642Z01026,AKI INDIA LIMITED,,True,EQ,EQ
AKIKO,INE0PMR01017,AKIKO GLOBAL SERVICES L,,True,SME,SM
AKSHAR,INE256Z01025,AKSHAR SPINTEX LIMITED,,True,EQ,EQ
AKSHARCHEM,INE542B01011,AKSHARCHEM INDIA LIMITED,,True,EQ,BE
AKSHOPTFBR,INE523B01011,AKSH OPTIFIBRE  LTD,,True,EQ,BE
AKUMS,INE09XN01023,AKUMS DRUGS AND PHARMA L,,True,EQ,EQ
ALANKIT,INE914E01040,ALANKIT LIMITED,,True,EQ,EQ
ALBERTDAVD,INE155C01010,ALBERT DAVID LIMITED,,True,EQ,EQ
ALEMBICLTD,INE426A01027,ALEMBIC LIMITED,,True,EQ,EQ
ALFREDHE,INE782D01027,ALFRED HERBERT INDIA L,,True,EQ,EQ
ALGOQUANT,INE598D01035,ALGOQUANT FINTECH LIMITED,,True,EQ,EQ
ALICON,INE062D01024,ALICON CASTALLOY LIMITED,,True,EQ,EQ
ALIVUS,INE03Q201024,ALIVUS LIFE SCIENCES LTD,,True,EQ,EQ
ALKALI,INE773I01017,ALKALI METALS LTD,,True,EQ,BE
ALKEM,INE540L01014,ALKEM LABORATORIES LTD.,,True,EQ,EQ
ALKYLAMINE,INE150B01039,ALKYL AMINES CHEM. LTD,,True,EQ,EQ
ALLCARGO,INE418H01029,ALLCARGO LOGISTICS LTD,,True,EQ,EQ
ALLDIGI,INE835G01018,ALLDIGI TECH LIMITED,,True,EQ,EQ
ALLETEC,INE0M2X01012,ALL E TECHNOLOGIES LTD,,True,SME,SM
ALLTIME,INE0GV601021,ALL TIME PLASTICS LIMITED,,True,EQ,EQ
ALMONDZ,INE326B01035,ALMONDZ GLOBAL SEC LTD,,True,EQ,EQ
ALOKINDS,INE270A01029,ALOK INDUSTRIES LIMITED,,True,EQ,EQ
ALPA,INE385I01010,ALPA LABORATORIES LTD,,True,EQ,EQ
ALPEXSOLAR,INE0R4701017,ALPEX SOLAR LIMITED,,True,SME,SM
ALPHA,INF174KA1IA5,KOTAKMAMC - KOTAKALPHA,,True,ETF,EQ
ALPHAETF,INF769K01KU7,MIRAEAMC - ALPHAETF,,True,ETF,EQ
ALPHAGEO,INE137C01018,ALPHAGEO (INDIA) LIMITED,,True,EQ,BE
ALPINETEX,INE1JCQ01037,ALPINE TEXWORLD LIMITED,,True,EQ,EQ
ALPL30IETF,INF109KC17V7,ICICIPRAMC - ICICIALPLV,,True,ETF,EQ
ALUFLUOR,INE058F01019,ALUFLUORIDE LTD.,,True,EQ,EQ
ALUWIND,INE0STM01017,ALUWIND INFRA-TECH LTD,,True,SME,SM
AMAGI,INE121R01077,AMAGI MEDIA LABS LIMITED,,True,EQ,EQ
AMAL,INE841D01013,AMAL LTD.,,True,EQ,EQ
AMANTA,INE084K01015,AMANTA HEALTHCARE LIMITED,,True,EQ,BE
AMARJOTHI,INE484D01012,AMARJOTHI SPINNING MILL L,,True,EQ,EQ
AMBAAUTO,INE293601014,AMBA AUTO SALES AND SER L,,True,SME,SM
AMBALALSA,INE432A01017,AMBALAL SARABHAI ENT L,,True,EQ,BE
AMBER,INE371P01015,AMBER ENTERPRISES (I) LTD,,True,EQ,EQ
AMBICAAGAR,INE792B01012,AMBICA AGAR & AROMAINDLTD,,True,EQ,EQ
AMBIKCO,INE540G01014,AMBIKA COTTON MILL LTD.,,True,EQ,EQ
AMBUJACEM,INE079A01024,AMBUJA CEMENTS LTD,,True,EQ,EQ
AMCL,INE0VG001016,ANB METAL CAST LIMITED,,True,SME,SM
AMDIND,INE005I01014,AMD INDUSTRIES LIMITED,,True,EQ,EQ
AMJLAND,INE606A01024,AMJ LAND HOLDINGS LIMITED,,True,EQ,EQ
AMNPLST,INE275D01022,AMINES & PLASTICIZERS LTD,,True,EQ,EQ
AMRUTANJAN,INE098F01031,AMRUTAJAN HEALTH LTD,,True,EQ,EQ
ANANDRATHI,INE463V01026,ANAND RATHI WEALTH LTD,,True,EQ,EQ
ANANTAM,INE1UA823019,ANANTAM HIGHWAYS TRUST,,True,INVIT,IV
ANANTRAJ,INE242C01024,ANANT RAJ LIMITED,,True,EQ,EQ
ANAWIL,INE1J5V01013,ANAWIL WIRE AND ENGIN LTD,,True,SME,SM
ANDHRAPAP,INE435A01051,ANDHRA PAPER LIMITED,,True,EQ,EQ
ANDHRSUGAR,INE715B01021,ANDHRA SUGARS LTD,,True,EQ,EQ
ANDREWYU,INE449C01025,ANDREW YULE & CO. LTD.,,True,EQ,EQ
ANGELONE,INE732I01021,ANGEL ONE LIMITED,,True,EQ,EQ
ANIKINDS,INE087B01017,ANIK INDUSTRIES LTD,,True,EQ,EQ
ANKITMETAL,INE106I01010,ANKIT MET & POW LTD,,True,EQ,BZ
ANLON,INE0LR101013,ANLON TECHNOLOGY SOL LTD,,True,SME,SM
ANMOL,INE02AR01019,ANMOL INDIA LIMITED,,True,EQ,EQ
ANNAPURNA,INE0MGM01017,ANNAPURNA SWADISHT LTD,,True,EQ,EQ
ANNU,INE103001017,ANNU PROJECTS LIMITED,,True,EQ,BE
ANONDITA,INE0VTV01012,ANONDITA MEDICARE LIMITED,,True,SME,SM
ANSALAPI,INE436A01026,ANSAL PROP & INFRA LTD,,True,EQ,BZ
ANSALBU,INE030C01015,ANSAL BUILDWELL LTD.,,True,EQ,EQ
ANTELOPUS,INE818A01017,ANTELOPUS SELAN ENRGY LTD,,True,EQ,EQ
ANTGRAPHIC,INE414B01021,ANTARCTICA LTD,,True,EQ,EQ
ANTHEM,INE0CZ201020,ANTHEM BIOSCIENCES LTD,,True,EQ,EQ
ANUHPHR,INE489G01022,ANUH PHARMA LIMITED,,True,EQ,EQ
ANUP,INE294Z01018,THE ANUP ENGINEERING LTD,,True,EQ,EQ
ANURAS,INE930P01018,ANUPAM RASAYAN INDIA LTD,,True,EQ,EQ
ANYA,INE0SI601032,ANYA POLYTECH & FERTI LTD,,True,SME,SM
ANZEN,INE0MIZ23019,ANZEN IND ENE YLD PLU TRU,,True,INVIT,IV
AONEGOLD,INF1J2R01114,AONEAMC - AONEGOLD,,True,ETF,EQ
AONELIQUID,INF1J2R01056,AONEAMC - AONELIQUID,,True,ETF,EQ
AONENIFTY,INF1J2R01064,AONEAMC - AONENIFTY,,True,ETF,EQ
AONESILVER,INF1J2R01171,AONEAMC - AONESILVER,,True,ETF,EQ
AONETMMQ50,INF1J2R01148,AONEAMC - AONETMMQ50,,True,ETF,EQ
AONETOTAL,INF1J2R01015,AONEAMC - AONETOTAL,,True,ETF,EQ
APARINDS,INE372A01015,APAR INDUSTRIES LTD.,,True,EQ,EQ
APCL,INE071F01012,ANJANI PORTLAND CEM LTD,,True,EQ,EQ
APCOTEXIND,INE116A01032,APCOTEX INDUSTRIES LIMITE,,True,EQ,EQ
APEX,INE346W01013,APEX FROZEN FOODS LIMITED,,True,EQ,EQ
APEXECO,INE0T4V01015,APEX ECOTECH LIMITED,,True,SME,ST
APLAPOLLO,INE702C01027,APL APOLLO TUBES LTD,,True,EQ,EQ
APLLTD,INE901L01018,ALEMBIC PHARMA LTD,,True,EQ,EQ
APOLLO,INE713T01028,APOLLO MICRO SYSTEMS LTD,,True,EQ,EQ
APOLLOHOSP,INE437A01024,APOLLO HOSPITALS ENTER. L,,True,EQ,EQ
APOLLOPIPE,INE126J01016,APOLLO PIPES LIMITED,,True,EQ,EQ
APOLLOTYRE,INE438A01022,APOLLO TYRES LTD,,True,EQ,EQ
APOLSINHOT,INE451F01024,APOLLO SINDOORI HOTEL LTD,,True,EQ,EQ
APOORVA,INE217S01014,APOORVA LEAS F & INV C L,,True,EQ,EQ
APRAMEYA,INE0LQG01010,APRAMEYA ENGINEERING LTD,,True,SME,SM
APS,INE0P0001010,AUSTRALIAN PREM SOLAR I L,,True,SME,SM
APSISAERO,INE1OOJ01011,APSIS AEROCOM LIMITED,,True,SME,ST
APTECHT,INE266F01018,APTECH LIMITED,,True,EQ,BE
APTUS,INE852O01025,APTUS VALUE HSG FIN I LTD,,True,EQ,EQ
AQYLON,INE416A01051,AQYLON NEXUS LIMITED,,True,EQ,EQ
ARABIAN,INE08NJ01024,ARABIAN PETROLEUM LIMITED,,True,SME,SM
ARCHIDPLY,INE877I01016,ARCHIDPLY IND. LTD,,True,EQ,EQ
ARCHIES,INE731A01020,ARCHIES LTD,,True,EQ,EQ
ARCIIL,INE0YDV01010,ARC INSULATION & INSU LTD,,True,SME,SM
ARCL,INE372M01010,ARCL ORGANICS LTD.,,True,EQ,EQ
ARDEE,INE0XNF01022,ARDEE INDUSTRIES LIMITED,,True,EQ,EQ
ARE&M,INE885A01032,AMARA RAJA ENERGY MOB LTD,,True,EQ,EQ
ARENTERP,INE610C01014,RAJDARSHAN INDUSTRIES LTD,,True,EQ,EQ
ARFIN,INE784R01023,ARFIN INDIA LIMITED,,True,EQ,EQ
ARHAM,INE0L2Y01011,ARHAM TECHNOLOGIES LTD,,True,SME,SM
ARIES,INE298I01015,ARIES AGRO LTD.,,True,EQ,EQ
ARIHANT,INE413D01011,ARIHANT FOUN & HOU LTD,,True,EQ,EQ
ARIHANTCAP,INE420B01036,ARIHANT CAPITAL MKTS LTD,,True,EQ,EQ
ARIHANTSUP,INE643K01018,ARIHANT SUPERSTRUCT LTD,,True,EQ,EQ
ARIS,INE0H9P01028,ARISINFRA SOLUTIONS LTD,,True,EQ,EQ
ARISTO,INE082101010,ARISTO BIO T AND LIFESC L,,True,SME,SM
ARKADE,INE0QRL01017,ARKADE DEVELOPERS LIMITED,,True,EQ,EQ
ARMANFIN,INE109C01017,ARMAN FIN SERV LTD,,True,EQ,EQ
AROGRANITE,INE210C01013,ARO GRANITE IND. LTD.,,True,EQ,EQ
ARROWGREEN,INE570D01018,ARROW GREENTECH LIMITED,,True,EQ,BE
ARSHIYA,INE968D01022,ARSHIYA LIMITED,,True,EQ,BZ
ARSSBL,INE549H01021,ANAND RATHI SH N STK BR L,,True,EQ,EQ
ARTEMISMED,INE025R01021,ARTEMIS MED SERVICE LTD,,True,EQ,EQ
ARTNIRMAN,INE738V01013,ART NIRMAN LIMITED,,True,EQ,EQ
ARUNAYA,INE0TTG01017,ARUNAYA ORGANICS LIMITED,,True,SME,SM
ARVEE,INE006Z01016,ARVEE LABORATORIES I LTD,,True,EQ,EQ
ARVIND,INE034A01011,ARVIND LIMITED,,True,EQ,EQ
ARVINDFASN,INE955V01021,ARVIND FASHIONS LIMITED,,True,EQ,EQ
ARVINDPORT,INE0P4T01013,ARVIND PORT AND INFRA LTD,,True,SME,SM
ARVSMART,INE034S01021,ARVIND SMARTSPACES LTD,,True,EQ,EQ
ARYAMAN,INE032E01017,ARYAMAN FINANCIAL SERV L,,True,EQ,EQ
ASAHIINDIA,INE439A01020,ASAHI INDIA GLASS LIMITED,,True,EQ,EQ
ASAHISONG,INE228I01012,ASAHI SONGWON COLOR LTD,,True,EQ,BE
ASAL,INE900C01027,AUTOMOTIVE STAMPINGS & AS,,True,EQ,EQ
ASALCBR,INE073G01016,ASSO ALCOHOLS & BREW LTD,,True,EQ,EQ
ASHALOG,INE0LAA01017,ASHAPURA LOGISTICS LTD,,True,SME,SM
ASHAPURMIN,INE348A01023,ASHAPURA MINECHEM LTD,,True,EQ,EQ
ASHIANA,INE365D01021,ASHIANA HOUSING LTD,,True,EQ,EQ
ASHIKAG,INE094B01013,ASHIKA GLOBAL SEC LTD,,True,EQ,BE
ASHIMASYN,INE440A01010,ASHIMA LTD,,True,EQ,EQ
ASHOKA,INE442H01029,ASHOKA BUILDCON LTD,,True,EQ,EQ
ASHOKAMET,INE760Y01011,ASHOKA METCAST LIMITED,,True,EQ,EQ
ASHOKLEY,INE208A01029,ASHOK LEYLAND LTD,,True,EQ,EQ
ASHWINI,INE1A6Q01010,ASHWINI CONTAINER MOVER L,,True,SME,SM
ASIANENE,INE276G01015,ASIAN ENERGY SERVICES LTD,,True,EQ,EQ
ASIANHOTNR,INE363A01022,ASIAN HOTELS (NORTH) LTD,,True,EQ,EQ
ASIANPAINT,INE021A01026,ASIAN PAINTS LIMITED,,True,EQ,EQ
ASIANTILES,INE022I01019,ASIAN GRANITO IND. LTD.,,True,EQ,EQ
ASIANTNE,INE822B01017,ASIAN TEA & EXPORTS LTD.,,True,EQ,EQ
ASKAUTOLTD,INE491J01022,ASK AUTOMOTIVE LIMITED,,True,EQ,EQ
ASMS,INE855F01042,AVIO SMART MRKT STACK LTD,,True,EQ,BE
ASPINWALL,INE991I01015,ASPINWALL & CO LTD,,True,EQ,EQ
ASSAMENT,INE165G01010,ASSAM ENTRADE LIMITED,,True,EQ,EQ
ASTAR,INE194D01017,ASIAN STAR CO. LTD.,,True,EQ,EQ
ASTEC,INE563J01010,ASTEC LIFESCIENCES LTD,,True,EQ,EQ
ASTERDM,INE914M01019,ASTER DM QUALITY CARE LTD,,True,EQ,EQ
ASTRAL,INE006I01046,ASTRAL LIMITED,,True,EQ,EQ
ASTRAMICRO,INE386C01029,ASTRA MICROWAVE LTD,,True,EQ,EQ
ASTRAZEN,INE203A01020,ASTRAZENECA PHARMA IND LT,,True,EQ,EQ
ASTRON,INE646X01014,ASTRON PAPER BORD MIL LTD,,True,EQ,BZ
ATALREAL,INE0ALR01029,ATAL REALTECH LIMITED,,True,EQ,EQ
ATAM,INE09KD01013,ATAM VALVES LIMITED,,True,EQ,EQ
ATCENERGY,INE0V0Q01019,ATC ENERGIES SYSTEM LTD,,True,SME,ST
ATGL,INE399L01023,ADANI TOTAL GAS LIMITED,,True,EQ,EQ
ATHERENERG,INE0LEZ01016,ATHER ENERGY LIMITED,,True,EQ,EQ
ATL,INE0NN701020,ALLCARGO TERMINALS LTD,,True,EQ,EQ
ATLANTAA,INE285H01022,ATLANTAA LIMITED,,True,EQ,EQ
ATLANTAELE,INE0Z4F01028,ATLANTA ELECTRICALS LTD,,True,EQ,EQ
ATLASCYCLE,INE446A01025,ATLAS CYCLE (HARYANA) LTD,,True,EQ,EQ
ATLPP,IN90NN701011,ATL RE.0.50 PPD UP,,True,EQ,E1
ATMASTCO,INE05DH01017,ATMASTCO LIMITED,,True,SME,SM
ATUL,INE100A01010,ATUL LTD,,True,EQ,EQ
ATULAUTO,INE951D01028,ATUL AUTO LIMITED,,True,EQ,EQ
AUBANK,INE949L01017,AU SMALL FINANCE BANK LTD,,True,EQ,EQ
AUGMONT,INE16W401027,AUGMONT ENTERPRISES LTD,,True,EQ,EQ
AURIONPRO,INE132H01018,AURIONPRO SOLN LTD,,True,EQ,EQ
AUROIMPEX,INE0NUL01018,AURO IMPEX & CHEMICALS L,,True,SME,SM
AUROPHARMA,INE406A01037,AUROBINDO PHARMA LTD,,True,EQ,EQ
AURUM,INE898S01029,AURUM PROPTECH LIMITED,,True,EQ,EQ
AURUS,INE142K01011,AURUS GEM CORP LIMITED,,True,EQ,EQ
AUSL,INE01YQ01013,ADITYA ULTRA STEEL LTD,,True,SME,SM
AUSOMENT,INE218C01016,AUSOM ENTERPRISE LIMITED,,True,EQ,EQ
AUSTENG,INE759F01012,AUSTIN ENGINEERING CO. L,,True,EQ,EQ
AUTOAXLES,INE449A01011,AUTOMOTIVE AXLES LIMITED,,True,EQ,EQ
AUTOBEES,INF204KC1337,NIPPONAMC - NETFAUTO,,True,ETF,EQ
AUTOIETF,INF109KC10V2,ICICIPRAMC - ICICIAUTO,,True,ETF,EQ
AUTOIND,INE718H01014,AUTOLINE INDUSTRIES LTD,,True,EQ,EQ
AVADHSUGAR,INE349W01017,AVADH SUG & ENERGY LTD,,True,EQ,EQ
AVALON,INE0LCL01028,AVALON TECHNOLOGIES LTD,,True,EQ,EQ
AVANA,INE1KU201016,AVANA ELECTROSYSTEMS LTD,,True,SME,ST
AVANCE,INE758A01072,AVANCE TECHNOLOGIES LTD.,,True,EQ,EQ
AVANTEL,INE005B01027,AVANTEL LIMITED,,True,EQ,EQ
AVANTIFEED,INE871C01038,AVANTI FEEDS LIMITED,,True,EQ,EQ
AVG,INE680Z01018,AVG LOGISTICS LIMITED,,True,EQ,BE
AVIANSH,INE0TFB01017,AVI ANSH TEXTILE LIMITED,,True,SME,SM
AVIENCE,INE0V9I01017,AVIENCE BIOMEDICALS LTD,,True,SME,SM
AVL,INE679V01027,ADITYA VISION LIMITED,,True,EQ,EQ
AVONMORE,INE323B01024,AVONMORE CAP&MGT SERV LTD,,True,EQ,EQ
AVPINFRA,INE0R9401019,AVP INFRACON LIMITED,,True,SME,SM
AVROIND,INE652Z01025,AVRO INDIA LIMITED,,True,EQ,EQ
AVTNPL,INE488D01021,AVT NATURAL PRODUCTS LTD,,True,EQ,EQ
AWFIS,INE108V01019,AWFIS SPACE SOLUTIONS LTD,,True,EQ,EQ
AWHCL,INE01BK01022,ANTONY WASTE HDG CELL LTD,,True,EQ,EQ
AWL,INE699H01024,AWL AGRI BUSINESS LIMITED,,True,EQ,EQ
AXISBANK,INE238A01034,AXIS BANK LIMITED,,True,EQ,EQ
AXISCADES,INE555B01013,AXISCADES TECH LTD,,True,EQ,EQ
AXITA,INE02EZ01022,AXITA COTTON LIMITED,,True,EQ,EQ
AXTEL,INE767C01012,AXTEL INDUSTRIES LTD.,,True,EQ,EQ
AYE,INE501X01029,AYE FINANCE LIMITED,,True,EQ,EQ
AYMSYNTEX,INE193B01039,AYM SYNTEX LIMITED,,True,EQ,EQ
AZAD,INE02IJ01035,AZAD ENGINEERING LIMITED,,True,EQ,EQ
AZADIND,INE566M01017,AZAD INDIA MOBILITY LTD.,,True,EQ,EQ
BABAFP,INE0QW501012,BABA FOOD PROCESSING,,True,SME,SM
BAFNAPH,INE878I01022,BAFNA PHARMACEUTICALS LTD,,True,EQ,BE
BAGDIGITAL,INE17CQ01015,B.A.G.CONVERGENCE LIMITED,,True,SME,SM
BAGFILMS,INE116D01028,B.A.G FILMS AND MEDIA LTD,,True,EQ,EQ
BAGMANE,INE2OVN25015,BAGMANE PRIME OFFICE REIT,,True,EQ,RR
BAHETI,INE029Q01017,BAHETI RECYCLING IND LTD,,True,SME,SM
BAIDFIN,INE020D01022,BAID FINSERV LIMITED,,True,EQ,EQ
BAJAJ-AUTO,INE917I01010,BAJAJ AUTO LIMITED,,True,EQ,EQ
BAJAJCON,INE933K01021,BAJAJ CONSUMER CARE LTD,,True,EQ,EQ
BAJAJELEC,INE193E01025,BAJAJ ELECT.LTD,,True,EQ,EQ
BAJAJFINSV,INE918I01026,BAJAJ FINSERV LTD.,,True,EQ,EQ
BAJAJHCARE,INE411U01027,BAJAJ HEALTHCARE LIMITED,,True,EQ,EQ
BAJAJHFL,INE377Y01014,BAJAJ HOUSING FINANCE LTD,,True,EQ,EQ
BAJAJHIND,INE306A01021,BAJAJ HINDUSTHAN SUGAR LT,,True,EQ,EQ
BAJAJHLDNG,INE118A01012,BAJAJ HOLDINGS & INVS LTD,,True,EQ,EQ
BAJAJINDEF,INE0O9T01021,INDEF MANUFACTURING LTD,,True,EQ,EQ
BAJAJST,INE704G01024,BAJAJ STEEL INDS. LTD.,,True,EQ,EQ
BAJEL,INE0KQN01018,BAJEL PROJECTS LIMITED,,True,EQ,EQ
BAJFINANCE,INE296A01032,BAJAJ FINANCE LIMITED,,True,EQ,EQ
BALAJEE,INE0S2G01011,SHREE TIRUPATI BALAJEE L,,True,EQ,EQ
BALAJIPHOS,INE0PQ601019,BALAJI PHOSPHATES LIMITED,,True,SME,SM
BALAJITELE,INE794B01026,BALAJI TELEFILMS LIMITED.,,True,EQ,EQ
BALAMINES,INE050E01027,BALAJI AMINES LIMITED,,True,EQ,EQ
BALAXI,INE618N01022,BALAXI PHARMA LTD,,True,EQ,EQ
BALCO,INE0U0201016,SOLVE PLASTIC PRODUCTS L,,True,SME,SM
BALKRISHNA,INE875R01011,BALKRISHNA PAPER MILLS L,,True,EQ,EQ
BALKRISIND,INE787D01026,BALKRISHNA IND. LTD,,True,EQ,EQ
BALMLAWRIE,INE164A01016,BALMER LAWRIE & CO LTD,,True,EQ,EQ
BALPHARMA,INE083D01012,BAL PHARMA LTD.,,True,EQ,EQ
BALRAMCHIN,INE119A01028,BALRAMPUR CHINI MILLS LTD,,True,EQ,EQ
BALUFORGE,INE011E01029,BALU FORGE INDUSTRIES LTD,,True,EQ,EQ
BANARBEADS,INE655B01011,BANARAS BEADS LTD,,True,EQ,EQ
BANARISUG,INE459A01010,BANNARI AMMAN SUGARS LTD,,True,EQ,EQ
BANCOINDIA,INE213C01025,BANCO PRODUCTS (I) LTD,,True,EQ,EQ
BANDHANBNK,INE545U01014,BANDHAN BANK LIMITED,,True,EQ,EQ
BANG,INE863I01016,BANG OVERSEAS LTD.,,True,EQ,EQ
BANK10ADD,INF740KA1YH2,DSPAMC - BANK10ADD,,True,ETF,EQ
BANK10BETF,INF0QA701CI0,BFAM - BANK10BETF,,True,ETF,EQ
BANKA,INE862Y01015,BANKA BIOLOO LIMITED,,True,EQ,EQ
BANKADD,INF740KA1RX3,DSPAMC - DSPBANK,,True,ETF,EQ
BANKBARODA,INE028A01039,BANK OF BARODA,,True,EQ,EQ
BANKBEES,INF204KB15I9,NIP IND ETF BANK BEES,,True,ETF,EQ
BANKBETA,INF789F1AUV1,UTIAMC-BANKBETA,,True,ETF,EQ
BANKBETF,INF0QA701714,BFAM - BANKBETF,,True,ETF,EQ
BANKETF,INF769K01KR3,MIRAEAMC - BANKETF,,True,ETF,EQ
BANKIETF,INF109KC15I8,ICICIPRAMC - IPRU5008,,True,ETF,EQ
BANKINDIA,INE084A01016,BANK OF INDIA,,True,EQ,EQ
BANKNIFTY1,INF174KA1ZB7,KOTAKMAMC-KOTAKBKETF,,True,ETF,EQ
BANKPSU,INF769K01LZ4,MIRAEAMC - BANKPSU,,True,ETF,EQ
BANSALWIRE,INE0B9K01025,BANSAL WIRE INDUSTRIES L,,True,EQ,EQ
BANSWRAS,INE629D01020,BANSWARA SYNTEX LIMITED,,True,EQ,EQ
BARFLEX,INE0QX401014,BARFLEX POLYFILMS LIMITED,,True,SME,SM
BASF,INE373A01013,BASF INDIA LTD,,True,EQ,EQ
BASILIC,INE0OCC01013,BASILIC FLY STUDIO LTD,,True,SME,SM
BASML,INE186H01022,BANNARI AM SPIN MILL LTD.,,True,EQ,BE
BATAINDIA,INE176A01028,BATA INDIA LTD,,True,EQ,EQ
BATLIBOI,INE177C01022,BATLIBOI LTD.,,True,EQ,EQ
BAWEJA,INE0JFJ01011,BAWEJA STUDIOS LIMITED,,True,SME,ST
BAYERCROP,INE462A01022,BAYER CROPSCIENCE LTD,,True,EQ,EQ
BBETF0432,INF754K01OB1,EDELAMC - BBETF0432,,True,ETF,EQ
BBL,INE464A01036,BHARAT BIJLEE LTD,,True,EQ,EQ
BBNPNBETF,INF251K01TL6,BARODABNP - BBNPNBETF,,True,ETF,EQ
BBNPPGOLD,INF251K01SU9,BARODABNP - BBNPPGOLD,,True,ETF,EQ
BBOX,INE676A01027,BLACK BOX LIMITED,,True,EQ,EQ
BBTC,INE050A01025,BOMBAY BURMAH TRADING COR,,True,EQ,EQ
BBTCL,INE01EE01011,B&B TRIPLEWALL CONT LTD,,True,EQ,EQ
BCG,INE425B01027,BRIGHTCOM GROUP LIMITED,,True,EQ,EQ
BCLIND,INE412G01024,BCL INDUSTRIES LIMITED,,True,EQ,EQ
BCONCEPTS,INE977Y01011,BRAND CONCEPTS LIMITED,,True,EQ,EQ
BCPL,INE00SW01015,BCPL RAILWAY INFRA LTD,,True,EQ,EQ
BDL,INE171Z01026,BHARAT DYNAMICS LIMITED,,True,EQ,EQ
BEACON,INE639X01027,BEACON TRUSTEESHIP LTD,,True,SME,SM
BEARDSELL,INE520H01022,BEARDSELL LIMITED,,True,EQ,EQ
BECTORFOOD,INE495P01020,MRS BECTORS FOOD SPE LTD,,True,EQ,EQ
BEDMUTHA,INE844K01012,BEDMUTHA INDUST LTD,,True,EQ,EQ
BEEKAY,INE213D01015,BEEKAY STEEL INDS. LTD.,,True,EQ,EQ
BEL,INE263A01024,BHARAT ELECTRONICS LTD,,True,EQ,EQ
BELLACASA,INE344T01014,BELLA CASA FASH AND RET L,,True,EQ,EQ
BELRISE,INE894V01022,BELRISE INDUSTRIES LTD,,True,EQ,EQ
BEML,INE258A01024,BEML LIMITED,,True,EQ,EQ
BENARAS,INE664D01019,BENARES HOTELS LTD.,,True,EQ,EQ
BENGALASM,INE083K01017,BENGAL & ASSAM CO. LTD.,,True,EQ,EQ
BEPL,INE922A01025,BHANSALI ENG. POLYMERS LT,,True,EQ,EQ
BERGEPAINT,INE463A01038,BERGER PAINTS (I) LTD,,True,EQ,EQ
BESTAGRO,INE052T01021,BEST AGROLIFE LIMITED,,True,EQ,EQ
BETA,INE351Y01019,BETA DRUGS LIMITED,,True,EQ,EQ
BEWLTD,INE0HQI01014,BEW ENGINEERING LIMITED,,True,SME,SM
BFINVEST,INE878K01010,BF INVESTMENT LIMITED,,True,EQ,EQ
BFSI,INF769K01HI8,MIRAEAMC - MAFSETF,,True,ETF,EQ
BFUTILITIE,INE243D01012,BF UTILITIES LIMITED,,True,EQ,EQ
BGRENERGY,INE661I01014,BGR ENERGY SYSTEMS LTD,,True,EQ,BE
BHADORA,INE0ZRC01017,BHADORA INDUSTRIES LTD,,True,SME,ST
BHAGCHEM,INE414D01027,BHAGIRADHA CHEM & INDS L,,True,EQ,EQ
BHAGERIA,INE354C01027,BHAGERIA INDUSTRIES LTD,,True,EQ,BE
BHAGYANGR,INE458B01036,BHAGYANAGAR INDIA LIMITED,,True,EQ,EQ
BHANDARI,INE474E01029,BHANDARI HOSIERY EXP LTD,,True,EQ,EQ
BHARATCOAL,INE05XR01022,BHARAT COKING COAL LTD,,True,EQ,EQ
BHARATFORG,INE465A01025,BHARAT FORGE LTD,,True,EQ,EQ
BHARATGEAR,INE561C01019,BHARAT GEARS LTD,,True,EQ,BE
BHARATRAS,INE838B01021,BHARAT RASAYAN LTD,,True,EQ,EQ
BHARATSE,INE415D01024,BHARAT SEATS LIMITED,,True,EQ,EQ
BHARATWIRE,INE316L01019,BHARAT WIRE ROPES LTD.,,True,EQ,EQ
BHARTIARTL,INE397D01024,BHARTI AIRTEL LIMITED,,True,EQ,EQ
BHARTIHEXA,INE343G01021,BHARTI HEXACOM LIMITED,,True,EQ,EQ
BHEL,INE257A01026,BHEL,,True,EQ,EQ
BI,INE986A01012,BILCARE LTD.,,True,EQ,BE
BIGBLOC,INE412U01025,BIGBLOC CONSTRUCTION LTD,,True,EQ,EQ
BIKAJI,INE00E101023,BIKAJI FOODS INTERN LTD,,True,EQ,EQ
BIKEWO,INE0SQH01013,BIKEWO GREEN TECH LIMITED,,True,SME,ST
BIL,INE828A01016,BHARTIYA INTERNATIONAL,,True,EQ,EQ
BILVYAPAR,INE071A01013,BIL VYAPAR LIMITED,,True,EQ,BE
BIMETAL,INE469A01019,BIMETAL BEARINGS LTD.,,True,EQ,EQ
BIOCON,INE376G01013,BIOCON LIMITED.,,True,EQ,EQ
BIOFILCHEM,INE829A01014,BIOFIL CHEM & PHARMA LTD,,True,EQ,EQ
BIOPOL,INE0XW001014,BIOPOL CHEMICALS LIMITED,,True,SME,SM
BIRET,INE0FDU25010,BROOKFIELD INDIA RET,,True,EQ,RR
BIRLACABLE,INE800A01015,BIRLA CABLE LIMITED,,True,EQ,BE
BIRLACORPN,INE340A01012,BIRLA CORPORATION LTD,,True,EQ,EQ
BIRLAMONEY,INE865C01022,ADITYA BIRLA MONEY LTD,,True,EQ,EQ
BIRLANU,INE557A01011,BIRLANU LIMITED,,True,EQ,EQ
BIRLAPREC,INE372E01025,BIRLA PRECISION TECH L,,True,EQ,EQ
BLACKBUCK,INE0UIZ01018,BLACKBUCK LIMITED,,True,EQ,EQ
BLACKROSE,INE761G01016,BLACK ROSE INDS. LTD.,,True,EQ,BE
BLAL,INE0N7W01012,BEML LAND ASSETS LIMITED,,True,EQ,EQ
BLBLIMITED,INE791A01024,BLB LIMITED,,True,EQ,EQ
BLEL,INE1EEM01017,BEHARI LAL ENGINEERING L,,True,EQ,EQ
BLIL,INE525F01025,BALMER LAWRIE INVSTS. L,,True,EQ,EQ
BLISSGVS,INE416D01022,BLISS GVS PHARMA LTD,,True,EQ,BE
BLKASHYAP,INE350H01032,B.L.KASHYAP & SON LTD,,True,EQ,EQ
BLS,INE153T01027,BLS INTL SERVS LTD,,True,EQ,EQ
BLSE,INE0NLT01010,BLS E-SERVICES LIMITED,,True,EQ,EQ
BLUECLOUDS,INE373T01047,BLUE CLOUD SOFTECH SOLU L,,True,EQ,EQ
BLUECOAST,INE472B01011,BLUE COAST HOTELS LIMITED,,True,EQ,BE
BLUEDART,INE233B01017,BLUE DART EXPRESS LTD,,True,EQ,EQ
BLUEJET,INE0KBH01020,BLUE JET HEALTHCARE LTD,,True,EQ,EQ
BLUEPEBBLE,INE0SAK01011,BLUE PEBBLE LIMITED,,True,SME,SM
BLUESTARCO,INE472A01039,BLUE STAR LIMITED,,True,EQ,EQ
BLUESTONE,INE304W01038,BLUESTONE JEWEL LFSTL LTD,,True,EQ,EQ
BLUEWATER,INE0X3M01010,BLUE WATER LOGISTICS LTD,,True,SME,ST
BLUSPRING,INE0U4101014,BLUSPRING ENTERPRISES LTD,,True,EQ,EQ
BMETRICS,INE0I3Y01014,BOMBAY METRICS S C LTD,,True,SME,SM
BMLL,INE1BKA01015,BIO MEDICA LABORATORIES L,,True,SME,SM
BMWVENTLTD,INE965W01036,BMW VENTURES LIMITED,,True,EQ,EQ
BNAGROCHEM,INE00HZ01011,BN AGROCHEM LTD.,,True,EQ,EQ
BNALTD,INE489D01011,B & A LTD.,,True,EQ,BE
BNKETFAXIS,INF846K01X63,AXISAMC-BNKETFAXIS,,True,ETF,EQ
BODALCHEM,INE338D01028,BODAL CHEMICALS LTD,,True,EQ,EQ
BOHRAIND,INE802W01023,BOHRA INDUSTRIES LIMITED,,True,EQ,EQ
BOMDYEING,INE032A01023,BOMBAY DYEING & MFG. CO L,,True,EQ,EQ
BONLON,INE0B9A01018,BONLON INDUSTRIES LIMITED,,True,EQ,EQ
BORANA,INE16SF01016,BORANA WEAVES LIMITED,,True,EQ,EQ
BOROLTD,INE02PY01013,BOROSIL LIMITED,,True,EQ,EQ
BORORENEW,INE666D01022,BOROSIL RENEWABLES LTD,,True,EQ,EQ
BOROSCI,INE02L001032,BOROSIL SCIENTIFIC LTD,,True,EQ,EQ
BOSCH-HCIL,INE782A01015,BOSCH HOME COMFRT IND LTD,,True,EQ,EQ
BOSCHLTD,INE323A01026,BOSCH LIMITED,,True,EQ,EQ
BOSS,INE0QNI01012,BOSS PACKAGING SOLU LTD,,True,SME,SM
BPCL,INE029A01011,BHARAT PETROLEUM CORP  LT,,True,EQ,EQ
BPL,INE110A01019,BPL LTD,,True,EQ,EQ
BPLPHARMA,INE365Y01019,BHARAT PARENTERALS LTD.,,True,EQ,EQ
BRACEPORT,INE0R4Z01018,BRACE PORT LOGISTICS LTD,,True,SME,SM
BRAHMINFRA,INE320I01017,BRAHMAPUTRA INFRA L,,True,EQ,EQ
BRANDMAN,INE0XUD01014,BRANDMAN RETAIL LIMITED,,True,SME,SM
BRIGADE,INE791I01019,BRIGADE ENTER. LTD,,True,EQ,EQ
BRIGHOTEL,INE03NU01014,BRIGADE HOTEL VENTURE LTD,,True,EQ,EQ
BRIGHTBR,INE630D01010,BRIGHT BROTHERS LTD.,,True,EQ,EQ
BRITANNIA,INE216A01030,BRITANNIA INDUSTRIES LTD,,True,EQ,EQ
BRNL,INE727S01012,BHARAT ROAD NETWORK LTD,,True,EQ,EQ
BROOKS,INE650L01011,BROOKS LAB LIMITED,,True,EQ,BE
BSE,INE118H01025,BSE LIMITED,,True,EQ,EQ
BSE500IETF,INF109KC1V59,ICICIPRAMC - ICICI500,,True,ETF,EQ
BSHSL,INE032Z01020,BOMBAY SUPER HYBRID SEEDS,,True,EQ,EQ
BSL,INE594B01012,BSL LTD,,True,EQ,EQ
BSLGOLDETF,INF209KB18D3,ADITYBIRLA SL GOLD ETF-GR,,True,ETF,EQ
BSLNIFTY,INF209KB19D1,ADITYBIRLA SL NIF ETF-GR,,True,ETF,EQ
BSLSENETFG,INF209KB10E8,BIRLASLAMC - BSLSENETFG,,True,ETF,EQ
BSOFT,INE836A01035,BIRLASOFT LIMITED,,True,EQ,EQ
BTML,INE0EEJ01023,BODHI TREE MULTIMEDIA LTD,,True,EQ,EQ
BTTL,INE274K01012,BHILWARA TECHNICAL TEXT L,,True,EQ,BE
BUILDPRO,INE24OJ01011,SHANKARA BUILDPRO LIMITED,,True,EQ,EQ
BULKCORP,INE0SZ301012,BULKCORP INTERNATIONAL L,,True,SME,ST
BURNPUR,INE817H01022,BURNPUR CEMENT LIMITED,,True,EQ,EQ
BUTTERFLY,INE295F01017,BTRFLY GANDHI APPL LTD,,True,EQ,EQ
BVCL,INE139I01011,BARAK VALLEY CEM. LTD.,,True,EQ,EQ
BYKE,INE319B01014,THE BYKE HOSPITALITY LTD,,True,EQ,BE
C2C,INE0U7V01015,C2C ADVANCED SYSTEMS LTD,,True,SME,SM
CALSOFT,INE526B01014,CALIFORNIA SOFTWARE CO LT,,True,EQ,EQ
CAMLINFINE,INE052I01032,CAMLIN FINE SCIENCES LTD,,True,EQ,EQ
CAMPUS,INE278Y01022,CAMPUS ACTIVEWEAR LIMITED,,True,EQ,EQ
CAMS,INE596I01020,COMPUTER AGE MNGT SER LTD,,True,EQ,EQ
CANARYS,INE0QG301017,CANARYS AUTOMATIONS LTD,,True,SME,SM
CANBK,INE476A01022,CANARA BANK,,True,EQ,EQ
CANFINHOME,INE477A01020,CAN FIN HOMES LTD,,True,EQ,EQ
CANHLIFE,INE01TY01017,CANARA HSBC LIFE INS CO L,,True,EQ,EQ
CANTABIL,INE068L01024,CANTABIL RETAIL LTD,,True,EQ,EQ
CAPACITE,INE264T01014,CAPACITE INFRAPROJECT LTD,,True,EQ,EQ
CAPILLARY,INE0ILV01024,CAPILLARY TECHNO INDIA L,,True,EQ,EQ
CAPINVIT,INE0Z8Z23013,CAPITAL INFRA TRUST,,True,INVIT,IV
CAPITALSFB,INE646H01017,CAPITAL SMALL FIN BANK L,,True,EQ,EQ
CAPLIPOINT,INE475E01026,CAPLIN POINT LAB LTD.,,True,EQ,EQ
CAPTRUST,INE707C01018,CAPITAL TRUST LIMITED,,True,EQ,BE
CARBORUNIV,INE120A01034,CARBORUNDUM UNIVERSAL LTD,,True,EQ,EQ
CARERATING,INE752H01013,CARE RATINGS LIMITED,,True,EQ,EQ
CARRARO,INE0V7W01012,CARRARO INDIA LIMITED,,True,EQ,EQ
CARTRADE,INE290S01011,CARTRADE TECH LIMITED,,True,EQ,EQ
CARYSIL,INE482D01024,CARYSIL LIMITED,,True,EQ,EQ
CASHIETF,INF109K1A021,ICICIPRAMC - CASHIETF,,True,ETF,EQ
CASTROLIND,INE172A01027,CASTROL INDIA LIMITED,,True,EQ,EQ
CBAZAAR,INE518X01015,NET AVENUE TECHNOLOGIES L,,True,SME,ST
CCAVENUE,INE483S01020,AVENUESAI LIMITED,,True,EQ,EQ
CCCL,INE429I01024,CONS. CONST. CONSORT LTD,,True,EQ,EQ
CCHHL,INE652F01027,COUNTRY CLUB HOSP HOL LTD,,True,EQ,EQ
CCL,INE421D01022,CCL PRODUCTS (I) LTD,,True,EQ,EQ
CDSL,INE736A01011,CENTRAL DEPO SER (I) LTD,,True,EQ,EQ
CEATLTD,INE482A01020,CEAT LIMITED,,True,EQ,EQ
CEDAAR,INE11J101017,CEDAAR TEXTILE LIMITED,,True,SME,ST
CEIGALL,INE0AG901020,CEIGALL INDIA LIMITED,,True,EQ,EQ
CEINSYS,INE016Q01014,CEINSYS TECH LIMITED,,True,EQ,EQ
CELEBRITY,INE185H01016,CELEBRITY FASHIONS LTD,,True,EQ,EQ
CELLECOR,INE0OMO01025,CELLECOR GADGETS LIMITED,,True,SME,SM
CELLO,INE0LMW01024,CELLO WORLD LIMITED,,True,EQ,EQ
CELLPOINT,INE0O0001013,CELL POINT (INDIA) LTD,,True,SME,SM
CEMNTGROWW,INF666M01PH7,GROWWAMC - CEMNTGROWW,,True,ETF,EQ
CEMPRO,INE686A01026,CEMINDIA PROJECTS LIMITED,,True,EQ,EQ
CENTENKA,INE485A01015,CENTURY ENKA LTD,,True,EQ,EQ
CENTEXT,INE281A01026,CENTURY EXTRUSIONS LTD,,True,EQ,EQ
CENTRALBK,INE483A01010,CENTRAL BANK OF INDIA,,True,EQ,EQ
CENTRUM,INE660C01027,CENTRUM CAPITAL LIMITED,,True,EQ,EQ
CENTUM,INE320B01020,CENTUM ELECTRONICS LTD,,True,EQ,EQ
CENTURYPLY,INE348B01021,CENTURY PLYBOARDS (I) LTD,,True,EQ,EQ
CERA,INE739E01017,CERA SANITARYWARE LTD,,True,EQ,EQ
CEREBRAINT,INE345B01019,CEREBRA INT TECH LTD,,True,EQ,BZ
CESC,INE486A01021,CESC LTD,,True,EQ,EQ
CEWATER,INE037Z01029,CONCORD ENVIRO SYSTEMS L,,True,EQ,EQ
CFEL,INE700F01024,CONFIDENCE FUTURIST ENE L,,True,EQ,EQ
CGCL,INE180C01042,CAPRI GLOBAL CAPITAL LTD,,True,EQ,EQ
CGPOWER,INE067A01029,CG POWER AND IND SOL LTD,,True,EQ,EQ
CGRAPHICS,INE0R7401011,CREATIVE GRAPHICS S IND L,,True,SME,SM
CGVAK,INE084D01010,C G V A K SOFTWARE & EX L,,True,EQ,EQ
CHALET,INE427F01016,CHALET HOTELS LIMITED,,True,EQ,EQ
CHAMBLFERT,INE085A01013,CHAMBAL FERTILIZERS LTD,,True,EQ,EQ
CHANDAN,INE0B2N01016,CHANDAN HEALTHCARE LTD,,True,SME,SM
CHAVDA,INE0PT101017,CHAVDA INFRA LIMITED,,True,SME,SM
CHEMBOND,INE995D01025,CHEMBOND MATERIALTECH LTD,,True,EQ,EQ
CHEMBONDCH,INE0TGX01019,CHEMBOND CHEMICAL LIMITED,,True,EQ,BE
CHEMCON,INE03YM01018,CHEMCON SPECIAL CHEM LTD,,True,EQ,BE
CHEMCRUX,INE298W01016,CHEMCRUX ENTERPRISES LTD.,,True,EQ,EQ
CHEMFAB,INE783X01023,CHEMFAB ALKALIS LIMITED,,True,EQ,EQ
CHEMICAL,INF174KA1XV0,KOTAKMAMC - CHEMICAL,,True,ETF,EQ
CHEMPLASTS,INE488A01050,CHEMPLAST SANMAR LIMITED,,True,EQ,EQ
CHENNPETRO,INE178A01016,CHENNAI PETROLEUM CORP LT,,True,EQ,EQ
CHETANA,INE0U1T01012,CHETANA EDUCATION LIMITED,,True,SME,SM
CHEVIOT,INE974B01016,CHEVIOT COMPANY LIMITED,,True,EQ,EQ
CHOICEGOLD,INF2KCX01012,CHOICEAMC - CHOICEGOLD,,True,ETF,EQ
CHOICEIN,INE102B01014,CHOICE INTERNATIONAL LTD,,True,EQ,EQ
CHOLAFIN,INE121A01024,CHOLAMANDALAM IN & FIN CO,,True,EQ,EQ
CHOLAHLDNG,INE149A01033,CHOLAMANDALAM FIN HOL LTD,,True,EQ,EQ
CIEINDIA,INE536H01010,CIE AUTOMOTIVE INDIA LTD,,True,EQ,EQ
CIFL,INE345H01024,CAPITAL INDIA FINANCE LTD,,True,EQ,EQ
CINELINE,INE704H01022,CINELINE INDIA LIMITED,,True,EQ,EQ
CINEVISTA,INE039B01026,CINEVISTA LIMITED,,True,EQ,EQ
CIPLA,INE059A01026,CIPLA LTD,,True,EQ,EQ
CITIUSINVT,INE2Q7823014,CITIUS TRANSNET INV TRUST,,True,INVIT,IV
CLASSICEIL,INE0UQ601012,CLASSIC ELECTRODE (IND) L,,True,SME,SM
CLAYCRAFT,INE1QGM01024,CLAY CRAFT INDIA LIMITED,,True,SME,SM
CLEAN,INE227W01023,CLEAN SCIENCE & TECH LTD,,True,EQ,EQ
CLEANMAX,INE647U01026,CLEAN MAX ENVIRO EN SOL L,,True,EQ,EQ
CLEDUCATE,INE201M01029,CL EDUCATE LIMITED,,True,EQ,BE
CLSEL,INE419D01026,CHAMAN LAL SETIA EXP LTD,,True,EQ,EQ
CLSL,INE00NH01017,CROP LIFE SCIENCE LIMITED,,True,SME,ST
CMLL,INE11XY01018,CALIBER MINING AND LOG L,,True,EQ,EQ
CMNL,INE06PV01010,CHAMAN METALLICS LIMITED,,True,SME,SM
CMPDI,INE05HV01027,CENTRAL MINE P N D INST L,,True,EQ,EQ
CMRGREEN,INE00WV01027,CMR GREEN TECHNOLOGIES L,,True,EQ,EQ
CMRSL,INE075Z01011,CYBER MEDIA RES & SER LTD,,True,SME,SM
CMSINFO,INE925R01014,CMS INFO SYSTEMS LIMITED,,True,EQ,EQ
CNL,INE985W01018,CREATIVE NEWTECH LIMITED,,True,EQ,EQ
COALINDIA,INE522F01014,COAL INDIA LTD,,True,EQ,EQ
COASTCORP,INE377E01024,COASTAL CORPORATION LTD,,True,EQ,EQ
COCHINSHIP,INE704P01025,COCHIN SHIPYARD LIMITED,,True,EQ,EQ
COCKERILL,INE515A01019,JOHN COCKERILL INDIA LTD.,,True,EQ,EQ
COFFEEDAY,INE335K01011,COFFEE DAY ENTERPRISE LTD,,True,EQ,BE
COFORGE,INE591G01025,COFORGE LIMITED,,True,EQ,EQ
COHANCE,INE03QK01018,COHANCE LIFESCIENCES LTD,,True,EQ,EQ
COLPAL,INE259A01022,COLGATE PALMOLIVE LTD.,,True,EQ,EQ
COMFINTE,INE819A01049,COMFORT INTECH LTD.,,True,EQ,EQ
COMMITTED,INE597Z01014,COMMITTED CARGO CARE LTD,,True,SME,SM
COMMOIETF,INF109KC19O8,ICICIPRAMC - ICICICOMMO,,True,ETF,EQ
COMPEAU,INE823B01015,COMPETENT AUTOMOB CO. L,,True,EQ,EQ
COMPINFO,INE070C01037,COMPUAGE INFOCOM LTD,,True,EQ,BZ
COMPUSOFT,INE453B01029,COMPUCOM SOFTWARE LTD,,True,EQ,EQ
COMSYN,INE073V01015,COMMERCIAL SYN BAGS LTD,,True,EQ,EQ
CONCOR,INE111A01025,CONTAINER CORP OF IND LTD,,True,EQ,EQ
CONCORDBIO,INE338H01029,CONCORD BIOTECH LIMITED,,True,EQ,EQ
CONFIPET,INE552D01024,CONFIDENCE PETRO IND LTD.,,True,EQ,EQ
CONNPLEX,INE0EAS01014,CONNPLEX CINEMAS LIMITED,,True,SME,SM
CONS,INF174KA1ZF8,KOTAKMAMC - KOTAKCONS,,True,ETF,EQ
CONSOFINVT,INE025A01027,CONSO. FIN. & HOLD. LTD.,,True,EQ,BE
CONSUMAXIS,INF846K016C7,AXISAMC-CONSUMAXIS,,True,ETF,EQ
CONSUMBEES,INF204KA1LD7,NIP IND ETF CONSUMPTION,,True,ETF,EQ
CONSUMER,INF769K01NS5,MIRAEAMC - CONSUMER,,True,ETF,EQ
CONSUMIETF,INF109KC1V42,ICICIPRAMC - ICICICONSU,,True,ETF,EQ
CONTI,INE340Z01019,CONTINENTAL SEED CHEM LTD,,True,SME,SM
CONTROLPR,INE663B01015,CONTROL PRINT LIMITED,,True,EQ,EQ
COOLCAPS,INE0HS001028,COOL CAPS INDUSTRIES LTD,,True,SME,ST
CORALFINAC,INE558D01021,CORAL INDIA FIN & HOUS LT,,True,EQ,EQ
CORDELIA,INE0LZF01039,WATERWAYS LEISURE TOUR L,,True,EQ,EQ
CORDSCABLE,INE792I01017,CORDS CABLE INDUS LTD.,,True,EQ,EQ
COROMANDEL,INE169A01031,COROMANDEL INTERNTL. LTD,,True,EQ,EQ
CORONA,INE02ZQ01018,CORONA REMEDIES LIMITED,,True,EQ,EQ
COSMOFIRST,INE757A01017,COSMO FIRST LIMITED,,True,EQ,EQ
COUNCODOS,INE695B01025,COUNTRY CONDO S LIMITED,,True,EQ,BE
CPCAP,INE521J01018,CP CAPITAL LIMITED,,True,EQ,EQ
CPEDU,INE0P6P01016,CAREER POINT EDUTECH LTD,,True,EQ,EQ
CPL,INE536P01021,CAPTAIN POLYPLAST LIMITED,,True,EQ,EQ
CPPLUS,INE819V01029,ADITYA INFOTECH LIMITED,,True,EQ,EQ
CPS,INE0QBU01012,C P S SHAPERS LIMITED,,True,SME,SM
CPSEETF,INF457M01133,CPSE ETF,,True,ETF,EQ
CRAFTSMAN,INE00LO01017,CRAFTSMAN AUTOMATION LTD,,True,EQ,EQ
CRAMC,INE218I01013,CANARA ROBECO AMC LIMITED,,True,EQ,EQ
CRAVATEX,INE145E01017,CRAVATEX LTD.,,True,EQ,EQ
CREATIVEYE,INE230B01021,CREATIVE EYE LIMITED,,True,EQ,EQ
CREDENT,INE1KPX01025,CREDENT CONNECT N CARE L,,True,SME,ST
CREDITACC,INE741K01010,CREDITACCESS GRAMEEN LTD,,True,EQ,EQ
CREST,INE559D01011,CREST VENTURES LIMITED,,True,EQ,EQ
CRISIL,INE007A01025,CRISIL LTD,,True,EQ,EQ
CRIZAC,INE0S4R01014,CRIZAC LIMITED,,True,EQ,EQ
CROMPTON,INE299U01018,CROMPT GREA CON ELEC LTD,,True,EQ,EQ
CROWN,INE491V01019,CROWN LIFTERS LIMITED,,True,EQ,EQ
CRSL,INE716D01033,CRESSANDA RAILWAY SOLUT L,,True,EQ,BE
CSBBANK,INE679A01013,CSB BANK LIMITED,,True,EQ,EQ
CSLFINANCE,INE718F01018,CSL FINANCE LIMITED,,True,EQ,EQ
CSM,INE0ZK601013,CSM TECHNOLOGIES LIMITED,,True,EQ,EQ
CSSL,INE1EF801010,CLEAR SECURED SERVICES L,,True,SME,SM
CTE,INE627H01017,CAMBRIDGE TECH ENTER LTD,,True,EQ,BE
CUB,INE491A01021,CITY UNION BANK LTD,,True,EQ,EQ
CUBEINVIT,INE0NR623014,CUBE HIGHWAYS TRUST,,True,INVIT,IV
CUBEXTUB,INE144D01012,CUBEX TUBINGS LTD,,True,EQ,EQ
CUDML,INE0WL201014,CASH UR DRIVE MARKETING L,,True,SME,SM
CUMMINSIND,INE298A01020,CUMMINS INDIA LTD,,True,EQ,EQ
CUPID,INE509F01029,CUPID LIMITED,,True,EQ,EQ
CURAA,INE117B01020,CURA TECHNOLOGIES LIMITED,,True,EQ,EQ
CURIS,INE1BZN01016,CURIS LIFESCIENCES LTD,,True,SME,SM
CURRENT,INE1CRQ01014,CURRENT INFRAPROJECTS LTD,,True,SME,SM
CYBERMEDIA,INE278G01037,CYBER MEDIA (INDIA) LTD.,,True,EQ,EQ
CYBERTECH,INE214A01019,CYBERTECH SYSTEMS & SOFTW,,True,EQ,BE
CYIENT,INE136B01020,CYIENT LIMITED,,True,EQ,EQ
CYIENTDLM,INE055S01018,CYIENT DLM LIMITED,,True,EQ,EQ
DABUR,INE016A01026,DABUR INDIA LTD,,True,EQ,EQ
DAICHI,INE928C01010,DAI-ICHI KARKARIA LTD.,,True,EQ,EQ
DALBHARAT,INE00R701025,DALMIA BHARAT LIMITED,,True,EQ,EQ
DALMIASUG,INE495A01022,DALMIA BHARAT SUG IN LTD,,True,EQ,EQ
DAMCAPITAL,INE284H01025,DAM CAPITAL ADVISORS LTD,,True,EQ,EQ
DAMODARIND,INE497D01022,DAMODAR INDUSTRIES LTD,,True,EQ,BE
DANGEE,INE688Y01022,DANGEE DUMS LIMITED,,True,EQ,EQ
DANISH,INE0YU901016,DANISH POWER LIMITED,,True,SME,SM
DATAMATICS,INE365B01017,DATAMATICS GLOBAL SER LTD,,True,EQ,EQ
DATAPATTNS,INE0IX101010,DATA PATTERNS INDIA LTD,,True,EQ,EQ
DAVANGERE,INE179G01029,DAVANGERE SUGAR COMPANY L,,True,EQ,EQ
DBCORP,INE950I01011,D.B.CORP LTD,,True,EQ,EQ
DBEIL,INE0OPA01027,DEEPAK BUILDERS & ENG I L,,True,EQ,BE
DBL,INE917M01012,DILIP BUILDCON LIMITED,,True,EQ,EQ
DBOL,INE0I3401014,DHAMPUR BIO ORGANICS LTD,,True,EQ,EQ
DBREALTY,INE879I01012,VALOR ESTATE LIMITED,,True,EQ,EQ
DBSTOCKBRO,INE921B01025,DB (INT) STOCK BROKERS,,True,EQ,BE
DCAL,INE385W01011,DISHMAN CARBO AMCIS LTD,,True,EQ,EQ
DCBBANK,INE503A01015,DCB BANK LIMITED,,True,EQ,EQ
DCCL,INE04Q901010,DAR CREDIT & CAPITAL LTD,,True,SME,SM
DCG,INE0S8401018,DCG CABLES & WIRES LTD,,True,SME,SM
DCI,INE0A1101019,DC INFOTECH AND COMUN LTD,,True,EQ,EQ
DCM,INE498A01018,DCM LIMITED,,True,EQ,BE
DCMFINSERV,INE891B01012,DCM FINANCIAL SERVICES LT,,True,EQ,EQ
DCMNVL,INE08KP01019,DCM NOUVELLE LIMITED,,True,EQ,EQ
DCMSHRIRAM,INE499A01024,DCM SHRIRAM LIMITED,,True,EQ,EQ
DCMSIL,INE0OU201013,DCM SHRIRAM INTERNATNL L,,True,EQ,EQ
DCMSRIND,INE843D01027,DCM SHRIRAM IND LTD,,True,EQ,EQ
DCW,INE500A01029,DCW LTD,,True,EQ,EQ
DCXINDIA,INE0KL801015,DCX SYSTEMS LIMITED,,True,EQ,EQ
DDEVPLSTIK,INE0HR601026,DDEV PLASTIKS IND LTD,,True,EQ,EQ
DECCANCE,INE583C01021,DECCAN CEMENTS LIMITED,,True,EQ,EQ
DECCANTRAN,INE0S7C01019,DECCAN TRANSCON LEASING L,,True,SME,SM
DECNGOLD,INE945F01025,DECCAN GOLD MINES LTD.,,True,EQ,EQ
DEEDEV,INE841L01016,DEE DEVELOPMENT ENG LTD,,True,EQ,EQ
DEEP,INE00IY01012,DEEP POLYMERS LTD.,,True,EQ,EQ
DEEPAKFERT,INE501A01019,DEEPAK FERTILIZERS & PETR,,True,EQ,EQ
DEEPAKNTR,INE288B01029,DEEPAK NITRITE LTD,,True,EQ,EQ
DEEPINDS,INE0FHS01024,DEEP INDUSTRIES LIMITED,,True,EQ,EQ
DEFENCE,INF769K01QC2,MIRAEAMC - DEFENCE,,True,ETF,EQ
DELAPLEX,INE0SK801018,DELAPLEX LIMITED,,True,SME,SM
DELHIVERY,INE148O01028,DELHIVERY LIMITED,,True,EQ,EQ
DELPHIFX,INE726L01027,DELPHI WORLD MONEY LTD,,True,EQ,BE
DELTACORP,INE124G01033,DELTA CORP LIMITED,,True,EQ,EQ
DELTAMAGNT,INE393A01011,DELTA MANUFACTURING LTD,,True,EQ,EQ
DEN,INE947J01015,DEN NETWORKS LTD,,True,EQ,EQ
DENEERS,INE0JWV01011,DE NEERS TOOLS LIMITED,,True,SME,SM
DENORA,INE244A01016,DE NORA INDIA LIMITED,,True,EQ,EQ
DENTA,INE0R4L01018,DENTA WATER N INFRA SOL L,,True,EQ,EQ
DENTALKART,INE0N5801013,VASA DENTICITY LIMITED,,True,SME,SM
DEVIT,INE060X01034,DEV INFO TECHNOLOGY LTD,,True,EQ,EQ
DEVX,INE0VOV01021,DEV ACCELERATOR LIMITED,,True,EQ,EQ
DEVYANI,INE872J01023,DEVYANI INTERNATIONAL LTD,,True,EQ,EQ
DGCONTENT,INE03JI01017,DIGICONTENT LIMITED,,True,EQ,EQ
DHABRIYA,INE260R01016,DHABRIYA POLYWOOD LTD.,,True,EQ,BE
DHAMPURSUG,INE041A01016,DHAMPUR SUGAR MILLS LTD.,,True,EQ,EQ
DHANBANK,INE680A01011,DHANLAXMI BANK LIMITED,,True,EQ,EQ
DHANLAXMI,INE0V9V01010,DHANLAXMI CROP SCIENCE L,,True,SME,SM
DHANSA,INE0M3I01029,DHANSA LABS LIMITED,,True,SME,SM
DHANUKA,INE435G01025,DHANUKA AGRITECH LTD,,True,EQ,EQ
DHARAN,INE278R01034,DHARAN INFRA-EPC LIMITED,,True,EQ,BZ
DHARARAIL,INE2HJL01019,DHARA RAIL PROJECTS LTD,,True,SME,ST
DHARIWAL,INE0YRN01025,DHARIWALCORP LIMITED,,True,SME,SM
DHARMAJ,INE00OQ01016,DHARMAJ CROP GUARD LTD,,True,EQ,EQ
DHATRE,INE715T01031,DHATRE UDYOG LTD.,,True,EQ,EQ
DHOOTTRANS,INE01NH01023,DHOOT TRANSMISSION LTD,,True,EQ,EQ
DHRUV,INE506Z01015,DHRUV CONSULTANCY SER LTD,,True,EQ,EQ
DHUNINV,INE320L01011,DHUNSERI INVESTMENTS LTD,,True,EQ,EQ
DIACABS,INE989C01038,DIAMOND POWER INFRA LTD,,True,EQ,BE
DIAMINESQ,INE591D01014,DIAMINES & CHEMICALS LTD,,True,EQ,EQ
DIAMONDYD,INE393P01035,PRATAAP SNACKS LIMITED,,True,EQ,EQ
DICIND,INE303A01010,DIC INDIA LIMITED,,True,EQ,EQ
DIFFNKG,INE184O01015,DIFFUSION ENGINEERS LTD,,True,EQ,EQ
DIGIDRIVE,INE0PSC01024,DIGIDRIVE DISTRIBUTORS L,,True,EQ,EQ
DIGIKORE,INE0QJ901011,DIGIKORE STUDIOS LIMITED,,True,SME,SM
DIGISPICE,INE927C01020,DIGISPICE TECHNOLOGIES LT,,True,EQ,EQ
DIGITIDE,INE0U4701011,DIGITIDE SOLUTIONS LTD,,True,EQ,EQ
DIGJAMLMTD,INE731U01028,DIGJAM LTD,,True,EQ,EQ
DISAQ,INE131C01011,DISA INDIA LTD.,,True,EQ,EQ
DISHTV,INE836F01026,DISH TV INDIA LTD.,,True,EQ,EQ
DIVGIITTS,INE753U01022,DIVGI TORQTRANSFER SYST L,,True,EQ,EQ
DIVIDEND,INF769K01PY8,MIRAEAMC - DIVIDEND,,True,ETF,EQ
DIVINEHIRA,INE0NA501011,DIVINE HIRA JEWELLERS LTD,,True,SME,ST
DIVISLAB,INE361B01024,DIVI S LABORATORIES LTD,,True,EQ,EQ
DIVOPPBEES,INF204KA1MS3,NIP IND ETF DIV OPP,,True,ETF,EQ
DIVYADHAN,INE0QYI01019,DIVYADHAN RECYCLING IND L,,True,SME,ST
DIXON,INE935N01020,DIXON TECHNO (INDIA) LTD,,True,EQ,EQ
DJML,INE0B1K01014,DJ MEDIAPRINT & LOG LTD,,True,EQ,EQ
DLF,INE271C01023,DLF LIMITED,,True,EQ,EQ
DLINKINDIA,INE250K01012,D-LINK INDIA LTD,,True,EQ,EQ
DMART,INE192R01011,AVENUE SUPERMARTS LIMITED,,True,EQ,EQ
DMCC,INE505A01010,DMCC SPECIALITY CHEMICALS,,True,EQ,EQ
DNAMEDIA,INE016M01021,DILIGENT MEDIA CORP LTD.,,True,EQ,EQ
DODLA,INE021O01019,DODLA DAIRY LIMITED,,True,EQ,EQ
DOLATALGO,INE966A01022,DOLAT ALGOTECH LIMITED,,True,EQ,EQ
DOLLAR,INE325C01035,DOLLAR INDUSTRIES LIMITED,,True,EQ,EQ
DOLLEX,INE0JHH01011,DOLLEX AGROTECH LIMITED,,True,SME,SM
DOLPHIN,INE920A01037,DOLPHIN OFF ENT (IND) L,,True,EQ,EQ
DOMS,INE321T01012,DOMS INDUSTRIES LIMITED,,True,EQ,EQ
DONEAR,INE668D01028,DONEAR IND. LIMITED,,True,EQ,EQ
DPABHUSHAN,INE266Y01019,D. P. ABHUSHAN LIMITED,,True,EQ,EQ
DPEL,INE0SCO01019,DIVINE POWER ENERGY LTD,,True,SME,SM
DPSCLTD,INE360C01024,DPSC LIMITED,,True,EQ,BE
DPWIRES,INE864X01013,D P WIRES LIMITED,,True,EQ,BE
DRAGARWQ,INE934C01018,DR. AGARWAL'S EYE HOSP L,,True,EQ,EQ
DRCSYSTEMS,INE03RS01027,DRC SYSTEMS INDIA LIMITED,,True,EQ,EQ
DREAMFOLKS,INE0JS101016,DREAMFOLKS SERVICES LTD,,True,EQ,EQ
DREDGECORP,INE506A01018,DREDGING CORP OF INDIA,,True,EQ,EQ
DRONE,INE0P7201019,DRONE DESTINATION LIMITED,,True,SME,SM
DRREDDY,INE089A01031,DR. REDDY S LABORATORIES,,True,EQ,EQ
DSFCL,INE0OFM01015,DCM SHRIRAM FINE CHEM LTD,,True,EQ,BE
DSKULKARNI,INE891A01022,DS KULKARNI DEVELOPERS L,,True,EQ,BE
DSSL,INE417B01040,DYNACONS SYS & SOLN LTD,,True,EQ,EQ
DTIL,INE341R01014,DHUNSERI TEA & IND. LTD.,,True,EQ,EQ
DTL,INE0JRD01019,DIENSTEN TECH LIMITED,,True,SME,SM
DUCOL,INE0LZO01015,DUCOL ORGS AND COLOURS LT,,True,SME,SM
DUCON,INE741L01018,DUCON INFRATECHNOLOGIES L,,True,EQ,EQ
DUGLOBAL,INE0HPK01020,DUDIGITAL GLOBAL LIMITED,,True,SME,SM
DURLAX,INE0OUW01013,DURLAX TOP SURFACE LTD,,True,SME,SM
DVL,INE477B01010,DHUNSERI VENTURES LIMITED,,True,EQ,EQ
DWARKESH,INE366A01041,DWARIKESH SUGAR IND LTD,,True,EQ,EQ
DYCL,INE600Y01019,DYNAMIC CABLES LIMITED,,True,EQ,EQ
DYNAMATECH,INE221B01012,DYNAMATIC TECHNOLOGIES,,True,EQ,EQ
DYNAMIC,INE0DZ701010,DYNAMIC SRVCS & SEC LTD,,True,SME,ST
DYNPRO,INE256H01015,DYNEMIC PRODUCTS LIMITED,,True,EQ,EQ
E2E,INE255Z01027,E2E NETWORKS LIMITED,,True,EQ,BE
E2ERAIL,INE1CEJ01017,E TO E TRANS INFRA LTD,,True,SME,SM
EASEMYTRIP,INE07O001026,EASY TRIP PLANNERS LTD,,True,EQ,EQ
EASTSILK,INE962C01035,EASTERN SILK INDUSTRIES L,,True,EQ,BE
EASTWEST,INE595R01023,EAST WEST FREIGHT CARRI L,,True,EQ,EQ
EBANK10,INF754K01XH9,EDELAMC - EBANK10,,True,ETF,EQ
EBANKNIFTY,INF754K01TE4,EDELAMC - EBANKNIFTY,,True,ETF,EQ
EBBETF0430,INF754K01KO2,EDELAMC - EBBETF0430,,True,ETF,EQ
EBBETF0431,INF754K01LE1,EDELAMC - EBBETF0431,,True,ETF,EQ
EBBETF0433,INF754K01QX0,EDELAMC - EBBETF0433,,True,ETF,EQ
EBGNG,INE18JU01028,GNG ELECTRONICS LIMITED,,True,EQ,EQ
EBIX,INE432F01032,EBIX LIMITED,,True,EQ,EQ
ECAPINSURE,INF754K01TX4,EDELAMC - ECAPINSURE,,True,ETF,EQ
ECLERX,INE738I01010,ECLERX SERVICES LTD,,True,EQ,EQ
ECOLINE,INE0VBS01016,ECOLINE EXIM LIMITED,,True,SME,ST
ECORECO,INE316A01038,ECO RECYCLING LTD.,,True,EQ,EQ
ECOSMOBLTY,INE06HJ01020,ECOS (INDIA) MOB & HOSP L,,True,EQ,EQ
EDELWEISS,INE532F01054,EDELWEISS FIN SERV LTD,,True,EQ,EQ
EEPL,INE11HF01010,EPPELTONE ENGINEERS LTD,,True,SME,ST
EFCIL,INE886D01026,EFC (I) LIMITED,,True,EQ,EQ
EFFWA,INE0U9101019,EFFWA INFRA & RESEARCH L,,True,SME,ST
EFORCE,INE0Q1W01012,ELECTRO FORCE (INDIA) LTD,,True,SME,SM
EGOLD,INF754K01SE6,EDELAMC - EGOLD,,True,ETF,EQ
EICHERMOT,INE066A01021,EICHER MOTORS LTD,,True,EQ,EQ
EIDPARRY,INE126A01031,EID PARRY INDIA LTD,,True,EQ,EQ
EIEL,INE0LLY01014,ENVIRO INFRA ENGINEERS L,,True,EQ,EQ
EIFFL,INE546V01010,EURO (I) FRESH FOODS LTD,,True,EQ,BE
EIHAHOTELS,INE276C01014,EIH ASSOCIATED HOTELS LTD,,True,EQ,EQ
EIHOTEL,INE230A01023,EIH LIMITED,,True,EQ,EQ
EIMCOELECO,INE158B01016,EIMCO ELECON (INDIA) LTD,,True,EQ,EQ
EKC,INE184H01027,EVEREST KANTO CYLINDERLTD,,True,EQ,EQ
EKI,INE0CPR01018,EKI ENERGY SERVICES LTD,,True,EQ,EQ
ELANTAS,INE280B01018,ELANTAS BECK INDIA LTD.,,True,EQ,EQ
ELCIDIN,INE927X01018,ELCID INVESTMENTS LTD.,,True,EQ,EQ
ELDEHSG,INE668G01021,ELDECO HSG & IND LTD.,,True,EQ,EQ
ELECON,INE205B01031,ELECON ENG. CO. LTD,,True,EQ,EQ
ELECTCAST,INE086A01029,ELECTROSTEEL CASTINGS LTD,,True,EQ,EQ
ELECTHERM,INE822G01016,ELECTROTHERM (I) LTD.,,True,EQ,EQ
ELGIEQUIP,INE285A01027,ELGI EQUIPMENTS LTD,,True,EQ,EQ
ELGIRUBCO,INE819L01012,ELGI RUBBER CO. LTD,,True,EQ,EQ
ELGNZ,INE0R9101015,ELEGANZ INTERIORS LIMITED,,True,SME,SM
ELIN,INE050401020,ELIN ELECTRONICS LIMITED,,True,EQ,EQ
ELIQUID,INF754K01VW2,EDELAMC - ELIQUID,,True,ETF,EQ
ELITECON,INE669R01026,ELITECON INTERNATIONAL L,,True,EQ,EQ
ELLEN,INE236E01022,ELLENBARRIE INDUS GASES L,,True,EQ,EQ
ELM250,INF754K01VV4,EDELAMC - ELM250,,True,ETF,EQ
ELMDIV,INF754K01XI7,EDELAMC - ELMDIV,,True,ETF,EQ
ELPROINTL,INE579B01039,ELPRO INTERNATIONAL LTD,,True,EQ,EQ
EMAMILTD,INE548C01032,EMAMI LIMITED,,True,EQ,EQ
EMAMIPAP,INE830C01026,EMAMI PAPER MILLS LIMITED,,True,EQ,BE
EMAMIREAL,INE778K01012,EMAMI REALTY LIMITED,,True,EQ,EQ
EMAPARTNER,INE0ZOL01023,EMA PARTNERS INDIA LTD,,True,SME,SM
EMBASSY,INE041025011,EMBASSY OFFICE PARKS REIT,,True,EQ,RR
EMBDL,INE069I01010,EMBASSY DEVELOPMENTS LTD,,True,EQ,EQ
EMCURE,INE168P01015,EMCURE PHARMACEUTICALS L,,True,EQ,EQ
EMETAL,INF754K01XG1,EDELAMC - EMETAL,,True,ETF,EQ
EMIL,INE02YR01019,ELECTRONICS MART IND LTD,,True,EQ,EQ
EMKAY,INE296H01011,EMKAY GLOBAL FIN SERV LTD,,True,EQ,EQ
EMKAYTOOLS,INE332S01011,EMKAY TAP & CUT. TOOL LTD,,True,SME,SM
EMMBI,INE753K01015,EMMBI INDUSTRIES LIMITED,,True,EQ,BE
EMMIL,INE0S1L01013,ENERGY MISSION MACH IND L,,True,SME,SM
EMMVEE,INE1C6T01020,EMMVEE PHOTOVOLTAIC PWR L,,True,EQ,EQ
EMPIND,INE515H01014,EMPIRE INDUSTRIES LTD.,,True,EQ,EQ
EMPOWER,INE507F01023,EMPOWER INDIA LTD.,,True,EQ,EQ
EMSLIMITED,INE0OV601013,EMS LIMITED,,True,EQ,EQ
EMUDHRA,INE01QM01018,EMUDHRA LIMITED,,True,EQ,EQ
EMULTIMQ,INF754K01TF1,EDELAMC - EMULTIMQ,,True,ETF,EQ
ENCOMPAS,INE433T01015,ENCOMPASS DESIGN INDIA L,,True,SME,SM
ENDURANCE,INE913H01037,ENDURANCE TECHNO. LTD.,,True,EQ,EQ
ENERGY,INF769K01PR2,MIRAEAMC - ENERGY,,True,ETF,EQ
ENERGYAXIS,INF846KA1598,AXISAMC - ENERGYAXIS,,True,ETF,EQ
ENERGYDEV,INE306C01019,ENERGY DEVE. CO.LTD,,True,EQ,EQ
ENEXT50,INF754K01XF3,EDELAMC - ENEXT50,,True,ETF,EQ
ENFUSE,INE0S3X01014,ENFUSE SOLUTIONS LIMITED,,True,SME,SM
ENGINERSIN,INE510A01028,ENGINEERS INDIA LTD,,True,EQ,EQ
ENIFTY,INF754K01VX0,EDELAMC - ENIFTY,,True,ETF,EQ
ENIL,INE265F01028,ENTERTAIN NET. IND. LTD.,,True,EQ,EQ
ENKEIWHEL,INE130L01014,ENKEI WHEELS (INDIA) LTD.,,True,EQ,EQ
ENRIN,INE1NPP01017,SIEMENS ENERGY INDIA LTD,,True,EQ,EQ
ENSER,INE0R9I01021,ENSER COMMUNICATIONS LTD,,True,SME,SM
ENTERO,INE010601016,ENTERO HEALTHCARE SOLU L,,True,EQ,EQ
ENVIRO,INE0SUH01015,ENVIROTECH SYSTEMS LTD,,True,SME,SM
EPACK,INE0G5901015,EPACK DURABLE LIMITED,,True,EQ,EQ
EPACKPEB,INE0MLS01022,EPACK PREFAB TECHN LTD,,True,EQ,EQ
EPIGRAL,INE071N01016,EPIGRAL LIMITED,,True,EQ,EQ
EPL,INE255A01020,EPL LIMITED,,True,EQ,EQ
EPWINDIA,INE1KEC01023,EPW INDIA LIMITED,,True,SME,ST
EQUAL200,INF769K01OA1,MIRAEAMC - EQUAL200,,True,ETF,EQ
EQUAL50,INF769K01OO2,MIRAEAMC - EQUAL50,,True,ETF,EQ
EQUAL50ADD,INF740KA1QK2,DSPAMC - DSPNEWETF,,True,ETF,EQ
EQUIPPP,INE217G01035,EQUIPPP SOC IMP TECH LTD,,True,EQ,BE
EQUITASBNK,INE063P01018,EQUITAS SMALL FIN BNK LTD,,True,EQ,EQ
ERIS,INE406M01024,ERIS LIFESCIENCES LIMITED,,True,EQ,EQ
ESABINDIA,INE284A01012,ESAB INDIA LTD,,True,EQ,EQ
ESAFSFB,INE818W01011,ESAF SMALL FINANCE BANK L,,True,EQ,BE
ESCONET,INE0RQZ01017,ESCONET TECHNOLOGIES LTD,,True,SME,SM
ESCORTS,INE042A01014,ESCORTS KUBOTA LIMITED,,True,EQ,EQ
ESENSEX,INF754K01VY8,EDELAMC - ESENSEX,,True,ETF,EQ
ESFL,INE0ITO01014,ESSEN SPECIALITY FILMS L,,True,SME,SM
ESG,INF769K01GS9,MIRAEAMC - MAESGETF,,True,ETF,EQ
ESILVER,INF754K01SF3,EDELAMC - ESILVER,,True,ETF,EQ
ESSARSHPNG,INE122M01019,ESSAR SHIPPING LTD,,True,EQ,EQ
ESSENTIA,INE418N01035,INTEGRA ESSENTIA LIMITED,,True,EQ,EQ
ESTER,INE778B01029,ESTER INDUSTRIES LTD,,True,EQ,EQ
ETERNAL,INE758T01015,ETERNAL LIMITED,,True,EQ,EQ
ETHOSLTD,INE04TZ01018,ETHOS LIMITED,,True,EQ,EQ
ETL,INE0PXC01024,EMKAY TOOLS LIMITED,,True,SME,SM
ETML,INE0RHD01013,EMERALD TYRE MANUF LTD,,True,SME,SM
EUREKAFORB,INE0KCE01017,EUREKA FORBES LIMITED,,True,EQ,EQ
EUROBOND,INE505V01016,EURO PANEL PRODUCTS LTD,,True,EQ,EQ
EUROPRATIK,INE198501012,EURO PRATIK SALES LIMITED,,True,EQ,EQ
EVEREADY,INE128A01029,EVEREADY INDS. IND.  LTD.,,True,EQ,EQ
EVERESTIND,INE295A01018,EVEREST INDUSTRIES LTD,,True,EQ,BE
EVIETF,INF109K1A153,ICICIPRAMC - EVIETF,,True,ETF,EQ
EVINDIA,INF769K01LQ3,MIRAEAMC - EVINDIA,,True,ETF,EQ
EXCELINDUS,INE369A01029,EXCEL INDUSTRIES LTD,,True,EQ,EQ
EXCELLENT,INE0Y4801011,EXCELLENT WIRES N PACK L,,True,SME,ST
EXCELSOFT,INE606N01019,EXCELSOFT TECHNOLOGIES L,,True,EQ,EQ
EXICOM,INE777F01014,EXICOM TELE SYSTEMS LTD,,True,EQ,EQ
EXIDEIND,INE302A01020,EXIDE INDUSTRIES LTD,,True,EQ,EQ
EXIMROUTES,INE19I001020,EXIM ROUTES LIMITED,,True,SME,SM
EXPLEOSOL,INE201K01015,EXPLEO SOLUTIONS LIMITED,,True,EQ,EQ
EXXARO,INE0GFE01026,EXXARO TILES LIMITED,,True,EQ,EQ
FABTECH,INE0HF201011,FABTECH TECHNOLOGIES LTD,,True,EQ,EQ
FACT,INE188A01015,FACT LTD,,True,EQ,EQ
FAIRCHEMOR,INE0DNW01011,FAIRCHEM ORGANICS LIMITED,,True,EQ,BE
FALCONTECH,INE0PQK01013,FALCON TECHNOPROJ IND LTD,,True,SME,SM
FASCINATE,INE1Q2D01019,FASCINATE TEXTILES LTD,,True,SME,ST
FAZE3Q,INE963C01033,FAZE THREE LIMITED,,True,EQ,EQ
FCL,INE045J01034,FINEOTEX CHEMICAL LIMITED,,True,EQ,EQ
FCSSOFT,INE512B01022,FCS SOFTWARE SOLN. LTD.,,True,EQ,EQ
FDC,INE258B01022,FDC LIMITED,,True,EQ,EQ
FEDDERSHOL,INE417D01020,FEDDERS HOLDING LTD.,,True,EQ,EQ
FEDERALBNK,INE171A01029,FEDERAL BANK LTD,,True,EQ,EQ
FEDFINA,INE007N01010,FEDBANK FINANCIAL SER L,,True,EQ,EQ
FEL,INE623B01027,FUTURE ENTERPRISES LTD,,True,EQ,BZ
FELDVR,IN9623B01058,FUTURE ENTERPRISES LTD,,True,EQ,BZ
FELIX,INE901X01013,FELIX INDUSTRIES LTD.,,True,SME,SM
FERMENTA,INE225B01021,FERMENTA BIOTECH LTD.,,True,EQ,EQ
FIBERWEB,INE296C01020,FIBERWEB INDIA LIMITED,,True,EQ,EQ
FIDEL,INE0LQQ01019,FIDEL SOFTECH LIMITED,,True,SME,SM
FIEMIND,INE737H01014,FIEM INDUSTRIES LIMITED,,True,EQ,EQ
FILATEX,INE816B01035,FILATEX INDIA LTD,,True,EQ,EQ
FILATFASH,INE185E01021,FILATEX FASHIONS LIMITED,,True,EQ,EQ
FINBUD,INE0EDU01014,FINBUD FINANCIAL SERV LTD,,True,SME,SM
FINCABLES,INE235A01022,FINOLEX CABLES LTD,,True,EQ,EQ
FINEORG,INE686Y01026,FINE ORGANIC IND. LTD.,,True,EQ,EQ
FINIETF,INF109KC17L8,ICICIPRAMC-ICICIFIN,,True,ETF,EQ
FINKURVE,INE734I01027,FINKURVE FINANCIAL SERV L,,True,EQ,EQ
FINOPB,INE02NC01014,FINO PAYMENTS BANK LTD,,True,EQ,EQ
FINPIPE,INE183A01024,FINOLEX INDUSTRIES LTD,,True,EQ,EQ
FIRSTCRY,INE02RE01045,BRAINBEES SOLUTIONS LTD,,True,ETF,EQ
FISCHER,INE771F01041,FISCHER MEDICAL VENTURE L,,True,EQ,EQ
FIVESTAR,INE128S01021,FIVE-STAR BUS FIN LTD,,True,EQ,EQ
FLAIR,INE00Y201027,FLAIR WRITING INDUST LTD,,True,EQ,EQ
FLEXIADD,INF740KA1WU9,DSPAMC - FLEXIADD,,True,ETF,EQ
FLEXITUFF,INE060J01017,FLEXITUFF VENTURES INT L,,True,EQ,BE
FLFL,INE452O01016,FUT LIFESTYLE FASH LTD,,True,EQ,BZ
FLUOROCHEM,INE09N301011,GUJARAT FLUOROCHEM LTD,,True,EQ,EQ
FLYSBS,INE0VCK01011,FLYSBS AVIATION LIMITED,,True,SME,SM
FMCGADD,INF740KA1ZA4,DSPAMC - FMCGADD,,True,ETF,EQ
FMCGIETF,INF109KC19V3,ICICIPRAMC - ICICIFMCG,,True,ETF,EQ
FMGOETZE,INE529A01010,FEDERAL-MOGUL GOETZE (IND,,True,EQ,EQ
FMNL,INE360L01017,FUTURE MKT NETWORKS LTD,,True,EQ,EQ
FOCUS,INE593W01028,FOCUS LIGHTG & FIXTRS LTD,,True,EQ,BE
FONEBOX,INE0Q4701019,FONEBOX RETAIL LIMITED,,True,SME,SM
FOODSIN,INE976E01023,FOODS & INNS LIMITED,,True,EQ,EQ
FORCAS,INE0U2501017,FORCAS STUDIO LIMITED,,True,SME,ST
FORCEMOT,INE451A01017,FORCE MOTORS LIMITED,,True,EQ,EQ
FORGEAUTO,INE0YKW01013,FORGE AUTO INTERNATION L,,True,SME,SM
FORTIS,INE061F01013,FORTIS HEALTHCARE LTD,,True,EQ,EQ
FOSECOIND,INE519A01011,FOSECO INDIA LTD,,True,EQ,EQ
FRACTAL,INE212S01015,FRACTAL ANALYTICS LIMITED,,True,EQ,EQ
FREDUN,INE194R01017,FREDUN PHARMACEUTICALS L,,True,EQ,EQ
FRESHARA,INE0SFW01015,FRESHARA AGRO EXPORTS LTD,,True,SME,ST
FROG,INE385O01018,FROG INNOVATIONS LIMITED,,True,SME,ST
FRONTSP,INE572D01014,FRONTIER SPRINGS LTD.,,True,EQ,EQ
FSL,INE684F01012,FIRSTSOURCE SOLU. LTD.,,True,EQ,EQ
FUSION,INE139R01012,FUSION FINANCE LIMITED,,True,EQ,EQ
GABRIEL,INE524A01029,GABRIEL INDIA LTD,,True,EQ,EQ
GAEL,INE036B01030,GUJARAT AMBUJA EXPORTS LT,,True,EQ,EQ
GAIL,INE129A01019,GAIL (INDIA) LTD,,True,EQ,EQ
GAJA,INE18UN01038,GAJA ALT ASSET MGT LTD,,True,EQ,EQ
GALAPREC,INE0RE001014,GALA PRECISION ENG LTD,,True,EQ,EQ
GALAXYSURF,INE600K01018,GALAXY SURFACTANTS LTD,,True,EQ,EQ
GALLANTT,INE297H01019,GALLANTT ISPAT LIMITED,,True,EQ,EQ
GANDHAR,INE717W01049,GANDHAR OIL REFINE IND L,,True,EQ,EQ
GANDHITUBE,INE524B01027,GANDHI SPL. TUBES LTD,,True,EQ,EQ
GANECOS,INE845D01014,GANESHA ECOSPHERE LIMITED,,True,EQ,EQ
GANESHBE,INE388A01029,GANESH BENZOPLAST LIMITED,,True,EQ,BE
GANESHCP,INE652V01016,GANESH CONSUMER PRODUCT L,,True,EQ,EQ
GANESHHOU,INE460C01014,GANESH HOUSING LIMITED,,True,EQ,EQ
GANESHIN,INE0TVT01024,GANESH INFRAWORLD LIMITED,,True,SME,ST
GANGABATH,INE0ZI101018,GANGA BATH FITTINGS LTD,,True,SME,SM
GANGAFORGE,INE691Z01023,GANGA FORGING LIMITED,,True,EQ,EQ
GANGESSECU,INE335W01016,GANGES SECURITIES LIMITED,,True,EQ,EQ
GARFIBRES,INE276A01018,GARWARE TECH FIBRES LTD,,True,EQ,EQ
GARUDA,INE0JVO01026,GARUDA CONSTRUCT N ENG L,,True,EQ,EQ
GATECH,INE224E01028,GACM TECHNOLOGIES LIMITED,,True,EQ,BE
GATECHDVR,INE224E01036,GACM TECHNOLOGIES LIMITED,,True,EQ,BE
GATEWAY,INE079J01017,GATEWAY DISTRIPARKS LTD,,True,EQ,EQ
GAUDIUMIVF,INE0P8B01020,GAUDIUM IVF N WOMEN H L,,True,EQ,BE
GAYAHWS,INE287Z01012,GAYATRI HIGHWAYS LIMITED,,True,EQ,EQ
GAYAPROJ,INE336H01023,GAYATRI PROJECTS LTD,,True,EQ,EQ
GCHOTELS,INE12E301017,GRAND CONTINENT HOTELS L,,True,SME,ST
GCSL,INE199P01028,GRETEX CORPORATE SERVICES,,True,EQ,EQ
GEECEE,INE916G01016,GEECEE VENTURES LIMITED,,True,EQ,BE
GEEKAYWIRE,INE669X01032,GEEKAY WIRES LIMITED,,True,EQ,EQ
GEMAROMA,INE06XZ01023,GEM AROMATICS LIMITED,,True,EQ,EQ
GENCON,INE854S01022,GENERIC ENG CONS PROJ LTD,,True,EQ,EQ
GENESYS,INE727B01026,GENESYS INTL CORPN LTD,,True,EQ,EQ
GENSOL,INE06H201014,GENSOL ENGINEERING LTD,,True,EQ,BZ
GENUSPAPER,INE949P01018,GENUS P&B LIMITED,,True,EQ,EQ
GENUSPOWER,INE955D01029,GENUS POWER INFRASTRU LTD,,True,EQ,EQ
GENXAI,INE1W0N01014,GENXAI ANALYTICS LIMITED,,True,SME,SM
GEOJITFSL,INE007B01023,GEOJIT FINANCIAL SER L,,True,EQ,EQ
GESHIP,INE017A01032,THE GE SHPG.LTD,,True,EQ,EQ
GFLLIMITED,INE538A01037,GFL LIMITED,,True,EQ,EQ
GGBL,INE0R8C01018,GANESH GREEN BHARAT LTD,,True,SME,SM
GHCL,INE539A01019,GHCL LIMITED,,True,EQ,EQ
GHCLTEXTIL,INE0PA801013,GHCL TEXTILES LIMITED,,True,EQ,EQ
GICHSGFIN,INE289B01019,GIC HOUSING FINANCE LTD,,True,EQ,EQ
GICL,INE947T01022,GLOBE INTL CARRIERS LTD,,True,EQ,EQ
GICRE,INE481Y01014,GENERAL INS CORP OF INDIA,,True,EQ,EQ
GILLANDERS,INE047B01011,GILLANDERS ARBUTHNOT LTD,,True,EQ,EQ
GILLETTE,INE322A01010,GILLETTE INDIA LTD,,True,EQ,EQ
GILT10BETA,INF789F1AZF3,UTIAMC-GILT10BETA,,True,ETF,EQ
GILT5BETA,INF789F1AZE6,UTIAMC-GILT5BETA,,True,ETF,EQ
GILT5YBEES,INF204KC1030,RELCAPAMC - NETFGILT5Y,,True,ETF,EQ
GINNIFILA,INE424C01010,GINNIFILAMENTS LTD.,,True,EQ,BE
GIPCL,INE162A01010,GUJ IND POW CO. LTD,,True,EQ,EQ
GIRIRAJ,INE614Z01017,GIRIRAJ CIVIL DEVP LTD,,True,SME,SM
GJL,INE1TY801010,GROVER JEWELLS LIMITED,,True,SME,ST
GKB,INE265D01015,GKB OPHTHALMICS LTD.,,True,EQ,EQ
GKENERGY,INE1AG301022,GK ENERGY LIMITED,,True,EQ,EQ
GKSL,INE0V0W01025,GUJARAT KIDNEY N SUP SP L,,True,EQ,EQ
GKWLIMITED,INE528A01020,GKW LIMITED,,True,EQ,EQ
GLAND,INE068V01023,GLAND PHARMA LIMITED,,True,EQ,EQ
GLAXO,INE159A01016,GLAXOSMITHKLINE PHARMA LT,,True,EQ,EQ
GLENMARK,INE935A01035,GLENMARK PHARMACEUTICALS,,True,EQ,EQ
GLFL,INE540A01017,GUJARAT LEASE FINANCING L,,True,EQ,EQ
GLOBAL,INE291W01037,GLOBAL EDUCATION LIMITED,,True,EQ,EQ
GLOBALE,INE0URU01010,GLOBALE TESSILE LIMITED,,True,EQ,EQ
GLOBALPET,INE0PS501019,GLOBAL PET INDUSTRIES LTD,,True,SME,ST
GLOBALVECT,INE792H01019,GLOBAL VEC HELICORP LTD,,True,EQ,EQ
GLOBE,INE581X01021,GLOBE ENTERPRISE (I) LTD,,True,EQ,EQ
GLOBECIVIL,INE0V3U01015,GLOBE CIVIL PROJECTS LTD,,True,EQ,EQ
GLOBUSSPR,INE615I01010,GLOBUS SPIRITS LTD,,True,EQ,EQ
GLOSTERLTD,INE350Z01018,GLOSTER LIMITED,,True,EQ,EQ
GLOTTIS,INE0TQE01026,GLOTTIS LIMITED,,True,EQ,EQ
GMBREW,INE075D01018,G M BREWERIES LTD,,True,EQ,EQ
GMDCLTD,INE131A01031,GUJARAT MINERAL DEV CORP,,True,EQ,EQ
GML,INE09A801015,GALAXY MEDICARE LIMITED,,True,SME,SM
GMMPFAUDLR,INE541A01023,GMM PFAUDLER LIMITED,,True,EQ,EQ
GMRAIRPORT,INE776C01039,GMR AIRPORTS LIMITED,,True,EQ,EQ
GMRP&UI,INE0CU601026,GMR POW AND URBAN INFRA L,,True,EQ,EQ
GNA,INE934S01014,GNA AXLES LIMITED,,True,EQ,EQ
GNFC,INE113A01013,GUJ NAR VAL FER & CHEM L,,True,EQ,EQ
GNRL,INE207H01018,GUJARAT NATURAL RES L,,True,EQ,EQ
GOACARBON,INE426D01013,GOA CARBON LIMITED,,True,EQ,EQ
GOCLCORP,INE077F01035,GOCL CORPORATION LIMITED,,True,EQ,EQ
GOCOLORS,INE0BJS01011,GO FASHION INDIA LTD,,True,EQ,EQ
GODAVARIB,INE497S01012,GODAVARI BIOREFINERIES L,,True,EQ,EQ
GODFRYPHLP,INE260B01028,GODFREY PHILLIPS INDIA LT,,True,EQ,EQ
GODIGIT,INE03JT01014,GO DIGIT GENERAL INS LTD,,True,EQ,EQ
GODREJAGRO,INE850D01014,GODREJ AGROVET LIMITED,,True,EQ,EQ
GODREJCP,INE102D01028,GODREJ CONSUMER PRODUCTS,,True,EQ,EQ
GODREJIND,INE233A01035,GODREJ INDUSTRIES LTD,,True,EQ,EQ
GODREJPROP,INE484J01027,GODREJ PROPERTIES LTD,,True,EQ,EQ
GOKEX,INE887G01027,GOKALDAS EXPORTS LTD.,,True,EQ,EQ
GOKUL,INE020J01029,GOKUL REFOILS & SOLV LTD,,True,EQ,EQ
GOKULAGRO,INE314T01033,GOKUL AGRO RESOURCES LTD,,True,EQ,EQ
GOLD1,INF174KA1HJ8,KOTAK GOLD ETF,,True,ETF,EQ
GOLD360,INF579M01BB5,360ONEAMC - GOLD360,,True,ETF,EQ
GOLDADD,INF740KA1ZP2,DSPAMC - DSPGOLD,,True,ETF,EQ
GOLDAXIS,INF846K01W80,AXISAMC-GOLDAXIS,,True,ETF,EQ
GOLDBEES,INF204KB17I5,NIP IND ETF GOLD BEES,,True,ETF,EQ
GOLDBETA,INF789F1AUX7,UTIAMC-UTIGOLDBETA,,True,ETF,EQ
GOLDBND,INF194KB1KJ7,BANDHANAMC - GOLDBND,,True,ETF,EQ
GOLDCASE,INF0R8F01042,ZERODHAAMC - GOLDCASE,,True,ETF,EQ
GOLDENTOBC,INE973A01010,GOLDEN TOBACCO LIMITED,,True,EQ,BZ
GOLDETF,INF769K01JP9,MIRAEAMC - MAGOLDETF,,True,ETF,EQ
GOLDIAM,INE025B01025,GOLDIAM INTERNATIONAL LTD,,True,EQ,EQ
GOLDIETF,INF109KC1NT3,ICICI PRUDENTIAL GOLD ETF,,True,ETF,EQ
GOLDKART,INE06MH01016,GOLDKART JEWELS LIMITED,,True,SME,SM
GOLDSTAR,INE405Y01021,GOLDSTAR POWER LIMITED,,True,SME,SM
GOLDTECH,INE805A01014,AION-TECH SOLUTIONS LTD,,True,EQ,BE
GOODLUCK,INE127I01024,GOODLUCK INDIA LIMITED,,True,EQ,EQ
GOODYEAR,INE533A01012,GOODYEAR INDIA LIMITED,,True,EQ,EQ
GOPAL,INE0L9R01028,GOPAL SNACKS LIMITED,,True,EQ,EQ
GOYALALUM,INE705X01026,GOYAL ALUMINIUMS LIMITED,,True,EQ,EQ
GOYALSALT,INE0QFE01017,GOYAL SALT LIMITED,,True,SME,SM
GPECO,INE0S7E01015,GP ECO SOLUTIONS INDIA L,,True,SME,ST
GPIL,INE177H01039,GODAWARI POW & ISP LTD,,True,EQ,EQ
GPPL,INE517F01014,GUJARAT PIPAVAV PORT LTD,,True,EQ,EQ
GPTHEALTH,INE486R01017,GPT HEALTHCARE LIMITED,,True,EQ,EQ
GPTINFRA,INE390G01014,GPT INFRAPROJECTS LTD,,True,EQ,EQ
GRADIENTE,INE361K01017,GRADIENTE INFOTAINMENT L,,True,EQ,EQ
GRANDOAK,INE926B01016,GRAND OAK CANYONS DIST L,,True,EQ,EQ
GRANULES,INE101D01020,GRANULES INDIA LIMITED,,True,EQ,EQ
GRAPHISAD,INE0POU01017,GRAPHISADS LIMITED,,True,SME,SM
GRAPHITE,INE371A01025,GRAPHITE INDIA LTD,,True,EQ,EQ
GRASIM,INE047A01021,GRASIM INDUSTRIES LTD,,True,EQ,EQ
GRAUWEIL,INE266D01021,GRAUER & WEIL IND LTD,,True,EQ,EQ
GRAVISSHO,INE214F01026,GRAVISS HOSPITALITY LTD.,,True,EQ,EQ
GRAVITA,INE024L01027,GRAVITA INDIA LIMITED,,True,EQ,EQ
GRCL,INE0LVM01018,GAYATRI RUBB AND CHEM LTD,,True,SME,SM
GREAVESCOT,INE224A01026,GREAVES COTTON LTD.,,True,EQ,EQ
GREENCHEF,INE0O7P01015,GREENCHEF APPLIANCES LTD,,True,SME,SM
GREENLAM,INE544R01021,GREENLAM INDUSTRIES LTD.,,True,EQ,EQ
GREENLEAF,INE0PLX01017,GREENLEAF ENVIROTECH LTD,,True,SME,ST
GREENPANEL,INE08ZM01014,GREENPANEL INDUSTRIES LTD,,True,EQ,EQ
GREENPLY,INE461C01038,GREENPLY INDUSTRIES LTD,,True,EQ,EQ
GREENPOWER,INE999K01014,ORIENT GREEN POWER CO LTD,,True,EQ,EQ
GRINDWELL,INE536A01023,GRINDWELL NORTON LIMITED,,True,EQ,EQ
GRINFRA,INE201P01022,G R INFRAPROJECTS LIMITED,,True,EQ,EQ
GRMOVER,INE192H01020,GRM OVERSEAS LIMITED,,True,EQ,EQ
GROBTEA,INE646C01018,THE GROB TEA COMPANY LTD,,True,EQ,EQ
GROWW,INE0HOQ01053,BILLIONBRAINS GARAGE VN L,,True,EQ,EQ
GROWWCAPM,INF666M01MM4,GROWWAMC - GROWWCAPM,,True,ETF,EQ
GROWWCHEM,INF666M01NP5,GROWWAMC - GROWWCHEM,,True,ETF,EQ
GROWWDEFNC,INF666M01IO8,GROWWAMC - GROWWDEFNC,,True,ETF,EQ
GROWWEV,INF666M01IH2,GROWWAMC - GROWWEV,,True,ETF,EQ
GROWWGOLD,INF666M01OE7,GROWWAMC - GROWWGOLD,,True,ETF,EQ
GROWWHOSPI,INF666M01OD9,GROWWAMC - GROWWHOSPI,,True,ETF,EQ
GROWWLIQID,INF666M01IP5,GROWWAMC - GROWWLIQID,,True,ETF,EQ
GROWWLOVOL,INF666M01LB9,GROWWAMC - GROWWLOVOL,,True,ETF,EQ
GROWWMC150,INF666M01MV5,GROWWAMC - GROWWMC150,,True,ETF,EQ
GROWWMETAL,INF666M01NI0,GROWWAMC - GROWWMETAL,,True,ETF,EQ
GROWWMOM50,INF666M01KJ4,GROWWAMC - GROWWMOM50,,True,ETF,EQ
GROWWN200,INF666M01JV1,GROWWAMC - GROWWN200,,True,ETF,EQ
GROWWNET,INF666M01LI4,GROWWAMC - GROWWNET,,True,ETF,EQ
GROWWNIFTY,INF666M01LL8,GROWWAMC - GROWWNIFTY,,True,ETF,EQ
GROWWNXT50,INF666M01LZ8,GROWWAMC - GROWWNXT50,,True,ETF,EQ
GROWWPOWER,INF666M01LM6,GROWWAMC - GROWWPOWER,,True,ETF,EQ
GROWWPSE,INF666M01NQ3,GROWWAMC - GROWWPSE,,True,ETF,EQ
GROWWPSUBK,INF666M01OG2,GROWWAMC - GROWWPSUBK,,True,ETF,EQ
GROWWRAIL,INF666M01JJ6,GROWWAMC - GROWWRAIL,,True,ETF,EQ
GROWWRLTY,INF666M01MN2,GROWWAMC - GROWWRLTY,,True,ETF,EQ
GROWWSC250,INF666M01MO0,GROWWAMC - GROWWSC250,,True,ETF,EQ
GROWWSLVR,INF666M01OF4,GROWWAMC - GROWWSLVR,,True,ETF,EQ
GRPLTD,INE137I01015,GRP LIMITED,,True,EQ,EQ
GRSE,INE382Z01011,GARDEN REACH SHIP&ENG LTD,,True,EQ,EQ
GRWRHITECH,INE291A01017,GARWARE HI-TECH FILMS LTD,,True,EQ,EQ
GSEC10ABSL,INF209KC1142,BIRLASLAMC - GSEC10ABSL,,True,ETF,EQ
GSEC10IETF,INF109KC18O0,ICICIPRAMC - ICICI10GS,,True,ETF,EQ
GSEC10YEAR,INF769K01KF8,MIRAEAMC - MAGS813ETF,,True,ETF,EQ
GSEC5IETF,INF109KC14A8,ICICIPRAMC - ICICI5GSEC,,True,ETF,EQ
GSFC,INE026A01025,GUJ STATE FERT & CHEM LTD,,True,EQ,EQ
GSLSU,INE0JSX01015,GLOBAL SURFACES LIMITED,,True,EQ,EQ
GSMFOILS,INE0SQY01018,GSM FOILS LIMITED,,True,SME,SM
GSPCROP,INE713R01022,GSP CROP SCIENCE LIMITED,,True,EQ,EQ
GSS,INE871H01011,GSS INFOTECH LIMITED,,True,EQ,EQ
GSTL,INE00WS01056,GLOBESECURE TECHNO LTD,,True,SME,SM
GTECJAINX,INE586X01012,G-TEC JAINX EDUCATION LTD,,True,EQ,BE
GTL,INE043A01012,GTL LTD,,True,EQ,EQ
GTLINFRA,INE221H01019,GTL INFRA.LTD,,True,EQ,EQ
GTPL,INE869I01013,GTPL HATHWAY LIMITED,,True,EQ,EQ
GUFICBIO,INE742B01025,GUFIC BIOSCIENCES LTD.,,True,EQ,EQ
GUJALKALI,INE186A01019,GUJARAT ALKALIES & CHEM,,True,EQ,EQ
GUJAPOLLO,INE826C01016,GUJ. APOLLO IND. LTD.,,True,EQ,EQ
GUJENERGY,INE844O01030,GUJARAT ENERGY LIMITED,,True,EQ,EQ
GUJRAFFIA,INE610B01024,GUJARAT RAFFIA INDUST LTD,,True,EQ,EQ
GUJTHEM,INE942C01045,GUJARAT THEMIS BIOSYN LTD,,True,EQ,EQ
GULFOILLUB,INE635Q01029,GULF OIL LUB. IND. LTD.,,True,EQ,EQ
GULFPETRO,INE586G01017,GP PETROLEUMS LIMITED,,True,EQ,BE
GULPOLY,INE255D01024,GULSHAN POLYOLS LIMITED,,True,EQ,EQ
GVKPIL,INE251H01024,GVK POW. & INFRA LTD.,,True,EQ,BE
GVPIL,INE878A01011,GE POWER INDIA LIMITED,,True,EQ,EQ
GVPTECH,INE382T01030,GVP INFOTECH LIMITED,,True,EQ,EQ
GVT&D,INE200A01026,GE VERNOVA T&D INDIA LTD,,True,EQ,EQ
GYFTR,INE724A01017,GYFTR LIMITED,,True,EQ,EQ
HAL,INE066F01020,HINDUSTAN AERONAUTICS LTD,,True,EQ,EQ
HALDER,INE115S01010,HALDER VENTURE LIMITED,,True,EQ,EQ
HALDYNGL,INE506D01020,HALDYN GLASS LTD.,,True,EQ,BE
HALEOSLABS,INE320X01016,HALEOS LABS LIMITED,,True,EQ,EQ
HAMPTON,INE299D01022,HAMPTON SKY REALTY LTD.,,True,EQ,EQ
HAPPSTMNDS,INE419U01012,HAPPIEST MINDS TECHNO LTD,,True,EQ,EQ
HAPPY,INE1GFG01011,HAPPY STEELS LIMITED,,True,SME,SM
HAPPYFORGE,INE330T01021,HAPPY FORGINGS LIMITED,,True,EQ,EQ
HARDWYN,INE626Z01029,HARDWYN INDIA LIMITED,,True,EQ,EQ
HARIOMPIPE,INE00EV01017,HARIOM PIPE INDUSTRIES L,,True,EQ,EQ
HARRMALAYA,INE544A01019,HARRISON MALAYALAM LTD,,True,EQ,EQ
HARSHA,INE0JUS01029,HARSHA ENGINEERS INT LTD,,True,EQ,EQ
HATHWAY,INE982F01036,HATHWAY CABLE & DATACOM,,True,EQ,EQ
HATSUN,INE473B01035,HATSUN AGRO PRODUCT LTD.,,True,EQ,EQ
HAVELLS,INE176B01034,HAVELLS INDIA LIMITED,,True,EQ,EQ
HAVISHA,INE293B01029,SRI HAVISHA HOSP & INFR L,,True,EQ,EQ
HAWKINCOOK,INE979B01015,HAWKINS COOKERS LTD,,True,EQ,EQ
HAZOOR,INE550F01049,HAZOOR MULTI PROJECTS LTD,,True,EQ,EQ
HBESD,INE640B01021,H B ESTATE DEVELOPERS L,,True,EQ,EQ
HBLENGINE,INE292B01021,HBL ENGINEERING LTD,,True,EQ,EQ
HBPOR,INE638B01025,HB PORTFOLIO LTD.,,True,EQ,EQ
HBSL,INE550B01022,HB STOCKHOLDINGS LIMITED,,True,EQ,EQ
HCC,INE549A01026,HINDUSTAN CONSTRUCTION CO,,True,EQ,EQ
HCG,INE075I01017,HEALTHCARE GLOB. ENT. LTD,,True,EQ,EQ
HCL-INSYS,INE236A01020,HCL INFOSYSTEMS LTD,,True,EQ,EQ
HCLTECH,INE860A01027,HCL TECHNOLOGIES LTD,,True,EQ,EQ
HDBFS,INE756I01012,HDB FINANCIAL SERVICES L,,True,EQ,EQ
HDFCAMC,INE127D01025,HDFC AMC LIMITED,,True,EQ,EQ
HDFCBANK,INE040A01034,HDFC BANK LTD,,True,EQ,EQ
HDFCBSE500,INF179KC1EZ4,HDFCAMC - HDFCBSE500,,True,ETF,EQ
HDFCGOLD,INF179KC1981,HDFC GOLD ETF,,True,ETF,EQ
HDFCGROWTH,INF179KC1DJ0,HDFCAMC - HDFCGROWTH,,True,ETF,EQ
HDFCLIFE,INE795G01014,HDFC LIFE INS CO LTD,,True,EQ,EQ
HDFCLIQUID,INF179KC1JG3,HDFCAMC - HDFCLIQUID,,True,ETF,EQ
HDFCLOWVOL,INF179KC1HU8,HDFCAMC - HDFCLOWVOL,,True,ETF,EQ
HDFCMID150,INF179KC1HT0,HDFCAMC - HDFCMID150,,True,ETF,EQ
HDFCMOMENT,INF179KC1HV6,HDFCAMC - HDFCMOMENT,,True,ETF,EQ
HDFCNEXT50,INF179KC1HS2,HDFCAMC - HDFCNEXT50,,True,ETF,EQ
HDFCNIF100,INF179KC1HR4,HDFCAMC - HDFCNIF100,,True,ETF,EQ
HDFCNIFBAN,INF179KC1HY0,HDFCAMC - HDFCNIFBAN,,True,ETF,EQ
HDFCNIFIT,INF179KC1IA8,HDFCAMC - HDFCNIFIT,,True,ETF,EQ
HDFCNIFTY,INF179KC1965,HDFCAMC - HDFCNIFTY,,True,ETF,EQ
HDFCNIMEG,INF179KC1KT4,HDFCAMC - HDFCNIMEG,,True,ETF,EQ
HDFCPSUBK,INF179KC1HW4,HDFCAMC HDFCPSUBK,,True,ETF,EQ
HDFCPVTBAN,INF179KC1HZ7,HDFCAMC - HDFCPVTBAN,,True,ETF,EQ
HDFCQUAL,INF179KC1DL6,HDFCAMC - HDFCQUAL,,True,ETF,EQ
HDFCSENSEX,INF179KC1HX2,HDFCAMC - HDFCSENSEX,,True,ETF,EQ
HDFCSILVER,INF179KC1DI2,HDFCAMC - HDFCSILVER,,True,ETF,EQ
HDFCSML250,INF179KC1FB2,HDFCAMC - HDFCSML250,,True,ETF,EQ
HDFCVALUE,INF179KC1DK8,HDFCAMC - HDFCVALUE,,True,ETF,EQ
HDIL,INE191I01012,HOUSING DEV & INFRA LTD,,True,EQ,BZ
HEADSUP,INE759V01019,HEADS UP VENTURES LIMITED,,True,EQ,EQ
HEALTHADD,INF740KA1ZG1,DSPAMC - HEALTHADD,,True,ETF,EQ
HEALTHAXIS,INF846K01Z12,AXISAMC-HEALTHAXIS,,True,ETF,EQ
HEALTHCARE,INF769K01QA6,MIRAEAMC - HEALTHCARE,,True,ETF,EQ
HEALTHIETF,INF109KC1Q72,ICICIPRAMC - ICICIPHARM,,True,ETF,EQ
HEALTHX,INE019J01013,HEALTH X PLATFORM LIMITED,,True,EQ,EQ
HEALTHY,INF209KB10C2,BIRLASLAMC - HEALTHY,,True,ETF,EQ
HECPROJECT,INE558R01013,HEC INFRA PROJECTS LTD,,True,EQ,EQ
HEG,INE545A01024,HEG LTD,,True,EQ,EQ
HEIDELBERG,INE578A01017,HEIDELBERGCEMENT (I) LTD,,True,EQ,EQ
HEMIPROP,INE0AJG01018,HEMISPHERE PROP IND LTD,,True,EQ,EQ
HERANBA,INE694N01015,HERANBA INDUSTRIES LTD,,True,EQ,EQ
HERITGFOOD,INE978A01027,HERITAGE FOODS LTD,,True,EQ,EQ
HEROMOTOCO,INE158A01026,HERO MOTOCORP LIMITED,,True,EQ,EQ
HESTERBIO,INE782E01017,HESTER BIOSCIENCES LTD,,True,EQ,EQ
HEXAGON,INE0JUI01012,HEXAGON NUTRITION LIMITED,,True,EQ,BE
HEXATRADEX,INE750M01017,HEXA TRADEX LIMITED,,True,EQ,EQ
HEXT,INE093A01041,HEXAWARE TECHNOLOGIES LTD,,True,EQ,EQ
HFCL,INE548A01028,HFCL LIMITED,,True,EQ,EQ
HGINFRA,INE926X01010,H.G.INFRA ENGINEERING LTD,,True,EQ,EQ
HGM,INE596H01014,HANDSON GBL MNGMNT LTD,,True,EQ,EQ
HGS,INE170I01016,HINDUJA GLOBAL SOLS. LTD.,,True,EQ,EQ
HIGREEN,INE0PIC01017,HI GREEN CARBON LIMITED,,True,SME,SM
HIKAL,INE475B01022,HIKAL LIMITED,,True,EQ,EQ
HILINFRA,INE00RL01028,HIGHWAY INFRASTRUCTURE L,,True,EQ,EQ
HILTON,INE788H01017,HILTON METAL FORGING LTD,,True,EQ,EQ
HIMATSEIDE,INE049A01027,HIMATSINGKA SEIDE LTD,,True,EQ,EQ
HINDADH,INE074C01013,HINDUSTAN ADHESIVES LTD.,,True,EQ,EQ
HINDALCO,INE038A01020,HINDALCO  INDUSTRIES  LTD,,True,EQ,EQ
HINDALUMI,INE227B01019,HIND ALUMINIUM INDS. LTD.,,True,EQ,EQ
HINDCOMPOS,INE310C01029,HINDUSTAN COMPOSITES LTD.,,True,EQ,EQ
HINDCON,INE642Y01029,HINDCON CHEMICALS LIMITED,,True,EQ,EQ
HINDCOPPER,INE531E01026,HINDUSTAN COPPER LTD,,True,EQ,EQ
HINDOILEXP,INE345A01011,HINDUSTAN OIL EXPLORATION,,True,EQ,EQ
HINDPETRO,INE094A01015,HINDUSTAN PETROLEUM CORP,,True,EQ,EQ
HINDUNILVR,INE030A01027,HINDUSTAN UNILEVER LTD.,,True,EQ,EQ
HINDWAREAP,INE05AN01011,HINDWARE HME INOVATON LTD,,True,EQ,EQ
HINDZINC,INE267A01025,HINDUSTAN ZINC LIMITED,,True,EQ,EQ
HIRECT,INE835D01023,HIRECT LIMITED,,True,EQ,EQ
HISARMETAL,INE598C01011,HISAR METAL IND. LIMITED,,True,EQ,EQ
HITECH,INE106T01025,HI-TECH PIPES LIMITED,,True,EQ,EQ
HITECHCORP,INE120D01012,HITECH CORPORATION LTD,,True,EQ,BE
HITECHGEAR,INE127B01011,THE HI-TECH GEARS LIMITED,,True,EQ,BE
HLEGLAS,INE461D01028,HLE GLASCOAT LIMITED,,True,EQ,EQ
HLVLTD,INE102A01024,HLV LIMITED,,True,EQ,EQ
HMAAGRO,INE0ECP01024,HMA AGRO INDUSTRIES LTD,,True,EQ,EQ
HMT,INE262A01018,HMT LTD -,,True,EQ,BZ
HMVL,INE871K01015,HINDUSTAN MEDIA VENT LTD,,True,EQ,BE
HNDFDS,INE254N01026,HINDUSTAN FOODS LIMITED,,True,EQ,EQ
HNGSNGBEES,INF204KB19I1,NIP IND ETF HANGSENG BEES,,True,ETF,EQ
HOACFOODS,INE0S6S01017,HOAC FOODS INDIA LIMITED,,True,SME,ST
HOLMARC,INE0LXA01019,HOLMARC OPTO MECHATRO L,,True,SME,SM
HOMEFIRST,INE481N01025,HOME FIRST FIN CO IND LTD,,True,EQ,EQ
HOMESFY,INE0N7F01017,HOMESFY REALTY LIMITED,,True,SME,SM
HONASA,INE0J5401028,HONASA CONSUMER LIMITED,,True,EQ,EQ
HONAUT,INE671A01010,HONEYWELL AUTOMATION IND,,True,EQ,EQ
HONDAPOWER,INE634A01018,HONDA I POWER PRODUCT LTD,,True,EQ,EQ
HORIZONIND,INE685T01010,HORIZON INDUSTRIAL PRKS L,,True,EQ,EQ
HPAL,INE0GSL01024,HP ADHESIVES LIMITED,,True,EQ,EQ
HPIL,INE05X901010,HINDPRAKASH INDUSTRY LTD,,True,EQ,EQ
HPL,INE495S01016,HPL ELECTRIC & POWER LTD,,True,EQ,EQ
HPTL,INE0VA601019,HP TELECOM INDIA LIMITED,,True,SME,SM
HRHNEXT,INE0R3501012,HRH NEXT SERVICES LIMITED,,True,SME,SM
HRYNSHP,INE400G01011,HARIYANA SHIP BREAKERS L,,True,EQ,EQ
HSBCGOLD,INF336L01RX2,HSBCAMC - HSBCGOLD,,True,ETF,EQ
HSCL,INE019C01026,HIMADRI SPECIALITY CHEM L,,True,EQ,EQ
HTEL,INE0LEG01024,HY-TECH ENGINEERS LIMITED,,True,EQ,BE
HTMEDIA,INE501G01024,HT MEDIA LIMITED,,True,EQ,EQ
HUBTOWN,INE703H01016,HUBTOWN LIMITED,,True,EQ,EQ
HUDCO,INE031A01017,HSG & URBAN DEV CORPN LTD,,True,EQ,EQ
HUHTAMAKI,INE275B01026,HUHTAMAKI INDIA LIMITED,,True,EQ,EQ
HVAX,INE0TO501019,HVAX TECHNOLOGIES LIMITED,,True,SME,SM
HYBRIDETF,INF769K01RJ5,MIRAEAMC - HYBRIDETF,,True,ETF,EQ
HYBRIDFIN,INE965B01022,HYBRID FINANCIAL SERVICE,,True,EQ,BE
HYUNDAI,INE0V6F01027,HYUNDAI MOTOR INDIA LTD,,True,EQ,EQ
IBLFL,INE0O7401018,IBL FINANCE LIMITED,,True,SME,SM
IBULLSLTD,INE126M01010,INDIABULLS LIMITED,,True,EQ,EQ
ICDSLTD,INE613B01010,ICDS LTD,,True,EQ,EQ
ICELCO,INE0XE501015,IC ELECTRICALS COMPANY L,,True,SME,SM
ICEMAKE,INE520Y01019,ICE MAKE REFRIGERAT LTD,,True,EQ,EQ
ICICIAMC,INE346A01027,ICICI PRUDENTIAL AMC LTD,,True,EQ,EQ
ICICIB22,INF109KB15Y7,ICICIPRAMC - BHARATIWIN,,True,ETF,EQ
ICICIBANK,INE090A01021,ICICI BANK LTD.,,True,EQ,EQ
ICICIGI,INE765G01017,ICICI LOMBARD GIC LIMITED,,True,EQ,EQ
ICICIPRULI,INE726G01019,ICICI PRU LIFE INS CO LTD,,True,EQ,EQ
ICIL,INE483B01026,INDO COUNT INDUSTRIES LTD,,True,EQ,EQ
ICRA,INE725G01011,ICRA LIMITED,,True,EQ,EQ
IDBI,INE008A01015,IDBI BANK LIMITED,,True,EQ,EQ
IDEA,INE669E01016,VODAFONE IDEA LIMITED,,True,EQ,EQ
IDEAFORGE,INE349Y01013,IDEAFORGE TECHNO LTD,,True,EQ,EQ
IDEALTECHO,INE0T9I01011,IDEAL TECHNOPLAST IND LTD,,True,SME,SM
IDENTICAL,INE0TD101011,IDENTICAL BRAINS STUDIO L,,True,SME,SM
IDFCFIRSTB,INE092T01019,IDFC FIRST BANK LIMITED,,True,EQ,EQ
IDFNIFTYET,INF194KA1U07,BANDHANAMC - IDFNIFTYET,,True,ETF,EQ
IEML,INE0RRU01016,INDIAN EMULSIFIERS LTD,,True,SME,ST
IEX,INE022Q01020,INDIAN ENERGY EXC LTD,,True,EQ,EQ
IFBAGRO,INE076C01018,IFB AGRO INDUSTRIES LTD,,True,EQ,EQ
IFBIND,INE559A01017,IFB INDUSTRIES LTD,,True,EQ,EQ
IFCI,INE039A01010,IFCI LTD,,True,EQ,EQ
IFGLEXPOR,INE133Y01011,IFGL REFRACTORIES LIMITED,,True,EQ,EQ
IGARASHI,INE188B01013,IGARASHI MOTORS INDIA LTD,,True,EQ,EQ
IGCL,INE05J901018,INDOGULF CROPSCIENCES LTD,,True,EQ,EQ
IGIL,INE0Q9301021,INTL GEMOLOGICAL INST LTD,,True,EQ,EQ
IGL,INE203G01027,INDRAPRASTHA GAS LTD,,True,EQ,EQ
IGPL,INE204A01010,I G PETROCHEMICALS LTD,,True,EQ,EQ
IIFL,INE530B01024,IIFL FINANCE LIMITED,,True,EQ,EQ
IIFLCAPS,INE489L01022,IIFL CAPITAL SERVICES LTD,,True,EQ,EQ
IITL,INE886A01014,INDUSTRIAL INV TRUST LTD,,True,EQ,EQ
IKIO,INE0LOJ01019,IKIO TECHNOLOGIES LIMITED,,True,EQ,EQ
IKS,INE115Q01022,INVENTURUS KNOWLEDGE SO L,,True,EQ,EQ
IL&FSENGG,INE369I01014,IL&FS ENG AND CONS CO LTD,,True,EQ,BZ
IL&FSTRANS,INE975G01012,IL&FS TRANS NET LTD,,True,EQ,BZ
IMAGICAA,INE172N01012,IMAGICAAWORLD ENT LTD,,True,EQ,EQ
IMFA,INE919H01018,INDIAN METALS & FERRO,,True,EQ,EQ
IMPAL,INE547E01014,IND MOTOR PART & ACC LTD,,True,EQ,EQ
IMPEXFERRO,INE691G01015,IMPEX FERRO TECH LIMITED,,True,EQ,BZ
INA,INE0LGX01024,INSOLATION ENERGY LIMITED,,True,EQ,EQ
INCREDIBLE,INE452L01012,INCREDIBLE INDUSTRIES LTD,,True,EQ,EQ
INDBANK,INE841B01017,INDBANK MERCH BANK,,True,EQ,EQ
INDGN,INE065X01017,INDEGENE LIMITED,,True,EQ,EQ
INDHOTEL,INE053A01029,THE INDIAN HOTELS CO. LTD,,True,EQ,EQ
INDIACEM,INE383A01012,THE INDIA CEMENTS LIMITED,,True,EQ,EQ
INDIAGLYCO,INE560A01023,INDIA GLYCOLS LTD,,True,EQ,BE
INDIAMART,INE933S01016,INDIAMART INTERMESH LTD,,True,EQ,EQ
INDIANB,INE562A01011,INDIAN BANK,,True,EQ,EQ
INDIANCARD,INE061A01014,INDIAN CARD CLOTHING CO.,,True,EQ,EQ
INDIANHUME,INE323C01030,INDIAN HUME PIPE CO. LTD.,,True,EQ,EQ
INDIASHLTR,INE922K01024,INDIA SHELTER FIN CORP L,,True,EQ,EQ
INDIGO,INE646L01027,INTERGLOBE AVIATION LTD,,True,EQ,EQ
INDIGOPNTS,INE09VQ01012,INDIGO PAINTS LIMITED,,True,EQ,EQ
INDIGRID,INE219X23014,INDIGRID INFRASTRUCT TRST,,True,INVIT,IV
INDIQUBE,INE06ST01018,INDIQUBE SPACES LIMITED,,True,EQ,EQ
INDNIPPON,INE092B01025,INDIA NIPPON ELECT  LTD,,True,EQ,EQ
INDOAMIN,INE760F01028,INDO AMINES LIMITED,,True,EQ,BE
INDOBORAX,INE803D01021,INDO BORAX & CHEMICAL LTD,,True,EQ,EQ
INDOCO,INE873D01024,INDOCO REMEDIES LTD.,,True,EQ,EQ
INDOFARM,INE622H01018,INDO FARM EQUIPMENT LTD,,True,EQ,EQ
INDOKEM,INE716F01012,INDOKEM LTD.,,True,EQ,EQ
INDOMIM,INE084101034,INDO-MIM LIMITED,,True,EQ,EQ
INDORAMA,INE156A01020,INDO RAMA SYNTHETICS LTD,,True,EQ,EQ
INDOSTAR,INE896L01010,INDOSTAR CAPITAL FIN LTD,,True,EQ,EQ
INDOTECH,INE332H01014,INDO TECH TRANSFORM LTD.,,True,EQ,EQ
INDOTHAI,INE337M01021,INDO THAI SEC LTD,,True,EQ,EQ
INDOUS,INE250Z01010,INDO US BIOTECH LTD,,True,EQ,EQ
INDOWIND,INE227G01018,INDOWIND ENERGY LTD,,True,EQ,EQ
INDPRUD,INE620D01011,INDUSTRIAL & PRU INV CO L,,True,EQ,EQ
INDRAMEDCO,INE681B01017,INDRAPRASTHA MEDICAL CORP,,True,EQ,EQ
INDSWFTLAB,INE915B01019,IND SWIFT LABORATORIES LT,,True,EQ,EQ
INDTERRAIN,INE611L01021,IND TERRAIN FASHIONS LTD,,True,EQ,EQ
INDUSINDBK,INE095A01012,INDUSIND BANK LIMITED,,True,EQ,EQ
INDUSINVIT,INE0NHL23019,INDUS INFRA TRUST,,True,INVIT,IV
INDUSTOWER,INE121J01017,INDUS TOWERS LIMITED,,True,EQ,EQ
INFINIUM,INE0MRE01011,INFINIUM PHARMACHEM LTD,,True,SME,SM
INFLUX,INE0MYZ01012,INFLUX HEALTHTECH LIMITED,,True,SME,SM
INFOBEAN,INE344S01016,INFOBEANS TECHNO. LTD.,,True,EQ,EQ
INFOLLION,INE0NNZ01013,INFOLLION RESEARCH SER L,,True,SME,SM
INFOMEDIA,INE669A01022,INFOMEDIA PRESS LIMITED,,True,EQ,EQ
INFRA,INF769K01QB4,MIRAEAMC - INFRA,,True,ETF,EQ
INFRABEES,INF732E01268,NIP IND ETF INFRA BEES,,True,ETF,EQ
INFRAIETF,INF109KC16E5,ICICIPRAMC - ICICIINFRA,,True,ETF,EQ
INFY,INE009A01021,INFOSYS LIMITED,,True,EQ,EQ
INGERRAND,INE177A01018,INGERSOLL-RAND INDIA LTD,,True,EQ,EQ
INNOMET,INE0S1D01010,INNOMET ADVANCED MATERI L,,True,SME,ST
INNOVACAP,INE0DUT01020,INNOVA CAPTAB LIMITED,,True,EQ,EQ
INNOVANA,INE403Y01018,INNOVANA THINKLABS LTD,,True,EQ,EQ
INNOVISION,INE0ADB01012,INNOVISION LIMITED,,True,EQ,EQ
INOXGREEN,INE510W01014,INOX GREEN ENERGY SER LTD,,True,EQ,EQ
INOXINDIA,INE616N01034,INOX INDIA LIMITED,,True,EQ,EQ
INOXWIND,INE066P01011,INOX WIND LIMITED,,True,EQ,EQ
INSECTICID,INE070I01018,INSECTICIDES (I) LTD,,True,EQ,EQ
INSPIRISYS,INE020G01017,INSPIRISYS SOLUTIONS LTD,,True,EQ,EQ
INSUREIETF,INF109K1A567,ICICIPRAMC - INSUREIETF,,True,ETF,EQ
INTEGRITY,INE0YSH01017,INTEGRITY INFRABUILD DE L,,True,SME,ST
INTELLECT,INE306R01017,INTELLECT DESIGN ARENA,,True,EQ,EQ
INTENTECH,INE781A01025,INTENSE TECHNOLOGIES LTD,,True,EQ,EQ
INTERARCH,INE00M901018,INTERARCH BLDNG SOLTN LTD,,True,EQ,EQ
INTERNET,INF769K01PB6,MIRAEAMC - INTERNET,,True,ETF,EQ
INTLCONV,INE575C01027,INTL CONVEYORS LIMITED,,True,EQ,EQ
INVENTURE,INE878H01024,INVENTURE GRO & SEC LTD,,True,EQ,EQ
INVICTA,INE0XJ501010,INVICTA DIAGNOSTIC LTD,,True,SME,SM
INVPRECQ,INE155E01016,INVESTMENT & PREC CAST L,,True,EQ,BE
IOB,INE565A01014,INDIAN OVERSEAS BANK,,True,EQ,EQ
IOC,INE242A01010,INDIAN OIL CORP LTD,,True,EQ,EQ
IOLCP,INE485C01029,IOL CHEM AND PHARMA LTD,,True,EQ,EQ
IONEXCHANG,INE570A01022,ION EXCHANGE (INDIA) LTD,,True,EQ,EQ
IPCALAB,INE571A01038,IPCA LABORATORIES LTD,,True,EQ,EQ
IPHL,INE0DHF01018,INDIAN PHOSPHATE LIMITED,,True,SME,SM
IPL,INE0D6701023,INDIA PESTICIDES LIMITED,,True,EQ,EQ
IPRINGLTD,INE558A01019,IP RINGS LTD.,,True,EQ,EQ
IRB,INE821I01022,IRB INFRA DEV LTD.,,True,EQ,EQ
IRBINVIT,INE183W23014,IRB INVIT FUND,,True,INVIT,IV
IRCON,INE962Y01021,IRCON INTERNATIONAL LTD,,True,EQ,EQ
IRCTC,INE335Y01020,INDIAN RAIL TOUR CORP LTD,,True,EQ,EQ
IREDA,INE202E01016,INDIAN RENEWABLE ENERGY,,True,EQ,EQ
IRFC,INE053F01010,INDIAN RAILWAY FIN CORP L,,True,EQ,EQ
IRIS,INE864K01010,IRIS REGTECH SOLUTION LTD,,True,EQ,EQ
IRISDOREME,INE01GN01025,IRIS CLOTHINGS LIMITED,,True,EQ,EQ
IRMENERGY,INE07U701015,IRM ENERGY LIMITED,,True,EQ,EQ
ISFT,INE566K01011,INTRASOFT TECH. LTD,,True,EQ,EQ
ISGEC,INE858B01029,ISGEC HEAVY ENG LTD,,True,EQ,EQ
ISHAN,INE0LCW01025,ISHAN INTERNATIONAL LTD,,True,SME,SM
ISHANCH,INE561M01018,ISHAN DYES N CHEMICALS L,,True,EQ,EQ
ISTLTD,INE684B01029,I S T LTD.,,True,EQ,EQ
IT,INF174KA1GC5,KOTAKMAMC - KOTAKIT,,True,ETF,EQ
ITADD,INF740KA1SX1,DSPAMC - DSPIT,,True,ETF,EQ
ITALIANE,INE0R7R01018,ITALIAN EDIBLES LIMITED,,True,SME,SM
ITAXIS,INF846K01Y96,AXISAMC-ITAXIS,,True,ETF,EQ
ITBEES,INF204KB15V2,NIP IND ETF IT,,True,ETF,EQ
ITBETA,INF789F1AZD8,UTIAMC-ITBETA,,True,ETF,EQ
ITC,INE154A01025,ITC LTD,,True,EQ,EQ
ITCHOTELS,INE379A01028,ITC HOTELS LIMITED,,True,EQ,EQ
ITDC,INE353K01014,INDIA TOUR. DEV. CO. LTD.,,True,EQ,EQ
ITETF,INF769K01KV5,MIRAEAMC - ITETF,,True,ETF,EQ
ITI,INE248A01017,ITI LTD,,True,EQ,EQ
ITIETF,INF109KC16I6,ICICIPRAMC - ICICITECH,,True,ETF,EQ
ITL,INE478D01014,ITL INDUSTRIES LTD.,,True,EQ,EQ
ITTL,INE070Y01023,INNOVATIVE TYRE & TUBE LT,,True,SME,ST
IVALUE,INE056801025,IVALUE INFOSOLUTIONS LTD,,True,EQ,EQ
IVC,INE050B01023,IL&FS INVESTMENT MANAGERS,,True,EQ,EQ
IVP,INE043C01018,IVP LIMITED,,True,EQ,BE
IVZBANKNF,INF205KA1CB9,RELIGARAMC - IVZBANKNF,,True,ETF,EQ
IVZINGOLD,INF205KA1BP1,INVESCO INDIA GOLD ETF,,True,ETF,EQ
IVZINNIFTY,INF205KA1CC7,INVESCO INDIA NIFTY ETF,,True,ETF,EQ
IVZSENSEX,INF205KA1CA1,RELIGARAMC - IVZSENSEX,,True,ETF,EQ
IWARE,INE1AII01014,IWARE SUPPLYCHAIN SER LTD,,True,SME,ST
IWP,INE586E01020,INDIAN WOOD PRODUCTS CO L,,True,EQ,EQ
IXIGO,INE0HV901016,LE TRAVENUES TECHNOLOGY L,,True,EQ,EQ
IZMO,INE848A01014,IZMO LIMITED,,True,EQ,EQ
J&KBANK,INE168A01041,J & K BANK LTD.,,True,EQ,EQ
JAGRAN,INE199G01027,JAGRAN PRAKASHAN LIMITED,,True,EQ,EQ
JAGSNPHARM,INE048B01035,JAGSONPAL PHARMACEUTICALS,,True,EQ,EQ
JAIBALAJI,INE091G01026,JAI BALAJI INDUSTRIES LTD,,True,EQ,EQ
JAICORPLTD,INE070D01027,JAI CORP LIMITED,,True,EQ,EQ
JAINAM,INE02KC01010,JAINAM FER ALLOYS (I) LTD,,True,SME,SM
JAINIK,INE0XIL01012,JAINIK POWER CABLES LTD,,True,SME,SM
JAINREC,INE0YD401026,JAIN RESOURCE RECYCLING L,,True,EQ,EQ
JAIPURKURT,INE696V01013,NANDANI CREATION LIMITED,,True,EQ,EQ
JALAN,INE349X01015,JALAN TRANSOLU. INDIA LTD,,True,SME,ST
JAMNAAUTO,INE039C01032,JAMNA AUTO IND LTD,,True,EQ,EQ
JARO,INE00YJ01010,JARO INS OF TEC MG N RE L,,True,EQ,EQ
JASH,INE039O01029,JASH ENGINEERING LIMITED,,True,EQ,EQ
JAYAGROGN,INE785A01026,JAYANT AGRO ORGANICS LTD,,True,EQ,EQ
JAYBARMARU,INE571B01036,JAY BHARAT MARUTI LTD,,True,EQ,EQ
JAYBEE,INE0SMY01017,JAY BEE LAMINATIONS LTD,,True,SME,SM
JAYESH,INE1AE401014,JAYESH LOGISTICS LIMITED,,True,SME,SM
JAYKAY,INE903A01025,JAYKAY ENTERPRISES LTD,,True,EQ,EQ
JAYNECOIND,INE854B01010,JAYASWAL NECO INDUSTR LTD,,True,EQ,EQ
JAYSREETEA,INE364A01020,JAYSHREE TEA & INDUSTRIES,,True,EQ,EQ
JBMA,INE927D01051,JBM AUTO LIMITED,,True,EQ,EQ
JENBURPH,INE354A01013,JENBURKT PHARMACEUTICAL L,,True,EQ,EQ
JETFREIGHT,INE982V01025,JET FREIGHT LOGISTICS LTD,,True,EQ,EQ
JEYYAM,INE0RXB01022,JEYYAM GLOBAL FOODS LTD,,True,SME,ST
JFLLIFE,INE0LA901015,JFL LIFE SCIENCES LIMITED,,True,SME,SM
JGCHEM,INE0MB501011,J.G.CHEMICALS LIMITED,,True,EQ,EQ
JHS,INE544H01014,JHS SVEND. LAB. LTD,,True,EQ,EQ
JINDALPHOT,INE796G01012,JINDAL PHOTO LIMITED,,True,EQ,EQ
JINDALPOLY,INE197D01010,JINDAL POLY FILMS LIMITED,,True,EQ,EQ
JINDALSAW,INE324A01032,JINDAL SAW LIMITED,,True,EQ,EQ
JINDALSTEL,INE749A01030,JINDAL STEEL LIMITED,,True,EQ,EQ
JINDRILL,INE742C01031,JINDAL DRILLING IND. LTD,,True,EQ,EQ
JINDWORLD,INE247D01039,JINDAL WORLDWIDE LTD,,True,EQ,EQ
JIOFIN,INE758E01017,JIO FIN SERVICES LTD,,True,EQ,EQ
JISLDVREQS,IN9175A01010,JAIN DVR EQUITY SHARES,,True,EQ,EQ
JISLJALEQS,INE175A01038,JAIN IRRIGATION SYSTEMS,,True,EQ,EQ
JITFINFRA,INE863T01013,JITF INFRALOGISTICS LTD,,True,EQ,EQ
JIWANRAM,INE0N5H01017,JIWANRAM SHEODUTTRA IND L,,True,SME,SM
JKCEMENT,INE823G01014,JK CEMENT LIMITED,,True,EQ,EQ
JKIL,INE576I01022,JKUMAR INFR.LTD.,,True,EQ,EQ
JKIPL,INE1FF001016,JINKUSHAL INDUSTRIES LTD,,True,EQ,EQ
JKLAKSHMI,INE786A01032,JK LAKSHMI CEMENT LTD,,True,EQ,EQ
JKPAPER,INE789E01012,JK PAPER LIMITED,,True,EQ,EQ
JKTYRE,INE573A01042,JK TYRE & INDUSTRIES LTD,,True,EQ,EQ
JLHL,INE682M01020,JUPITER LIFE LINE HOSP L,,True,EQ,EQ
JMA,INE412C01023,JULLUNDUR MOT AGENCY LTD,,True,EQ,EQ
JMFINANCIL,INE780C01023,JM FINANCIAL LIMITED,,True,EQ,EQ
JNKINDIA,INE0OAF01028,JNK INDIA LIMITED,,True,EQ,EQ
JNPR,INE05C901015,JUNIPER GREEN ENERGY LTD,,True,EQ,EQ
JOCIL,INE839G01010,JOCIL LIMITED,,True,EQ,BE
JPOLYINVST,INE147P01019,JIND POL INV & FIN CO LTD,,True,EQ,EQ
JPPOWER,INE351F01018,JAIPRAKASH POWER VEN. LTD,,True,EQ,EQ
JSFB,INE953L01027,JANA SMALL FIN BANK LTD,,True,EQ,EQ
JSL,INE220G01021,JINDAL STAINLESS LIMITED,,True,EQ,EQ
JSLL,INE0J5801029,JEENA SIKHO LIFECARE LTD,,True,EQ,EQ
JSWCEMENT,INE718I01012,JSW CEMENT LIMITED,,True,EQ,EQ
JSWDULUX,INE133A01011,JSW DULUX LIMITED,,True,EQ,EQ
JSWENERGY,INE121E01018,JSW ENERGY LIMITED,,True,EQ,EQ
JSWHL,INE824G01012,JSW HOLDINGS LIMITED,,True,EQ,EQ
JSWINFRA,INE880J01026,JSW INFRASTRUCTURE LTD,,True,EQ,EQ
JSWSTEEL,INE019A01038,JSW STEEL LIMITED,,True,EQ,EQ
JTEKTINDIA,INE643A01035,JTEKT INDIA LIMITED,,True,EQ,EQ
JTLIND,INE391J01032,JTL INDUSTRIES LIMITED,,True,EQ,EQ
JUBLCPL,INE03CC01015,JUBILANT AGRI N CON PRO L,,True,EQ,EQ
JUBLFOOD,INE797F01020,JUBILANT FOODWORKS LTD,,True,EQ,EQ
JUBLINGREA,INE0BY001018,JUBILANT INGREVIA LIMITED,,True,EQ,EQ
JUBLPHARMA,INE700A01033,JUBILANT PHARMOVA LTD,,True,EQ,EQ
JUNIORBEES,INF732E01045,NIP IND ETF JUNIOR BEES,,True,ETF,EQ
JUNIPER,INE696F01016,JUNIPER HOTELS LIMITED,,True,EQ,EQ
JUSTDIAL,INE599M01018,JUSTDIAL LTD.,,True,EQ,EQ
JWL,INE209L01016,JUPITER WAGONS LIMITED,,True,EQ,EQ
JYOTHYLAB,INE668F01031,JYOTHY LABS LIMITED,,True,EQ,EQ
JYOTICNC,INE980O01024,JYOTI CNC AUTOMATION LTD,,True,EQ,EQ
JYOTIRES,INE577D01013,JYOTI RESINS & ADHESIVE L,,True,EQ,EQ
JYOTISTRUC,INE197A01024,JYOTI STRUCTURES LTD,,True,EQ,EQ
K2INFRA,INE0DEZ01013,K2 INFRAGEN LIMITED,,True,SME,ST
KABRAEXTRU,INE900B01029,KABRA EXTRUSION TECHNIK L,,True,EQ,EQ
KAJARIACER,INE217B01036,KAJARIA CERAMICS LTD,,True,EQ,EQ
KAKATCEM,INE437B01014,KAKATIYA CEM SUGAR &IND L,,True,EQ,EQ
KALAMANDIR,INE438K01021,SAI SILKS (KALAMANDIR) L,,True,EQ,EQ
KALANA,INE0T0L01014,KALANA ISPAT LIMITED,,True,SME,SM
KALPATARU,INE227J01012,KALPATARU LIMITED,,True,EQ,EQ
KALYANIFRG,INE314G01014,KALYANI FORGE LIMITED,,True,EQ,EQ
KALYANKJIL,INE303R01014,KALYAN JEWELLERS IND LTD,,True,EQ,EQ
KAMAHOLD,INE411F01010,KAMA HOLDINGS LTD.,,True,EQ,EQ
KAMANWALA,INE344D01018,KAMANWALA HOUSING CONST L,,True,EQ,EQ
KAMATHOTEL,INE967C01018,KAMAT HOTELS (I) LTD,,True,EQ,EQ
KAMDHENU,INE390H01020,KAMDHENU LIMITED,,True,EQ,BE
KAMOPAINTS,INE0BTI01037,KAMDHENU VENTURES LIMITED,,True,EQ,EQ
KANANIIND,INE879E01037,KANANI INDUSTRIES LTD,,True,EQ,EQ
KANCHI,INE081G01019,KANCHI KARPOORAM LTD.,,True,EQ,EQ
KANCOTEA,INE398L01017,KANCO TEA & INDS. LTD.,,True,EQ,EQ
KANDARP,INE0MOT01016,KANDARP DG SMART BPO LTD,,True,SME,SM
KANORICHEM,INE138C01024,KANORIACHEMICALS-,,True,EQ,BE
KANPRPLA,INE694E01014,KANPUR PLASTIPACK LIMITED,,True,EQ,EQ
KANSAINER,INE531A01024,KANSAI NEROLAC PAINTS LTD,,True,EQ,EQ
KAPSTON,INE542Z01028,KAPSTON SERVICES LIMITED,,True,EQ,EQ
KARMAENG,INE725L01011,KARMA ENERGY LIMITED,,True,EQ,EQ
KARNIKA,INE0MGA01012,KARNIKA INDUSTRIES LTD,,True,SME,SM
KARURVYSYA,INE036D01028,KARUR VYSYA BANK LTD,,True,EQ,EQ
KATARIA,INE0SVY01018,KATARIA INDUSTRIES LTD,,True,SME,SM
KAUSHALYA,INE234I01028,KAUSHALYA INFRA DEV LTD.,,True,EQ,BE
KAVDEFENCE,INE641C01019,KAVVERI DFS & WIR TEC LTD,,True,EQ,EQ
KAYA,INE587G01015,KAYA LIMITED,,True,EQ,BE
KAYNES,INE918Z01012,KAYNES TECHNOLOGY IND LTD,,True,EQ,EQ
KAYTEX,INE13ZD01013,KAYTEX FABRICS LIMITED,,True,SME,SM
KCEIL,INE0RCG01017,KAY CEE ENERGY & INFRA L,,True,SME,SM
KCK,INE0J1E01027,KCK INDUSTRIES LTD,,True,SME,ST
KCP,INE805C01028,KCP LTD,,True,EQ,EQ
KCPSUGIND,INE790B01024,KCPSUGARINDUS,,True,EQ,BE
KDDL,INE291D01011,KDDL LIMITED,,True,EQ,EQ
KDL,INE0O4R01018,KORE DIGITAL LIMITED,,True,SME,SM
KEC,INE389H01022,KEC INTL. LIMITED,,True,EQ,EQ
KECL,INE134B01017,KIRLOSKAR ELECTRIC CO LTD,,True,EQ,EQ
KEEPLEARN,INE055C01020,DSJ KEEP LEARNING LTD,,True,EQ,EQ
KEI,INE878B01027,KEI INDUSTRIES LTD.,,True,EQ,EQ
KELLTONTEC,INE164B01030,KELLTON TECH SOL LTD,,True,EQ,EQ
KEN,INE15DO01012,KEN ENTERPRISES LIMITED,,True,SME,SM
KENNAMET,INE717A01029,KENNAMETAL INDIA LIMITED,,True,EQ,EQ
KERNEX,INE202H01019,KERNEX MICROSYS(I) LTD,,True,EQ,EQ
KESORAMIND,INE087A01019,KESORAM INDUSTRIES LTD,,True,EQ,BE
KEYFINSERV,INE681C01015,KEYNOTE FIN SERV LTD.,,True,EQ,EQ
KFINTECH,INE138Y01010,KFIN TECHNOLOGIES LIMITED,,True,EQ,EQ
KHADIM,INE834I01025,KHADIM INDIA LIMITED,,True,EQ,BE
KHAICHEM,INE745B01028,KHAITAN CHEM & FERT LTD,,True,EQ,EQ
KHAITANLTD,INE731C01018,KHAITAN (INDIA)LTD.,,True,EQ,EQ
KHANDSE,INE060B01014,KHANDWALA SECURITIES LTD,,True,EQ,EQ
KHFM,INE00UG01014,KHFM HOS FAC MANA SER LTD,,True,SME,SM
KICL,INE029L01018,KALYANI INVEST CO LTD,,True,EQ,EQ
KILITCH,INE729D01010,KILITCH DRUGS INDIA LTD,,True,EQ,BE
KIMS,INE967H01025,KRISHNA INST OF MED SCI L,,True,EQ,EQ
KINGFA,INE473D01015,KINGFA SCI & TEC IND LTD.,,True,EQ,EQ
KIOCL,INE880L01014,KIOCL LIMITED,,True,EQ,EQ
KIRANVYPAR,INE555P01013,KIRAN VYAPAR LTD.,,True,EQ,EQ
KIRIINDUS,INE415I01015,KIRI INDUSTRIES LIMITED,,True,EQ,EQ
KIRLFER,INE884B01025,KIRLOSKAR FERROUS IND LTD,,True,EQ,EQ
KIRLOSBROS,INE732A01036,KIRLOSKAR BROTHERS LTD,,True,EQ,EQ
KIRLOSENG,INE146L01010,KIRLOSKAR OIL ENG LTD,,True,EQ,EQ
KIRLOSIND,INE250A01039,KIRLOSKAR INDUSTRIES LTD,,True,EQ,EQ
KIRLPNU,INE811A01038,KIRLOSKAR PNEUMATIC COM L,,True,EQ,EQ
KISSHT,INE12F801023,ONEMI TECHNOLOGY SOL LTD,,True,EQ,EQ
KITEX,INE602G01020,KITEX GARMENTS LTD,,True,EQ,EQ
KJMCFIN,INE533C01018,K J M C FINANCIAL SERV L,,True,EQ,EQ
KKCL,INE401H01017,KEWAL KIRAN CLOTHING LTD,,True,EQ,EQ
KKJEWELS,INE0XOW01017,KABRA JEWELS LIMITED,,True,SME,SM
KLBRENG-B,INE338F01015,KILBURN ENGINEERING LTD.,,True,EQ,EQ
KLL,INE0Q2V01012,KAUSHALYA LOGISTICS LTD,,True,SME,SM
KMCSHIL,INE879K01018,K M C SPECIALITY HOSP I L,,True,EQ,EQ
KMEW,INE0CJD01029,KNOWLEDGE MARINE & EN W L,,True,EQ,EQ
KMSUGAR,INE157H01023,K M SUGAR MILLS LTD,,True,EQ,EQ
KNACK,INE17QZ01016,KNACK PACKAGING LIMITED,,True,EQ,EQ
KNAGRI,INE0KNW01016,KN AGRI RESOURCES LIMITED,,True,EQ,EQ
KNRCON,INE634I01029,KNR CONSTRU LTD.,,True,EQ,EQ
KODYTECH,INE0Q7P01013,KODY TECHNOLAB LIMITED,,True,SME,ST
KOHINOOR,INE080B01012,KOHINOOR FOODS LIMITED,,True,EQ,EQ
KOKUYOCMLN,INE760A01029,KOKUYO CAMLIN LIMITED,,True,EQ,EQ
KOLTEPATIL,INE094I01018,KOLTE PATIL DEV. LTD.,,True,EQ,EQ
KONSTELEC,INE0QEI01011,KONSTELEC ENGINEERS LTD,,True,SME,ST
KOPRAN,INE082A01010,KOPRAN LTD,,True,EQ,EQ
KORE,INE0J6801010,JAY JALARAM TECHNO LTD,,True,SME,SM
KOTAKBANK,INE237A01036,KOTAK MAHINDRA BANK LTD,,True,EQ,EQ
KOTARISUG,INE419A01022,KOTHARI SUG & CHEM LTD.,,True,EQ,BE
KOTHARIPET,INE720A01015,KOTHARI PETROCHEM LTD,,True,EQ,EQ
KOTHARIPRO,INE823A01017,KOTHARI PRODUCTS LTD,,True,EQ,EQ
KOTIC,INE972A01020,KOTHARI INDUSTRIAL CORP L,,True,EQ,EQ
KOTYARK,INE0J0B01017,KOTYARK INDUSTRIES LTD,,True,EQ,BE
KOVAI,INE177F01017,KOVAI MEDICAL CENTER & HO,,True,EQ,EQ
KPEL,INE127T01021,K.P. ENERGY LIMITED,,True,EQ,EQ
KPIGREEN,INE542W01025,KPI GREEN ENERGY LIMITED,,True,EQ,EQ
KPIL,INE220B01022,KALPATARU PROJECT INT LTD,,True,EQ,EQ
KPITTECH,INE04I401011,KPIT TECHNOLOGIES LIMITED,,True,EQ,EQ
KPL,INE552U01010,KWALITY PHARMACEUTICALS L,,True,EQ,EQ
KPRMILL,INE930H01031,KPR MILL LTD.,,True,EQ,EQ
KRBL,INE001B01026,KRBL LIMITED,,True,EQ,EQ
KREBSBIO,INE268B01013,KREBS BIOCHEMICALS & IND,,True,EQ,EQ
KRIDHANINF,INE524L01026,KRIDHAN INFRA LIMITED,,True,EQ,BE
KRISHANA,INE506W01020,KRISHANA PHOSCHEM LIMITED,,True,EQ,EQ
KRISHCA,INE0NR701018,KRISHCA STRAPPING SLTN L,,True,SME,SM
KRISHIVAL,INE0GGO01015,KRISHIVAL FOODS LIMITED,,True,EQ,EQ
KRISHNADEF,INE0J5601015,KRISHNA DEF AND ALD IND L,,True,EQ,EQ
KRITI,INE479D01038,KRITI INDUSTRIES IND LTD,,True,EQ,EQ
KRITIKA,INE00Z501029,KRITIKA WIRES LIMITED,,True,EQ,EQ
KRITINUT,INE798K01010,KRITI NUTRIENTS LIMITED,,True,EQ,EQ
KRMAYURVED,INE1MTV01019,KRM AYURVEDA LIMITED,,True,SME,SM
KRN,INE0Q3J01015,KRN HEAT EXCHANGE N REF L,,True,EQ,EQ
KRONOX,INE0ATZ01017,KRONOX LAB SCIENCES LTD,,True,EQ,BE
KROSS,INE0O6601022,KROSS LIMITED,,True,EQ,EQ
KRSNAA,INE08LI01020,KRSNAA DIAGNOSTICS LTD,,True,EQ,EQ
KRT,INE1JAR25012,KNOWLEDGE REALTY TRUST,,True,EQ,RR
KRYSTAL,INE0QN801017,KRYSTAL INTEGRATED SER L,,True,EQ,EQ
KSB,INE999A01023,KSB LIMITED,,True,EQ,EQ
KSCL,INE455I01029,KAVERI SEED CO. LTD.,,True,EQ,EQ
KSE,INE953E01022,KSE LTD.,,True,EQ,EQ
KSHINTL,INE987S01020,KSH INTERNATIONAL LIMITED,,True,EQ,EQ
KSHITIJ-RE,INE013820027,KSHITIJ POLYLINE LTD,,True,EQ,BE
KSHITIJPOL,INE013801027,KSHITIJ POLYLINE LIMITED,,True,EQ,EQ
KSL,INE907A01026,KALYANI STEELS LIMITED,,True,EQ,EQ
KSOLVES,INE0D6I01023,KSOLVES INDIA LIMITED,,True,EQ,EQ
KSR,INE1SPP01016,KSR FOOTWEAR LIMITED,,True,EQ,EQ
KTKBANK,INE614B01018,KARNATAKA BANK LIMITED,,True,EQ,EQ
KUANTUM,INE529I01021,KUANTUM PAPERS LIMITED,,True,EQ,EQ
KUSUMGAR,INE0ISX01025,KUSUMGAR LIMITED,,True,EQ,EQ
KWIL,INE2KCE01013,KWALITY WALL'S (INDIA) L,,True,EQ,EQ
LADDERUP,INE519D01015,LADDERUP FINANCE LTD.,,True,EQ,EQ
LAGNAM,INE548Z01017,LAGNAM SPINTEX LIMITED,,True,EQ,EQ
LAHOTIOV,INE515C01023,LAHOTI OVERSEAS LTD.,,True,EQ,EQ
LAKPRE,INE651C01018,LAKSHMI PRE SCRE LTD,,True,EQ,BZ
LAKSHMIMIL,INE938C01019,LAKSHMI MILLS CO. LTD.,,True,EQ,EQ
LAKSHYA,INE0VZS01015,LAKSHYA POWERTECH LIMITED,,True,SME,SM
LAL,INE740X01023,LORENZINI APPARELS LTD,,True,EQ,EQ
LALITHAA,INE0K9O01026,LALITHAA JEWELLERY MART L,,True,EQ,EQ
LALPATHLAB,INE600L01024,DR. LAL PATH LABS LTD.,,True,EQ,EQ
LAMBODHARA,INE112F01022,LAMBODHARA TEXTILES LTD.,,True,EQ,EQ
LAMOSAIC,INE0R0201012,LAMOSAIC INDIA LIMITED,,True,SME,ST
LANCER,INE359U01028,LANCER CONTAINER LINES L,,True,EQ,EQ
LANCORHOL,INE572G01025,LANCOR HOLDINGS LIMITED,,True,EQ,EQ
LANDMARK,INE559R01029,LANDMARK CARS LIMITED,,True,EQ,EQ
LANDSMILL,INE688J01023,LANDSMILL GREEN LIMITED,,True,EQ,EQ
LAOPALA,INE059D01020,LA OPALA RG LIMITED,,True,EQ,EQ
LARGEMID50,INF769K01RK3,MIRAEAMC - LARGEMID50,,True,ETF,EQ
LASA,INE670X01014,LASA SUPERGENERICS LTD,,True,EQ,EQ
LASERPOWER,INE17IR01028,LASER POWER & INFRA LTD,,True,EQ,EQ
LATENTVIEW,INE0I7C01011,LATENT VIEW ANALYTICS LTD,,True,EQ,EQ
LATTEYS,INE262Z01023,LATTEYS INDUSTRIES LTD,,True,EQ,EQ
LAURUSLABS,INE947Q01028,LAURUS LABS LIMITED,,True,EQ,EQ
LAXMICOT,INE801V01019,LAXMI COTSPIN LIMITED,,True,EQ,EQ
LAXMIDENTL,INE0WO601020,LAXMI DENTAL LIMITED,,True,EQ,EQ
LAXMIINDIA,INE06WU01026,LAXMI INDIA FINANCE LTD,,True,EQ,EQ
LCCINFOTEC,INE938A01021,LCC INFOTECH LTD,,True,EQ,EQ
LCL,INE0QJW01029,LOHIA CORP LIMITED,,True,EQ,EQ
LEAPIND,INE00GO01025,LEAP INDIA LIMITED,,True,EQ,EQ
LEENEE,INE791B01014,LEE & NEE SOFTWARES (E) L,,True,EQ,EQ
LEMERITE,INE0G1L01025,LE MERITE EXPORTS LIMITED,,True,EQ,EQ
LEMONTREE,INE970X01018,LEMON TREE HOTELS LTD,,True,EQ,EQ
LENSKART,INE956O01016,LENSKART SOLUTIONS LTD,,True,EQ,EQ
LEXUS,INE500X01013,LEXUS GRANITO (INDIA) LTD,,True,EQ,EQ
LFIC,INE850E01012,LAKSHMI FIN IND CORP LTD,,True,EQ,EQ
LGBBROSLTD,INE337A01034,LG BALAKRISHNAN & BROS,,True,EQ,EQ
LGEINDIA,INE324D01010,LG ELECTRONICS INDIA LTD,,True,EQ,EQ
LGHL,INE258Y01016,LAXMI GOLDORNA HOUSE LTD,,True,EQ,EQ
LIBAS,INE908V01012,LIBAS CONSU PRODUCTS LTD,,True,EQ,EQ
LIBERTSHOE,INE557B01019,LIBERTY SHOES LTD,,True,EQ,EQ
LICHSGFIN,INE115A01026,LIC HOUSING FINANCE LTD,,True,EQ,EQ
LICI,INE0J1Y01017,LIFE INSURA CORP OF INDIA,,True,EQ,EQ
LICMFGOLD,INF767K01SM1,LIC MF - LIC GOLD ETF,,True,ETF,EQ
LICNETFGSC,INF767K01MV5,LICNAMC - LICNMFET,,True,ETF,EQ
LICNETFN50,INF767K01OS7,LICNAMC - LICNFENGP,,True,ETF,EQ
LICNETFSEN,INF767K01OT5,LICNAMC - LICNFESGP,,True,ETF,EQ
LICNFNHGP,INF767K01PC8,LICNAMC - LICNFNHGP,,True,ETF,EQ
LICNMID100,INF767K01RN1,LICNAMC - LICNMID100,,True,ETF,EQ
LIKHITHA,INE060901027,LIKHITHA INFRASTRUC LTD,,True,EQ,EQ
LINC,INE802B01027,LINC LIMITED,,True,EQ,EQ
LINCOLN,INE405C01035,LINCOLN PHARMA LTD,,True,EQ,EQ
LINDEINDIA,INE473A01011,LINDE INDIA LIMITED,,True,EQ,EQ
LIQGRWBEES,INF204KC1FU1,NIPPONAMC - LIQGRWBEES,,True,ETF,EQ
LIQUID,INF769K01KS1,MIRAEAMC - LIQUID,,True,ETF,EQ
LIQUID1,INF174KA1LV5,KOTAKMAMC - KOTAKLIQ,,True,ETF,EQ
LIQUIDADD,INF740KA1UM0,DSPAMC - LIQUIDADD,,True,ETF,EQ
LIQUIDBEES,INF732E01037,NIP IND ETF LIQUID BEES,,True,ETF,EQ
LIQUIDBETA,INF789F1AG68,UTIAMC - LIQUIDBETA,,True,ETF,EQ
LIQUIDBETF,INF0QA701854,BFAM - LIQUIDBETF,,True,ETF,EQ
LIQUIDCASE,INF0R8F01034,ZERODHAAMC - LIQUIDCASE,,True,ETF,EQ
LIQUIDETF,INF740KA1EU7,DSP LIQUID ETF,,True,ETF,EQ
LIQUIDIETF,INF109KC1KT9,ICICIPRAMC - ICICILIQ,,True,ETF,EQ
LIQUIDPLUS,INF769K01MY5,MIRAEAMC - LIQUIDPLUS,,True,ETF,EQ
LIQUIDSBI,INF200KA13Z8,SBIAMC - LIQUIDSBI,,True,ETF,EQ
LIQUIDSHRI,INF680P01422,SHRIRAM - LIQUIDSHRI,,True,ETF,EQ
LKPSEC,INE341H01023,L K P SECURITIES LTD.,,True,EQ,EQ
LLOYDSENGG,INE093R01011,LLOYDS ENGG WORK LIMITED,,True,EQ,EQ
LLOYDSENT,INE080I01025,LLOYDS ENTERPRISES LTD,,True,EQ,EQ
LLOYDSME,INE281B01032,LLOYDS METALS N ENERGY L,,True,EQ,EQ
LMW,INE269B01029,LMW LIMITED,,True,EQ,EQ
LODHA,INE670K01029,LODHA DEVELOPERS LIMITED,,True,EQ,EQ
LOKESHMACH,INE397H01017,LOKESH MACHINES LTD,,True,EQ,EQ
LORDSCHLO,INE846D01012,LORDS CHLORO ALKALI LTD,,True,EQ,EQ
LOTUSCHO,INE026D01011,LOTUS CHOCOLATE CO. LTD.,,True,EQ,EQ
LOTUSDEV,INE0V9Q01010,SRI LOTUS DEVLPRS N RTY L,,True,EQ,BE
LOTUSEYE,INE947I01017,LOTUS EYE HOSP & INST L,,True,EQ,EQ
LOVABLE,INE597L01014,LOVABLE LINGERIE LTD,,True,EQ,EQ
LOWVOL,INF769K01JU9,MIRAEAMC - MANV30F,,True,ETF,EQ
LOWVOL1,INF174KA1IY5,KOTAKMAMC - KOTAKLOVOL,,True,ETF,EQ
LOWVOLIETF,INF109KC19U5,ICICI PR NIF LW VL 30 ETF,,True,ETF,EQ
LOYALTEX,INE970D01010,LOYAL TEXTILE MILLS LTD,,True,EQ,EQ
LPDC,INE197J01017,LANDMARK PR.DEV.CO.LTD,,True,EQ,EQ
LRRPL,INE0H4B01011,LEAD REC AND RUB PROD LTD,,True,SME,SM
LT,INE018A01030,LARSEN & TOUBRO LTD.,,True,EQ,EQ
LTF,INE498L01015,L&T FINANCE LIMITED,,True,EQ,EQ
LTFOODS,INE818H01020,LT FOODS LIMITED,,True,EQ,EQ
LTGILTBEES,INF204KB1882,NIP IND ETF LONGTERM GILT,,True,ETF,EQ
LTGILTCASE,INF0R8F01133,ZERODHAAMC - LTGILTCASE,,True,ETF,EQ
LTM,INE214T01019,LTM LIMITED,,True,EQ,EQ
LTTS,INE010V01017,L&T TECHNOLOGY SER. LTD.,,True,EQ,EQ
LUMAXIND,INE162B01018,LUMAX INDUSTRIES LTD,,True,EQ,EQ
LUMAXTECH,INE872H01027,LUMAX AUTO TECH LTD,,True,EQ,EQ
LUPIN,INE326A01037,LUPIN LIMITED,,True,EQ,EQ
LUXIND,INE150G01020,LUX INDUSTRIES LIMITED,,True,EQ,EQ
LXCHEM,INE576O01020,LAXMI ORGANIC INDUS LTD,,True,EQ,EQ
LYKALABS,INE933A01014,LYKA LABS LTD.,,True,EQ,BE
M&M,INE101A01026,MAHINDRA & MAHINDRA LTD,,True,EQ,EQ
M&MFIN,INE774D01024,M&M FIN. SERVICES LTD,,True,EQ,EQ
MAANALU,INE215I01027,MAAN ALUMINIUM LIMITED,,True,EQ,EQ
MACOBSTECH,INE0R0J01010,MACOBS TECHNOLOGIES LTD,,True,SME,SM
MACPOWER,INE155Z01011,MACPOWER CNC MACHINES LTD,,True,EQ,EQ
MADHAV,INE925C01016,MADHAV MARBLE & GRANITE,,True,EQ,EQ
MADHAVIPL,INE631R01026,MADHAV INFRA PROJECTS L,,True,EQ,EQ
MADHUCON,INE378D01032,MADHUCON PROJECTS LTD.,,True,EQ,BE
MADHURKNIT,INE1P5601010,MADHUR KNIT CRAFTS LTD,,True,SME,ST
MADHUSUDAN,INE0P6701019,MADHUSUDAN MASALA LIMITED,,True,SME,ST
MADRASFERT,INE414A01015,MADRAS FERTILISERS LTD,,True,EQ,EQ
MAFANG,INF769K01HF4,MIRAEAMC - MAFANG,,True,ETF,EQ
MAFATIND,INE270B01035,MAFATLAL INDUSTRIES LTD.,,True,EQ,EQ
MAGADSUGAR,INE347W01011,MAGADH SUGAR & ENERGY LTD,,True,EQ,EQ
MAGNUM,INE387I01016,MAGNUM VENTURES LTD.,,True,EQ,EQ
MAHABANK,INE457A01014,BANK OF MAHARASHTRA,,True,EQ,EQ
MAHAPEXLTD,INE843B01013,MAHA RASHTRA APEX COPR. L,,True,EQ,EQ
MAHASTEEL,INE451L01014,MAHAMAYA STEEL INDS LTD,,True,EQ,BE
MAHEPC,INE215D01010,MAHINDRA EPC IRRIG LTD,,True,EQ,EQ
MAHESHWARI,INE263W01010,MAHESHWARI LOGISTICS LTD.,,True,EQ,BE
MAHICKRA,INE961Y01015,MAHICKRA CHEMICAL LIMITED,,True,SME,SM
MAHKTECH,INF769K01HS7,MIRAEAMC - MAHKTECH,,True,ETF,EQ
MAHLIFE,INE813A01018,MAHINDRA LIFESPACE DEVLTD,,True,EQ,EQ
MAHLOG,INE766P01016,MAHINDRA LOGISTIC LIMITED,,True,EQ,EQ
MAHSCOOTER,INE288A01013,MAHARASHTRA SCOOTERS LTD,,True,EQ,EQ
MAHSEAMLES,INE271B01025,MAHARASHTRA SEAMLESS LTD,,True,EQ,EQ
MAITHANALL,INE683C01011,MAITHAN ALLOYS LTD,,True,EQ,EQ
MAITREYA,INE0PLQ01011,MAITREYA MEDICARE LIMITED,,True,SME,SM
MAJESAUT,INE201B01022,MAJESTIC AUTO LTD.,,True,EQ,BE
MAKEINDIA,INF769K01IB1,MIRAEAMC - MAMFGETF,,True,ETF,EQ
MAKERSL,INE987A01010,MAKERS LABORATORIES LTD.,,True,EQ,EQ
MAKS,INE0CDK01019,MAKS ENERGY SOL INDIA LTD,,True,SME,SM
MAL,INE00C401011,MANGALAM ALLOYS LIMITED,,True,SME,SM
MALLCOM,INE389C01015,MALLCOM (INDIA) LIMITED,,True,EQ,EQ
MALUPAPER,INE383H01017,MALU PAPER MILLS LIMITED,,True,EQ,EQ
MAMATA,INE0TO701015,MAMATA MACHINERY LIMITED,,True,EQ,EQ
MANAKALUCO,INE859Q01017,MANAK ALUMINIUM CO. LTD.,,True,EQ,EQ
MANAKCOAT,INE830Q01018,MAN COAT METAL & IND LTD,,True,EQ,EQ
MANAKSIA,INE015D01022,MANAKSIA LTD.,,True,EQ,EQ
MANAKSTEEL,INE824Q01011,MANAKSIA STEELS LTD,,True,EQ,EQ
MANALIPETC,INE201A01024,MANALI PETROCHEMICALS LT,,True,EQ,EQ
MANAPPURAM,INE522D01027,MANAPPURAM FINANCE LTD,,True,EQ,EQ
MANAV,INE104Y01012,MANAV INFRA PROJECTS LTD,,True,SME,SM
MANBA,INE939X01013,MANBA FINANCE LIMITED,,True,EQ,EQ
MANBRO,INE348N01042,MANBRO INDUSTRIES LTD.,,True,EQ,EQ
MANCREDIT,INE545L01039,MANGAL CREDIT N FINCORP L,,True,EQ,EQ
MANGALAM,INE584F01014,MANGALAM DRUG & CHEM LTD,,True,EQ,EQ
MANGLMCEM,INE347A01017,MANGALAM CEMENT LTD,,True,EQ,EQ
MANINDS,INE993A01026,MAN INDUSTRIES (I) LTD.,,True,EQ,EQ
MANINFRA,INE949H01023,MAN INFRA LTD,,True,EQ,EQ
MANIPALHOS,INE459N01021,MANIPAL HEALTH ENTERPRI L,,True,EQ,EQ
MANKIND,INE634S01028,MANKIND PHARMA LIMITED,,True,EQ,EQ
MANOMAY,INE784W01015,MANOMAY TEX INDIA LTD,,True,EQ,EQ
MANORAMA,INE00VM01036,MANORAMA INDUSTRIES LTD,,True,EQ,EQ
MANORG,INE370D01013,MANGALAM ORGANICS LIMITED,,True,EQ,EQ
MANUFGBEES,INF204KC1GH6,NIPPONAMC - MANUFGBEES,,True,ETF,EQ
MANUGRAPH,INE867A01022,MANUGRAPH INDIA LIMITED,,True,EQ,BE
MANYAVAR,INE825V01034,VEDANT FASHIONS LIMITED,,True,EQ,EQ
MAPMYINDIA,INE0BV301023,C.E. INFO SYSTEMS LIMITED,,True,EQ,EQ
MARALOVER,INE882A01013,MARAL OVERSEAS LTD,,True,EQ,EQ
MARATHON,INE182D01020,MARATHON NXTGEN REALT LTD,,True,EQ,EQ
MARCO,INE0QP001012,MARCO CABLE & CONDUCTOR L,,True,SME,SM
MARICO,INE196A01026,MARICO LIMITED,,True,EQ,EQ
MARINE,INE01JE01028,MARINE ELECTRICAL (I) LTD,,True,EQ,EQ
MARKOLINES,INE0FW001016,MARKOLINES PAVEMENT TEC L,,True,EQ,EQ
MARKSANS,INE750C01026,MARKSANS PHARMA LIMITED,,True,EQ,EQ
MARSONS,INE415B01044,MARSONS LIMITED,,True,EQ,EQ
MARUTI,INE585B01010,MARUTI SUZUKI INDIA LTD.,,True,EQ,EQ
MASFIN,INE348L01012,MAS FINANCIAL SERV LTD,,True,EQ,EQ
MASKINVEST,INE885F01015,MASK INVESTMENTS LIMITED,,True,EQ,EQ
MASPTOP50,INF769K01HP3,MIRAEAMC - MASPTOP50,,True,ETF,EQ
MASTEK,INE759A01021,MASTEK LTD,,True,EQ,EQ
MASTER,INE0OJM01017,MASTER COMPONENTS LIMITED,,True,SME,SM
MASTERTR,INE677D01037,MASTER TRUST LIMITED,,True,EQ,EQ
MATRIMONY,INE866R01028,MATRIMONY.COM LIMITED,,True,EQ,EQ
MAWANASUG,INE636A01039,MAWANA SUGARS LIMITED,,True,EQ,EQ
MAXESTATES,INE03EI01018,MAX ESTATES LIMITED,,True,EQ,EQ
MAXHEALTH,INE027H01010,MAX HEALTHCARE INS LTD,,True,EQ,EQ
MAXIND,INE0CG601016,MAX INDIA LIMITED,,True,EQ,EQ
MAXPOSURE,INE0ECC01022,MAXPOSURE LIMITED,,True,SME,SM
MAXVOLT,INE10A501018,MAXVOLT ENERGY INDUS L,,True,SME,SM
MAYASHEEL,INE0ZTO01018,MAYASHEEL VENTURES LTD,,True,SME,SM
MAYURUNIQ,INE040D01038,MAYUR UNIQUOTERS LTD,,True,EQ,EQ
MAZDA,INE885E01042,MAZDA LIMITED,,True,EQ,BE
MAZDOCK,INE249Z01020,MAZAGON DOCK SHIPBUIL LTD,,True,EQ,EQ
MBAPL,INE900L01028,MADHYA BHARAT AGRO P. LTD,,True,EQ,EQ
MBECL,INE748A01024,MCNALLY BHARAT ENGIN CO L,,True,EQ,BE
MBEL,INE08N601015,M AND B ENGINEERING LTD,,True,EQ,EQ
MBLINFRA,INE912H01013,MBL INFRASTRUCTURE LTD,,True,EQ,EQ
MCCHRLS-B,INE435D01014,MAC CHARLES (INDIA) LTD.,,True,EQ,EQ
MCL,INE813V01022,M TEK COPPER LIMITED,,True,EQ,EQ
MCLEODRUSS,INE942G01012,MCLEOD RUSSEL INDIA LTD.,,True,EQ,EQ
MCLOUD,INE613C01026,MAGELLANIC CLOUD LIMITED,,True,EQ,EQ
MCON,INE0O4M01019,MCON RASAYAN INDIA LTD,,True,SME,SM
MCX,INE745G01043,MULTI COMMODITY EXCHANGE,,True,EQ,EQ
MEDANTA,INE474Q01031,GLOBAL HEALTH LIMITED,,True,EQ,EQ
MEDIASSIST,INE456Z01021,MEDI ASSIST HEALTH SER L,,True,EQ,EQ
MEDICAMEQ,INE646B01010,MEDICAMEN BIOTECH LIMITED,,True,EQ,EQ
MEDICAPQ,INE442D01010,MEDI CAPS LTD.,,True,EQ,EQ
MEDICO,INE630Y01024,MEDICO REMEDIES LIMITED,,True,EQ,EQ
MEDIORG,INE0PE401018,MEDICAMEN ORGANICS LTD,,True,SME,SM
MEDISTEP,INE0UOY01019,MEDISTEP HEALTHCARE LTD,,True,SME,SM
MEDPLUS,INE804L01022,MEDPLUS HEALTH SERV LTD,,True,EQ,EQ
MEESHO,INE0VDM01015,MEESHO LIMITED,,True,EQ,EQ
MEGASTAR,INE00EM01016,MEGASTAR FOODS LIMITED,,True,EQ,EQ
MEGATHERM,INE531R01010,MEGATHERM INDUCTION LTD,,True,SME,SM
MEIL,INE0PKD01011,MANGAL ELECTRICAL IND L,,True,EQ,EQ
MENNPIS,INE650G01029,MENON PISTONS LTD.,,True,EQ,EQ
MENONBE,INE071D01033,MENON BEARINGS LIMITED,,True,EQ,BE
MEP,INE776I01010,MEP INFRA. DEVELOPERS LTD,,True,EQ,BZ
MERCANTILE,INE689O01013,MERCANTILE VENTURES LTD.,,True,EQ,EQ
MERCURYEV,INE763M01028,MERCURY EV-TECH LIMITED,,True,EQ,EQ
METAL,INF769K01LY7,MIRAEAMC - METAL,,True,ETF,EQ
METALIC,INE1II801013,METALIC TECHNOFORGE LTD,,True,SME,ST
METALIETF,INF109KC19W1,ICICIPRAMC - METALIETF,,True,ETF,EQ
METROBRAND,INE317I01021,METRO BRANDS LIMITED,,True,EQ,EQ
METROGLOBL,INE085D01033,METROGLOBAL LTD.,,True,EQ,EQ
METROPOLIS,INE112L01020,METROPOLIS HEALTHCARE LTD,,True,EQ,EQ
MFML,INE0US801024,MAHALAXMI FABRIC MILLS LT,,True,EQ,EQ
MFSL,INE180A01020,MAX FINANCIAL SERV LTD,,True,EQ,EQ
MGEL,INE0APB01032,MANGALAM GLOBAL ENT LTD,,True,EQ,BE
MGL,INE002S01010,MAHANAGAR GAS LTD.,,True,EQ,EQ
MGSL,INE132901013,MATRIX GEO SOLUTIONS LTD,,True,SME,SM
MHHL,INE450S01011,MOHINI HEALTH&HYGIENE LTD,,True,SME,SM
MHLXMIRU,INE112D01035,MAHALAXMI RUBTECH LIMITED,,True,EQ,BE
MHRIL,INE998I01010,MAHINDRA HOLIDAYS LTD,,True,EQ,EQ
MICEL,INE287C01037,MIC ELECTRONICS LTD,,True,EQ,BE
MICROPRO,INE0PZK01014,MICROPRO SOFTWARE SOL L,,True,SME,SM
MID150,INF174KA1VW2,KOTAKMAMC - MID150,,True,ETF,EQ
MID150BEES,INF204KB1V68,NIP IND ETF MIDCAP 150,,True,ETF,EQ
MID150CASE,INF0R8F01059,ZERODHAAMC - MID150CASE,,True,ETF,EQ
MIDBANKADD,INF740KA1ZH9,DSPAMC - MIDBANKADD,,True,ETF,EQ
MIDCAP,INF174KA1ZC5,KOTAKMAMC - KOTAKMID50,,True,ETF,EQ
MIDCAPADD,INF740KA1WW5,DSPAMC - MIDCAPADD,,True,ETF,EQ
MIDCAPBETA,INF789F1AYX9,UTIAMC-MIDCAPBETA,,True,ETF,EQ
MIDCAPETF,INF769K01IC9,MIRAEAMC - MAM150ETF,,True,ETF,EQ
MIDCAPIETF,INF109KC11W8,ICICIPRAMC - ICICIM150,,True,ETF,EQ
MIDHANI,INE099Z01011,MISHRA DHATU NIGAM LTD,,True,EQ,EQ
MIDQ50ADD,INF740KA1ZF3,DSPAMC - DSPQ50ETF,,True,ETF,EQ
MIDSELIETF,INF109KC10W0,ICICI PRUD MIDCAP SEL ETF,,True,ETF,EQ
MIDSMALL,INF769K01LJ8,MIRAEAMC - MIDSMALL,,True,ETF,EQ
MIDWESTLTD,INE0XAD01024,MIDWEST LIMITED,,True,EQ,EQ
MIEL,INE0R3101011,MANGLAM INFRA & ENG LTD,,True,SME,SM
MIIL,INE898Q01015,MEGHNA INFRACON INFRA L,,True,EQ,EQ
MILKYMIST,INE00IT01020,MILKY MIST DAIRY FOOD L,,True,EQ,EQ
MINALIND,INE097E01028,MINAL INDUSTRIES LTD.,,True,EQ,BE
MINDACORP,INE842C01021,MINDA CORPORATION LTD,,True,EQ,EQ
MINDSPACE,INE0CCU25019,MINDSPACE BUSINESS P REIT,,True,EQ,RR
MINDTECK,INE110B01017,MINDTECK (INDIA) LIMITED,,True,EQ,EQ
MIRZAINT,INE771A01026,MIRZA INTERNATIONAL LIMIT,,True,EQ,EQ
MITCON,INE828O01033,MITCON CON & ENG SER LTD,,True,EQ,BE
MITTAL,INE997Y01027,MITTAL LIFE STYLE LIMITED,,True,EQ,EQ
MKEXIM,INE227F01010,M K EXIM (INDIA) LTD.,,True,EQ,EQ
MKPL,INE964W01021,M K PROTEINS LIMITED,,True,EQ,EQ
MLKFOOD,INE588G01021,MILKFOOD LTD.,,True,EQ,EQ
MMEL,INE0XM301010,MOVING MEDIA ENTER LTD,,True,SME,SM
MMFL,INE227C01017,MM FORGINGS LTD,,True,EQ,EQ
MMP,INE511Y01018,MMP INDUSTRIES LIMITED,,True,EQ,EQ
MMTC,INE123F01029,MMTC LIMITED,,True,EQ,EQ
MMWL,INE200D01020,MEDIA MATRIX WORLDWIDE L,,True,EQ,EQ
MNC,INF174KA1JF2,KOTAKMAMC - KOTAKMNC,,True,ETF,EQ
MOALPHA50,INF247L01FR8,MOTILALAMC - MOALPHA50,,True,ETF,EQ
MOBANK10,INF247L01GV8,MOTILALAMC - MOBANK10,,True,ETF,EQ
MOBIKWIK,INE0HLU01028,ONE MOBIKWIK SYSTEMS LTD,,True,EQ,EQ
MOCAPITAL,INF247L01EV3,MOTILALAMC - MOCAPITAL,,True,ETF,EQ
MODEFENCE,INF247L01DJ0,MOTILALAMC - MODEFENCE,,True,ETF,EQ
MODINATUR,INE537F01012,MODI NATURALS LIMITED,,True,EQ,EQ
MODIRUBBER,INE832A01018,MODI RUBBER LTD,,True,EQ,EQ
MODIS,INE0L0L01012,MODIS NAVNIRMAN LTD,,True,EQ,EQ
MODISONLTD,INE737D01021,MODISON LIMITED,,True,EQ,EQ
MODTHREAD,INE794W01014,MODERN THREADS INDIA LTD,,True,EQ,EQ
MOENERGY,INF247L01GH7,MOTILALAMC - MOENERGY,,True,ETF,EQ
MOGOLD,INF247L01FY4,MOTILALAMC - MOGOLD,,True,ETF,EQ
MOGSEC,INF247L01AK4,MOTILALAMC - G5,,True,ETF,EQ
MOHEALTH,INF247L01BB1,MOTILALAMC - MOHEALTH,,True,ETF,EQ
MOHITE,INE154B01023,MOHITE INDUSTRIES LTD.,,True,EQ,EQ
MOHITIND,INE954E01012,MOHIT INDUSTRIES LTD,,True,EQ,EQ
MOIL,INE490G01020,MOIL LIMITED,,True,EQ,EQ
MOINFRA,INF247L01FL1,MOTILALAMC - MOINFRA,,True,ETF,EQ
MOIPO,INF247L01GI5,MOTILALAMC - MOIPO,,True,ETF,EQ
MOKSH,INE514Y01020,MOKSH ORNAMENTS LIMITED,,True,EQ,EQ
MOL,INE0CT101020,MEGHMANI ORGANICS LIMITED,,True,EQ,EQ
MOLBIO,INE869T01028,MOLBIO DIAGNOSTICS LTD,,True,EQ,EQ
MOLDTECH,INE835B01035,MOLD-TEK TECHNOLOGIES LTD,,True,EQ,BE
MOLDTKPAC,INE893J01029,MOLD-TEK PACKAGING LTD,,True,EQ,EQ
MOLOWVOL,INF247L01BL0,MOTILALAMC - MOLOWVOL,,True,ETF,EQ
MOM100,INF247L01023,MOTILAL OS MIDCAP100 ETF,,True,ETF,EQ
MOM30IETF,INF109KC17C7,ICICIPRAMC - ICICIMOM30,,True,ETF,EQ
MOM50,INF247L01536,MOTILAL OSWAL M50 ETF,,True,ETF,EQ
MOMENTUM,INF209KB14K7,BIRLASLAMC - MOMENTUM,,True,ETF,EQ
MOMENTUM30,INF174KA1XS6,KOTAKMAMC - MOMENTUM30,,True,ETF,EQ
MOMENTUM50,INF247L01DK8,MOTILALAMC - MOMENTUM50,,True,ETF,EQ
MOMETAL,INF247L01HG7,MOTILALAMC - MOMETAL,,True,ETF,EQ
MOMGF,INF247L01FK3,MOTILALAMC - MOMGF,,True,ETF,EQ
MOMIDMTM,INF247L01FQ0,MOTILALAMC - MOMIDMTM,,True,ETF,EQ
MOMMIDCAP,INF769K01RC0,MIRAEAMC - MOMMIDCAP,,True,ETF,EQ
MOMNC,INF247L01GK1,MOTILALAMC - MOMNC,,True,ETF,EQ
MOMOMENTUM,INF247L01BK2,MOTILALAMC - MOMOMENTUM,,True,ETF,EQ
MON100,INF247L01AP3,MOTILAL OS NASDAQ100 ETF,,True,ETF,EQ
MON50EQUAL,INF247L01FC0,MOTILALAMC - MON50EQUAL,,True,ETF,EQ
MONARCH,INE903D01011,MONARCH NETWORTH CAP LTD,,True,EQ,EQ
MONEXT50,INF247L01FD8,MOTILALAMC - MONEXT50,,True,ETF,EQ
MONEYBOXX,INE296Q01012,MONEYBOXX FINANCE LIMITED,,True,EQ,EQ
MONIFTY100,INF247L01GG9,MOTILALAMC - MONIFTY100,,True,ETF,EQ
MONIFTY500,INF247L01BU1,MOTILALAMC - MONIFTY500,,True,ETF,EQ
MONOLITH,INE1DV401010,MONOLITHISCH INDIA LTD,,True,SME,SM
MONOPHARMA,INE0OIP01012,MONO PHARMACARE LIMITED,,True,SME,SM
MONQ50,INF247L01AU3,MOTILALAMC - MONQ50,,True,ETF,EQ
MONTECARLO,INE950M01013,MONTE CARLO FASHIONS LTD.,,True,EQ,EQ
MOOILGAS,INF247L01HH5,MOTILALAMC - MOOILGAS,,True,ETF,EQ
MOPSE,INF247L01FO5,MOTILALAMC - MOPSE,,True,ETF,EQ
MOQUALITY,INF247L01BH8,MOTILALAMC - MOQUALITY,,True,ETF,EQ
MOREALTY,INF247L01CI4,MOTILALAMC - MOREALTY,,True,ETF,EQ
MOREPENLAB,INE083A01026,MOREPEN LAB. LTD,,True,EQ,EQ
MOS,INE0N7S01028,MOS UTILITY LIMITED,,True,SME,ST
MOSCHIP,INE935B01025,MOSCHIP TECHNOLOGIES LTD,,True,EQ,EQ
MOSERVICE,INF247L01GJ3,MOTILALAMC - MOSERVICE,,True,ETF,EQ
MOSILVER,INF247L01FZ1,MOTILALAMC - MOSILVER,,True,ETF,EQ
MOSMALL250,INF247L01CH6,MOTILALAMC - MOSMALL250,,True,ETF,EQ
MOTHERSON,INE775A01035,SAMVRDHNA MTHRSN INTL LTD,,True,EQ,EQ
MOTILALOFS,INE338I01027,MOTILAL OSWAL FIN LTD,,True,EQ,EQ
MOTISONS,INE0FRK01020,MOTISONS JEWELLERS LTD,,True,EQ,EQ
MOTOGENFIN,INE861B01023,MOTOR & GENERAL FINANCE L,,True,EQ,BE
MOTOUR,INF247L01FP2,MOTILALAMC - MOTOUR,,True,ETF,EQ
MOVALUE,INF247L01BE5,MOTILALAMC - MOVALUE,,True,ETF,EQ
MOXSH,INE0N6D01014,MOXSH OVERSEAS EDUCON LTD,,True,SME,SM
MPDL,INE493H01014,MPDL LTD.,,True,EQ,BE
MPEL,INE0U4H01011,MANAS POLYMER N ENERGIE L,,True,SME,ST
MPHASIS,INE356A01018,MPHASIS LIMITED,,True,EQ,EQ
MPSLTD,INE943D01017,MPS LIMITED,,True,EQ,EQ
MRF,INE883A01011,MRF LTD,,True,EQ,EQ
MRPL,INE103A01014,MRPL,,True,EQ,EQ
MSCI360,INF579M01BP5,360ONEAMC - MSCI360,,True,ETF,EQ
MSCIADD,INF740KA1WV7,DSPAMC - MSCIADD,,True,ETF,EQ
MSCIINDIA,INF174KA1VD2,KOTAKMAMC - MSCIINDIA,,True,ETF,EQ
MSL,INE829S01016,MANGALAM SEEDS LTD.,,True,EQ,EQ
MSPL,INE752G01015,MSP STEEL & POWER LTD.,,True,EQ,EQ
MSTCLTD,INE255X01014,MSTC LIMITED,,True,EQ,EQ
MSUMI,INE0FS801015,MOTHERSON SUMI WRNG IND L,,True,EQ,EQ
MTARTECH,INE864I01014,MTAR TECHNOLOGIES LIMITED,,True,EQ,BE
MTEDUCARE,INE472M01018,MT EDUCARE LTD,,True,EQ,BE
MTNL,INE153A01019,MAHANAGAR TELEPHONE NIGAM,,True,EQ,EQ
MUFIN,INE08KJ01020,MUFIN GREEN FINANCE LTD,,True,EQ,EQ
MUFTI,INE220Q01020,CREDO BRANDS MARKETING L,,True,EQ,EQ
MUKANDLTD,INE304A01026,MUKAND LTD.,,True,EQ,EQ
MUKESHB,INE596B01017,MUKESH BABU FINANC SER L,,True,EQ,EQ
MUKKA,INE0CG401037,MUKKA PROTEINS LIMITED,,True,EQ,EQ
MUKTAARTS,INE374B01019,MUKTA ARTS LIMITED,,True,EQ,BE
MULTICAP,INF769K01LX9,MIRAEAMC - MULTICAP,,True,ETF,EQ
MUNISH,INE1K8Y01018,MUNISH FORGE LIMITED,,True,SME,SM
MUNJALAU,INE672B01032,MUNJAL AUTO IND. LTD.,,True,EQ,EQ
MUNJALSHOW,INE577A01027,MUNJAL SHOWA LTD,,True,EQ,EQ
MURUDCERA,INE692B01014,MURUDESHWAR CERAMICS LTD,,True,EQ,EQ
MUTHOOTCAP,INE296G01013,MUTHOOT CAP SERV LTD,,True,EQ,EQ
MUTHOOTFIN,INE414G01012,MUTHOOT FINANCE LIMITED,,True,EQ,EQ
MUTHOOTMF,INE046W01019,MUTHOOT MICROFIN LIMITED,,True,EQ,EQ
MVELECTRO,INE0OWZ01020,MV ELECTROSYSTEMS LIMITED,,True,EQ,EQ
MVGJL,INE0KNT01012,MANOJ VAIBHAV GEM N JEW L,,True,EQ,EQ
MVKAGRO,INE0SGC01015,M.V.K. AGRO FOOD PROD LTD,,True,SME,SM
MWL,INE0JYY01029,MANGALAM WORLDWIDE LTD,,True,EQ,EQ
MYSORPETRO,INE741A01011,MYSORE PETRO CHEMICALS L,,True,EQ,BE
NACLIND,INE295D01020,NACL INDUSTRIES LIMITED,,True,EQ,EQ
NAGREEKCAP,INE245I01016,NAGREEKA CAP & INFR.LTD,,True,EQ,EQ
NAGREEKEXP,INE123B01028,NAGREEKA EXPORTS LTD.,,True,EQ,EQ
NAHARCAP,INE049I01012,NAHAR CAP & FIN.,,True,EQ,EQ
NAHARINDUS,INE289A01011,NAHAR INDS ENT LTD,,True,EQ,EQ
NAHARPOLY,INE308A01027,NAHAR POLY FILMS LIMITED,,True,EQ,EQ
NAHARSPING,INE290A01027,NAHAR SPINNING MILLS LTD.,,True,EQ,EQ
NAM-INDIA,INE298J01013,NIPPON L I A M LTD,,True,EQ,EQ
NAMAN,INE0RJM01010,NAMAN INDUSTRE PRXIMA LTD,,True,SME,SM
NAMOEWASTE,INE08NZ01012,NAMO EWASTE MANAGEMENT L,,True,SME,ST
NARMADA,INE117Z01029,NARMADA AGROBASE LIMITED,,True,EQ,EQ
NATCAPSUQ,INE936B01015,NATURAL CAPSULES LIMITED,,True,EQ,EQ
NATCOPHARM,INE987B01026,NATCO PHARMA LTD.,,True,EQ,EQ
NATHBIOGEN,INE448G01010,NATH BIO-GENES (I) LTD,,True,EQ,EQ
NATIONALUM,INE139A01034,NATIONAL ALUMINIUM CO LTD,,True,EQ,EQ
NATIONSTD,INE166R01015,NATIONAL STAND (INDIA) L,,True,EQ,EQ
NAUKRI,INE663F01032,INFO EDGE (I) LTD,,True,EQ,EQ
NAVA,INE725A01030,NAVA LIMITED,,True,EQ,EQ
NAVINFLUOR,INE048G01026,NAVIN FLUORINE INT. LTD,,True,EQ,EQ
NAVKARCORP,INE278M01019,NAVKAR CORPORATION LTD.,,True,EQ,EQ
NAVKARURB,INE268H01044,NAVKAR URBANSTRUCTURE LTD,,True,EQ,BE
NAVNETEDUL,INE060A01024,NAVNEET EDUCATION LTD,,True,EQ,EQ
NAZARA,INE418L01047,NAZARA TECHNOLOGIES LTD,,True,EQ,EQ
NBCC,INE095N01031,NBCC (INDIA) LIMITED,,True,EQ,EQ
NBIFIN,INE365I01020,N.B.I. IND. FIN. CO. LTD,,True,EQ,EQ
NCC,INE868B01028,NCC LIMITED,,True,EQ,EQ
NCLIND,INE732C01016,NCL INDUSTRIES LIMITED,,True,EQ,EQ
NDGL,INE756C01015,NAGA DHUNSERI GROUP LTD,,True,EQ,EQ
NDL,INE875G01048,NANDAN DENIM LIMITED,,True,EQ,EQ
NDLVENTURE,INE353A01023,NDL VENTURES LIMITED,,True,EQ,EQ
NDRAUTO,INE07OG01012,NDR AUTO COMPONENTS LTD,,True,EQ,EQ
NDTV,INE155G01029,NDTV LTD,,True,EQ,EQ
NECCLTD,INE553C01016,NORTH EAST CARRY CORP LTD,,True,EQ,BE
NECLIFE,INE023H01027,NECTAR LIFESCIENCES LTD.,,True,EQ,EQ
NEELAM,INE0N1401016,NEELAM LINENS & GAR (I) L,,True,SME,SM
NELCAST,INE189I01024,NELCAST LIMITED,,True,EQ,EQ
NELCO,INE045B01015,NELCO LTD,,True,EQ,EQ
NEOGEN,INE136S01016,NEOGEN CHEMICALS LIMITED,,True,EQ,EQ
NEPHROCARE,INE0SUN01013,NEPHRO CARE INDIA LIMITED,,True,SME,SM
NEPHROPLUS,INE428V01029,NEPHROCARE HEALTH SERV L,,True,EQ,EQ
NEPTUNE,INE156901014,NEPTUNE PETROCHEMICALS L,,True,SME,SM
NESCO,INE317F01035,NESCO LTD.,,True,EQ,EQ
NESTLEIND,INE239A01024,NESTLE INDIA LIMITED,,True,EQ,EQ
NETF,INF277K015R5,TATAAML - NETF,,True,ETF,EQ
NETWEB,INE0NT901020,NETWEB TECH INDIA LTD,,True,EQ,EQ
NETWORK18,INE870H01013,NETWORK18 MEDIA & INV LTD,,True,EQ,EQ
NEUEON,INE333I01044,NEUEON CORPORATION LTD,,True,EQ,BE
NEULANDLAB,INE794A01010,NEULAND LAB LTD.,,True,EQ,EQ
NEWGEN,INE619B01017,NEWGEN SOFTWARE TECH LTD,,True,EQ,EQ
NEWJAISA,INE0PW501021,NEWJAISA TECHNOLOGIES LTD,,True,SME,ST
NEXT30ADD,INF740KA1VE5,DSPAMC - NEXT30ADD,,True,ETF,EQ
NEXT50,INF769K01FN2,MIRAEAMC - MANXT50,,True,ETF,EQ
NEXT50ADD,INF740KA1XU7,DSPAMC - NEXT50ADD,,True,ETF,EQ
NEXT50BETA,INF789F1AUW9,UTIAMC-NEXT50BETA,,True,ETF,EQ
NEXT50ETF,INF174KA1YO3,KOTAKMAMC - NEXT50ETF,,True,ETF,EQ
NEXT50IETF,INF109KC1NS5,ICICIPRAMC - ICICINXT50,,True,ETF,EQ
NEXTMEDIA,INE747B01016,NEXT MEDIAWORKS LIMITED,,True,EQ,EQ
NFL,INE870D01012,NATIONAL FERT. LTD,,True,EQ,EQ
NFPSAMPOOR,INE0T1501010,NFP SAMPOORNA FOODS LTD,,True,SME,SM
NGIL,INE236Y01012,NAKODA GROUP OF IND. LTD,,True,EQ,EQ
NGLFINE,INE887E01022,NGL FINE CHEM LIMITED,,True,EQ,EQ
NH,INE410P01011,NARAYANA HRUDAYALAYA LTD.,,True,EQ,EQ
NHPC,INE848E01016,NHPC LTD,,True,EQ,EQ
NIACL,INE470Y01017,THE NEW INDIA ASSU CO LTD,,True,EQ,EQ
NIBE,INE149O01018,NIBE LIMITED,,True,EQ,EQ
NIBL,INE047O01014,NRB INDUS. BEARINGS LTD.,,True,EQ,EQ
NICCOPAR,INE653C01022,NICCO PARKS & RESORTS LTD,,True,EQ,EQ
NIDAN,INE0J6L01013,NIDAN LABS AND HEALTH LTD,,True,SME,SM
NIF100BEES,INF204K014N5,NIP IND ETF NIFTY 100,,True,ETF,EQ
NIF100IETF,INF109KC16V9,ICICI PRUD NIFTY 100 ETF,,True,ETF,EQ
NIF500BETA,INF789F1AG76,UTIAMC - NIF500BETA,,True,ETF,EQ
NIFTY1,INF174K014P6,KOTAK NIFTY ETF,,True,ETF,EQ
NIFTY100EW,INF174KA1UW4,KOTAKMAMC - NIFTY100EW,,True,ETF,EQ
NIFTYADD,INF740KA1CL0,DSPAMC - DSPNIFTY,,True,ETF,EQ
NIFTYAXIS,INF846K01W98,AXISAMC-NIFTYAXIS,,True,ETF,EQ
NIFTYBEES,INF204KB14I2,NIP IND ETF NIFTY BEES,,True,ETF,EQ
NIFTYBETA,INF789F1AZC0,UTIAMC-NIFTYBETA,,True,ETF,EQ
NIFTYBETF,INF0QA701722,BFAM - NIFTYBETF,,True,ETF,EQ
NIFTYCASE,INF0R8F01166,ZERODHAAMC - NIFTYCASE,,True,ETF,EQ
NIFTYETF,INF769K01EG9,MIRAEAMC - MAN50ETF,,True,ETF,EQ
NIFTYIETF,INF109K012R6,ICICI PRUD NIFTY ETF,,True,ETF,EQ
NIFTYJBLK,INF22M001184,JIOBLACKROCKAMC-NIFTYJBLK,,True,ETF,EQ
NIFTYQLITY,INF209KB15K4,BIRLASLAMC - NIFTYQLITY,,True,ETF,EQ
NIITLTD,INE161A01038,NIIT LIMITED,,True,EQ,EQ
NIITMTS,INE342G01023,NIIT LEARNING SYSTEMS LTD,,True,EQ,EQ
NIKITA,INE0FLF01015,NIKITA GRENTEC RECYCL LTD,,True,SME,SM
NILAINFRA,INE937C01029,NILA INFRASTRUCTURES LTD,,True,EQ,EQ
NILASPACES,INE00S901012,NILA SPACES LIMITED,,True,EQ,EQ
NILE,INE445D01013,NILE LTD.,,True,EQ,EQ
NILKAMAL,INE310A01015,NILKAMAL LIMITED,,True,EQ,EQ
NIMBSPROJ,INE875B01015,NIMBUS PROJECTS LIMITED,,True,EQ,EQ
NINSYS,INE395U01014,NINTEC SYSTEMS LIMITED,,True,EQ,EQ
NIPPOBATRY,INE567A01028,INDO-NATIONAL LIMITED,,True,EQ,EQ
NIRAJ,INE368I01016,NIRAJ CEMENT STRUC LTD,,True,EQ,EQ
NIRAJISPAT,INE326T01011,NIRAJ ISPAT IND LTD,,True,EQ,EQ
NIRLON,INE910A01012,NIRLON LTD,,True,EQ,EQ
NIRMAN,INE0OK701014,NIRMAN AGRI GENTICS LTD,,True,SME,SM
NITCO,INE858F01012,NITCO LIMITED,,True,EQ,EQ
NITINSPIN,INE229H01012,NITIN SPINNERS LIMITED,,True,EQ,EQ
NITIRAJ,INE439T01012,NITIRAJ ENGINEERS LTD,,True,EQ,EQ
NITTAGELA,INE265B01019,NITTA GELATIN INDIA LTD.,,True,EQ,EQ
NIVABUPA,INE995S01015,NIVA BUPA HEALTH INS CO L,,True,EQ,EQ
NKIND,INE542C01019,NK INDUSTRIES LTD,,True,EQ,EQ
NLCINDIA,INE589A01014,NLC INDIA LIMITED,,True,EQ,EQ
NMDC,INE584A01023,NMDC LTD.,,True,EQ,EQ
NMSTEEL,INE0TP801012,NEWMALAYALAM STEEL LTD,,True,SME,SM
NOCIL,INE163A01018,NOCIL LIMITED,,True,EQ,EQ
NOIDATOLL,INE781B01015,NOIDA TOLL BRIDGE CO LTD,,True,EQ,EQ
NORBTEAEXP,INE369C01017,NORBEN TEA & EXPORTS LTD,,True,EQ,EQ
NORTHARC,INE850M01015,NORTHERN ARC CAPITAL LTD,,True,EQ,EQ
NOVAAGRI,INE02H701025,NOVA AGRITECH LIMITED,,True,EQ,BE
NOVARTIND,INE234A01025,NOVARTIS INDIA LIMITED,,True,EQ,EQ
NPBET,INF277K010X4,TATAAML - NPBET,,True,ETF,EQ
NPST,INE0FFK01017,NETWORK PEOPLE SRV TECH L,,True,EQ,EQ
NRAIL,INE740D01017,N R AGARWAL INDS LTD,,True,EQ,EQ
NRBBEARING,INE349A01021,NRB BEARING LIMITED,,True,EQ,EQ
NRL,INE0JM501013,NUPUR RECYCLERS LIMITED,,True,EQ,BE
NRVANDANA,INE104101014,N R VANDANA TEX IND LTD,,True,SME,SM
NSIL,INE023A01030,NALWA SONS INVESTMENT LTD,,True,EQ,EQ
NSLNISP,INE0NNS01018,NMDC STEEL LIMITED,,True,EQ,EQ
NTCIND,INE920C01017,N T C INDUSTRIES LTD.,,True,EQ,EQ
NTPC,INE733E01010,NTPC LTD,,True,EQ,EQ
NTPCGREEN,INE0ONG01011,NTPC GREEN ENERGY LIMITED,,True,EQ,EQ
NUCLEUS,INE096B01018,NUCLEUS SOFTWARE EXPORTS,,True,EQ,EQ
NURECA,INE0DSF01015,NURECA LIMITED,,True,EQ,BE
NUVAMA,INE531F01023,NUVAMA WEALTH MANAGE LTD,,True,EQ,EQ
NUVOCO,INE118D01016,NUVOCO VISTAS CORP LTD,,True,EQ,EQ
NV20,INF174KA1ZE1,KOTAKMAMC - KTKNV20ETF,,True,ETF,EQ
NV20BEES,INF204KB18I3,NIP IND ETF ETF NV20,,True,ETF,EQ
NV20IETF,INF109KC11V0,ICICI PRUDENTIAL NV20 ETF,,True,ETF,EQ
NXST,INE0NDH25011,NEXUS SELECT TRUST,,True,EQ,RR
NXT-INFRA,INE0SF023016,NXT-INFRA TRUST,,True,INVIT,IV
NYKAA,INE388Y01029,FSN E COMMERCE VENTURES,,True,EQ,EQ
OAL,INE959C01023,ORIENTAL AROMATICS LTD,,True,EQ,EQ
OBCL,INE426Z01016,OBCL LIMITED,,True,EQ,EQ
OBEROIRLTY,INE093I01010,OBEROI REALTY LIMITED,,True,EQ,EQ
OBSCP,INE0YHV01011,OBSC PERFECTION LIMITED,,True,SME,SM
OCCLLTD,INE0PK601023,OCCL LIMITED,,True,EQ,BE
ODIGMA,INE054301028,ODIGMA CONSULTANCY SOL L,,True,EQ,EQ
ODYCORP,INE839E01023,ODYSSEY CORPORATION LTD.,,True,EQ,EQ
OFSS,INE881D01027,ORACLE FIN SERV SOFT LTD.,,True,EQ,EQ
OIL,INE274J01014,OIL INDIA LTD,,True,EQ,EQ
OILCOUNTUB,INE591A01010,OIL COUNTRY TUBULAR LTD.,,True,EQ,BE
OILIETF,INF109KC18W3,ICICIPRAMC - OILIETF,,True,ETF,EQ
OLAELEC,INE0LXG01040,OLA ELECTRIC MOBILITY LTD,,True,EQ,EQ
OLECTRA,INE260D01016,OLECTRA GREENTECH LIMITED,,True,EQ,EQ
OLIL,INE0OPS01011,ONECLICK LOGISTICS IND L,,True,SME,SM
OMAXAUTO,INE090B01011,OMAX AUTOS LTD,,True,EQ,EQ
OMAXE,INE800H01010,OMAXE LIMITED,,True,EQ,EQ
OMFREIGHT,INE1BZC01019,OM FREIGHT FORWARDERS LTD,,True,EQ,BE
OMFURN,INE338Y01016,OMFURN INDIA LIMITED,,True,SME,SM
OMINFRAL,INE239D01028,OM INFRA LIMITED,,True,EQ,EQ
OMNI,INE0UH301010,OMNITECH ENGINEERING LTD,,True,EQ,EQ
OMPOWER,INE25E901019,OM POWER TRANSMISSION LTD,,True,EQ,EQ
ONDOOR,INE00ER01015,ON DOOR CONCEPTS LIMITED,,True,SME,SM
ONEGLOBAL,INE670O01013,ONE GLOBAL SERVICE PROV L,,True,EQ,EQ
ONELIFECAP,INE912L01015,ONELIFE CAP ADVISORS LTD,,True,EQ,BE
ONEPOINT,INE840Y01029,ONE POINT ONE SOL LTD,,True,EQ,EQ
ONESOURCE,INE013P01021,ONESOURCE SPECL PHARMA L,,True,EQ,EQ
ONGC,INE213A01029,OIL AND NATURAL GAS CORP.,,True,EQ,EQ
ONIDA,INE831A01028,ONIDA ELECTRONICS LIMITED,,True,EQ,EQ
ONIXSOLAR,INE173M01012,ONIX SOLAR ENERGY LTD.,,True,EQ,EQ
ONMOBILE,INE809I01019,ONMOBILE GLOBAL LTD.,,True,EQ,BE
ONWARDTEC,INE229A01017,ONWARD TECHNOLOGIES LTD,,True,EQ,EQ
ONYX,INE0WVU01018,ONYX BIOTEC LIMITED,,True,SME,ST
OPTIEMUS,INE350C01017,OPTIEMUS INFRACOM LTD,,True,EQ,EQ
OPTIFIN,INE031G01022,OPTIMUS FINANCE LTD.,,True,EQ,EQ
OPTIMYSTIX,INE1JZB01022,OPTIMYSTIX ENT INDIA LTD,,True,SME,SM
OPTIVALUE,INE15B101011,OPTIVALUE TEK CONSULT LTD,,True,SME,ST
ORBTEXP,INE231G01010,ORBIT EXPORTS LIMITED,,True,EQ,BE
ORCHASP,INE215B01022,ORCHASP LIMITED,,True,EQ,EQ
ORCHPHARMA,INE191A01027,ORCHID PHARMA LIMITED,,True,EQ,EQ
ORIANA,INE0OUT01019,ORIANA POWER LIMITED,,True,SME,SM
ORICONENT,INE730A01022,ORICON ENTERPRISES LTD,,True,EQ,EQ
ORIENTALTL,INE998H01012,ORIENTAL TRIMEX LTD,,True,EQ,EQ
ORIENTBELL,INE607D01018,ORIENT BELL LIMITED,,True,EQ,EQ
ORIENTCEM,INE876N01018,ORIENT CEMENT LTD.,,True,EQ,EQ
ORIENTCER,INE569C01020,ORIENT CERATECH LIMITED,,True,EQ,EQ
ORIENTELEC,INE142Z01019,ORIENT ELECTRIC LIMITED,,True,EQ,EQ
ORIENTHOT,INE750A01020,ORIENT HOTELS LTD,,True,EQ,EQ
ORIENTLTD,INE609C01024,ORIENT PRESS LIMITED,,True,EQ,BE
ORIENTPPR,INE592A01026,ORIENT PAPER AND INDS LTD,,True,EQ,EQ
ORIENTTECH,INE0PPK01015,ORIENT TECHNOLOGIES LTD,,True,EQ,EQ
ORIRAIL,INE457G01029,ORIENTAL RAIL INFRA L,,True,EQ,EQ
ORISSAMINE,INE725E01024,ORISSA MIN DEV CO LTD,,True,EQ,EQ
ORKLAINDIA,INE16NZ01023,ORKLA INDIA LIMITED,,True,EQ,EQ
ORTINGLOBE,INE749B01020,ORTIN GLOBAL LIMITED,,True,EQ,EQ
OSELDEVICE,INE0RMF01018,OSEL DEVICES LIMITED,,True,SME,SM
OSIAHYPER,INE06IR01021,OSIA HYPER RETAIL LIMITED,,True,EQ,BE
OSWALAGRO,INE142A01012,OSWAL AGRO MILLS LTD,,True,EQ,EQ
OSWALGREEN,INE143A01010,OSWAL GREENTECH LIMITED,,True,EQ,EQ
OSWALPUMPS,INE0BYP01024,OSWAL PUMPS LIMITED,,True,EQ,EQ
OSWALSEEDS,INE00IK01029,SHREEOSWAL S AND CHE LTD,,True,EQ,EQ
OWAIS,INE0R8M01017,OWAIS METAL & MINERAL,,True,SME,ST
PACEDIGITK,INE0S3G01027,PACE DIGITEK LIMITED,,True,EQ,EQ
PACIFICI,INE883C01025,PACIFIC INDUSTRIES LTD.,,True,EQ,EQ
PAGEIND,INE761H01022,PAGE INDUSTRIES LTD,,True,EQ,EQ
PAISALO,INE420C01059,PAISALO DIGITAL LIMITED,,True,EQ,EQ
PAKKA,INE551D01018,PAKKA LIMITED,,True,EQ,EQ
PALASHSECU,INE471W01019,PALASH SECURITIES LTD,,True,EQ,EQ
PALREDTEC,INE218G01033,PALRED TECHNOLOGIES LTD,,True,EQ,BE
PANACEABIO,INE922B01023,PANACEA BIOTEC LTD,,True,EQ,EQ
PANACHE,INE895W01019,PANACHE DIGILIFE LIMITED,,True,EQ,BE
PANAMAPET,INE305C01029,PANAMA PETROCHEM LTD,,True,EQ,EQ
PANCHMAHQ,INE798F01010,PANCHMAHAL STEEL LTD.,,True,EQ,EQ
PANORAMA,INE258R01028,PANORAMA STUDIOS INTL. L,,True,EQ,EQ
PANSARI,INE697V01011,PANSARI DEVELOPERS LTD,,True,EQ,EQ
PAR,INE04LG01015,PAR DRUGS AND CHEM LTD,,True,EQ,EQ
PARACABLES,INE074B01023,PARAMOUNT COMM LTD,,True,EQ,EQ
PARADEEP,INE088F01024,PARADEEP PHOSPHATES LTD,,True,EQ,EQ
PARAGMILK,INE883N01014,PARAG MILK FOODS LTD.,,True,EQ,EQ
PARAGON,INE0N4G01012,PARAGON FINE S.C. LTD.,,True,SME,SM
PARAMOUNT,INE0TG801013,PARAMOUNT DYE TEC LIMITED,,True,SME,SM
PARAS,INE045601023,PARAS DEF AND SPCE TECH L,,True,EQ,EQ
PARASPETRO,INE162C01024,PARAS PETROFILS LTD.,,True,EQ,EQ
PARIN,INE00U801010,PARIN ENTERPRISES LIMITED,,True,SME,SM
PARKHOSPS,INE119201023,PARK MEDI WORLD LIMITED,,True,EQ,EQ
PARKHOTELS,INE988S01028,PARKHOTELS,,True,EQ,EQ
PARNAXLAB,INE383L01019,PARNAX LAB LTD.,,True,EQ,EQ
PARSVNATH,INE561H01026,PARSVNATH DEVELOPER LTD,,True,EQ,BE
PARTH,INE1H7V01011,PARTH ELEC & ENG LTD,,True,SME,SM
PASHUPATI,INE124Y01028,PASHUPATI COTSPIN LIMITED,,True,EQ,EQ
PASUPTAC,INE818B01023,PASUPATI ACRYLON LIMITED,,True,EQ,BE
PATANJALI,INE619A01035,PATANJALI FOODS LIMITED,,True,EQ,EQ
PATELENG,INE244B01030,PATEL ENGINEERING LTD.,,True,EQ,EQ
PATELRMART,INE0R8B01010,PATEL RETAIL LIMITED,,True,EQ,EQ
PATILAUTOM,INE17GV01016,PATIL AUTOMATION LIMITED,,True,SME,SM
PATINTLOG,INE529D01014,PATEL INT. LOG. LTD,,True,EQ,BE
PAUSHAKLTD,INE111F01024,PAUSHAK LIMITED,,True,EQ,EQ
PAVNAIND,INE07S101038,PAVNA INDUSTRIES LIMITED,,True,EQ,EQ
PAYTM,INE982J01020,ONE 97 COMMUNICATIONS LTD,,True,EQ,EQ
PBMPOLY,INE501F01018,P B M POLYTEX LTD.,,True,EQ,EQ
PCBL,INE602A01031,PCBL CHEMICAL LIMITED,,True,EQ,EQ
PCCL,INE998U01015,PETRO CARBON AND CHEMI L,,True,SME,SM
PCJEWELLER,INE785M01021,PC JEWELLER LTD,,True,EQ,EQ
PDMJEPAPER,INE865T01018,PUDUMJEE PAPER PRO. LTD,,True,EQ,EQ
PDSL,INE111Q01021,PDS LIMITED,,True,EQ,EQ
PEARLPOLY,INE844A01013,PEARL POLYMERS LTD,,True,EQ,EQ
PELATRO,INE0VG601013,PELATRO LIMITED,,True,SME,SM
PENIND,INE932A01024,PENNAR INDUSTRIES LTD,,True,EQ,EQ
PENINLAND,INE138A01028,PENINSULA LAND LIMITED,,True,EQ,BE
PENTAGON,INE0ORS01017,PENTAGON RUBBER LIMITED,,True,SME,SM
PERFECT,INE925S01012,PERFECT INFRAENGINEER LTD,,True,SME,SZ
PERMAGN,INE418E01018,PERMANENT MAGNETS LTD.,,True,EQ,EQ
PERSISTENT,INE262H01021,PERSISTENT SYSTEMS LTD,,True,EQ,EQ
PETRONET,INE347G01014,PETRONET LNG LIMITED,,True,EQ,EQ
PFC,INE134E01011,POWER FIN CORP LTD.,,True,EQ,EQ
PFIZER,INE182A01018,PFIZER LTD,,True,EQ,EQ
PFOCUS,INE367G01038,PRIME FOCUS LIMITED,,True,EQ,EQ
PFS,INE560K01014,PTC INDIA FIN SERV LTD,,True,EQ,EQ
PGEL,INE457L01029,PG ELECTROPLAST LTD,,True,EQ,EQ
PGHH,INE179A01014,P&G HYGIENE & HEALTH CARE,,True,EQ,EQ
PGHL,INE199A01012,PROCTER & GAMBLE HEALTH L,,True,EQ,EQ
PGIL,INE940H01022,PEARL GLOBAL IND LIMITED,,True,EQ,EQ
PGINVIT,INE0GGX23010,POWERGRID INFRA. INVITS,,True,INVIT,IV
PHANTOMFX,INE0MLZ01019,PHANTOM DIGITAL EFF LTD,,True,SME,SM
PHARMABEES,INF204KC1089,NIPPONAMC - NETFPHARMA,,True,ETF,EQ
PHOENIXLTD,INE211B01039,THE PHOENIX MILLS LTD,,True,EQ,EQ
PHOENXINTL,INE245B01011,PHOENIX INTERNATIONAL LTD,,True,EQ,EQ
PHOGLOBAL,INE0FPO01018,PHOENIX OVERSEAS LIMITED,,True,SME,SM
PICCADIL,INE546C01010,PICCADILY AGRO INDUSTRI L,,True,EQ,EQ
PIDILITIND,INE318A01026,PIDILITE INDUSTRIES LTD,,True,EQ,EQ
PIGL,INE557Z01018,POWER INSTRUMENT (G) LTD,,True,EQ,EQ
PIIND,INE603J01030,PI INDUSTRIES LTD,,True,EQ,EQ
PILANIINVS,INE417C01014,PILANI INV & IND COR LTD,,True,EQ,EQ
PILITA,INE600A01035,PIL ITALICA LIFESTYLE LTD,,True,EQ,EQ
PINELABS,INE15B701018,PINE LABS LIMITED,,True,EQ,EQ
PIONEEREMB,INE156C01018,PIONEER EMBROIDERIES LTD,,True,EQ,EQ
PIONRINV,INE746D01014,PIONEER INVESTCORP LTD.,,True,EQ,BE
PIRAMALFIN,INE202B01038,PIRAMAL FINANCE LIMITED,,True,EQ,EQ
PITTIENG,INE450D01021,PITTI ENGINEERING LIMITED,,True,EQ,EQ
PIXTRANS,INE751B01018,PIX TRANSMISSIONS LIMITED,,True,EQ,EQ
PKTEA,INE431F01018,THE P K TEA PROD CO LTD,,True,EQ,EQ
PLASTIBLEN,INE083C01022,PLASTIBLENDS INDIA LTD,,True,EQ,EQ
PLATIND,INE0PT501018,PLATINUM INDUSTRIES LTD,,True,EQ,EQ
PLAZACABLE,INE0INJ01017,PLAZA WIRES LIMITED,,True,EQ,EQ
PML,INE291E01019,PAUL MERCHANTS LTD.,,True,EQ,EQ
PNB,INE160A01022,PUNJAB NATIONAL BANK,,True,EQ,EQ
PNBGILTS,INE859A01011,PNB GILTS LIMITED,,True,EQ,EQ
PNBHOUSING,INE572E01012,PNB HOUSING FIN LTD.,,True,EQ,EQ
PNC,INE392B01011,PRITISH NANDY COMMUNICATI,,True,EQ,EQ
PNCINFRA,INE195J01029,PNC INFRATECH LTD.,,True,EQ,EQ
PNGJL,INE953R01016,P N GADGIL JEWELLERS LTD,,True,EQ,EQ
PNGSREVA,INE1RDG01013,PNGS REVA DIAMOND JEWEL L,,True,EQ,EQ
POCL,INE063E01061,PONDY OXIDES & CHEM LTD,,True,EQ,EQ
PODDARMENT,INE371C01013,PODDAR PIGMENTS LIMITED,,True,EQ,EQ
POEL,INE035S01028,P O C L ENTERPRISES LTD.,,True,EQ,EQ
POKARNA,INE637C01025,POKARNA LIMITED,,True,EQ,EQ
POLICYBZR,INE417T01026,PB FINTECH LIMITED,,True,EQ,EQ
POLYCAB,INE455K01017,POLYCAB INDIA LIMITED,,True,EQ,EQ
POLYMED,INE205C01021,POLY MEDICURE LIMITED,,True,EQ,EQ
POLYPLEX,INE633B01018,POLYPLEX CORPORATION LTD,,True,EQ,EQ
POLYSIL,INE517M01028,POLYSIL IRRIGATION SYST L,,True,SME,SM
POLYSPIN,INE914G01029,POLYSPIN EXPORTS LTD.,,True,EQ,EQ
PONNIERODE,INE838E01017,PONNIE SUGARS (ERODE) LTD,,True,EQ,EQ
POONAWALLA,INE511C01022,POONAWALLA FINCORP LTD,,True,EQ,EQ
POSITRON,INE0S3H01017,POSITRON ENERGY LIMITED,,True,SME,SM
POWERGRID,INE752E01010,POWER GRID CORP. LTD.,,True,EQ,EQ
POWERICA,INE921L01032,POWERICA LIMITED,,True,EQ,EQ
POWERINDIA,INE07Y701011,HITACHI ENERGY INDIA LTD,,True,EQ,EQ
POWERMECH,INE211R01019,POWER MECH PROJECTS LTD.,,True,EQ,EQ
PPAP,INE095I01015,PPAP AUTOMOTIVE LIMITED,,True,EQ,BE
PPL,INE050001010,PRAKASH PIPES LIMITED,,True,EQ,BE
PPLPHARMA,INE0DK501011,PIRAMAL PHARMA LIMITED,,True,EQ,EQ
PPSL,INE0YAL01017,PICTUREPOST STUDIOS LTD,,True,SME,SM
PRABHA,INE0I0M01023,PRABHA ENERGY LIMITED,,True,EQ,EQ
PRADPME,INE770A01010,PRADEEP METALS LTD.,,True,EQ,BE
PRAENG,INE505C01016,PRAJAY ENG. SYN. LTD.,,True,EQ,EQ
PRAJIND,INE074A01025,PRAJ INDUSTRIES LTD,,True,EQ,EQ
PRAKASH,INE603A01013,PRAKASH INDUSTRIES LTD,,True,EQ,EQ
PRAKASHSTL,INE696K01024,PRAKASH STEELAGE LTD,,True,EQ,EQ
PRAMARA,INE0O7A01017,PRAMARA PROMOTIONS LTD,,True,SME,SM
PRAMODINI,INE2JG601017,PRAMODINI MEDICARE LTD,,True,SME,SM
PRANIK,INE0VJG01014,PRANIK LOGISTICS LIMITED,,True,SME,SM
PRATHAM,INE0QA601016,PRATHAM EPC PROJECTS LTD,,True,SME,SM
PRAVEG,INE722B01019,PRAVEG LTD.,,True,EQ,EQ
PRAXIS,INE546Y01022,PRAXIS HOME RETAIL LTD,,True,EQ,EQ
PRECAM,INE484I01029,PRECISION CAMSHAFTS LTD.,,True,EQ,EQ
PRECOT,INE283A01014,PRECOT LIMITED,,True,EQ,EQ
PRECWIRE,INE372C01037,PRECISION WIRES INDIA LTD,,True,EQ,EQ
PREMCO,INE001E01012,PREMCO GLOBAL LTD.,,True,EQ,EQ
PREMEXPLN,INE863B01029,PREMIER EXPLOSIVES LTD,,True,EQ,EQ
PREMIER,INE342A01018,PREMIER LIMITED,,True,EQ,BE
PREMIERENE,INE0BS701011,PREMIER ENERGIES LIMITED,,True,EQ,EQ
PREMIERPOL,INE309M01020,PREMIER POLYFILM LTD,,True,EQ,EQ
PRESSTONIC,INE0R1601012,PRESSTONIC ENGINEERING L,,True,SME,SM
PRESTIGE,INE811K01011,PRESTIGE ESTATE LTD,,True,EQ,EQ
PRICOLLTD,INE726V01018,PRICOL LIMITED,,True,EQ,EQ
PRIMECAB,INE0CQA01020,PRIME CABLE INDUSTRIES L,,True,SME,ST
PRIMESECU,INE032B01021,PRIME SECURITIES LIMITED,,True,EQ,EQ
PRIMO,INE607A01022,PRIMO CHEMICALS LIMITED,,True,EQ,EQ
PRINCEPIPE,INE689W01016,PRINCE PIPES FITTINGS LTD,,True,EQ,EQ
PRISMX,INE286N01028,PRISMX GLOBAL VENTURES L,,True,EQ,EQ
PRITI,INE974Z01015,PRITI INTERNATIONAL LTD,,True,EQ,BE
PRITIKA,INE0MJQ01020,PRITIKA ENG COMPO LTD,,True,SME,SM
PRITIKAUTO,INE583R01029,PRITIKA AUTO INDUS LTD,,True,EQ,BE
PRIVISCL,INE959A01019,PRIVI SPECIALITY CHE LTD,,True,EQ,EQ
PRIZOR,INE0V9N01017,PRIZOR VIZTECH LIMITED,,True,SME,ST
PRLIND,INE0CFG01012,PREMIER ROADLINES LIMITED,,True,SME,SM
PROFX,INE0VJT01017,PRO FX TECH LIMITED,,True,SME,SM
PROLIFE,INE994V01012,PROLIFE INDUSTRIES LTD,,True,SME,SM
PROPEQUITY,INE0KN801013,P. E. ANALYTICS LIMITED,,True,SME,SM
PROPSHOP,INE1FFX01018,PROPSHOP EVENTS AND EXH L,,True,SME,SM
PROSTARM,INE0BX301013,PROSTARM INFO SYSTEMS LTD,,True,EQ,EQ
PROTEAN,INE004A01022,PROTEAN EGOV TECHNO LTD,,True,EQ,EQ
PROZONER,INE195N01013,PROZONE REALTY LIMITED,,True,EQ,EQ
PRSMJOHNSN,INE010A01011,PRISM JOHNSON LIMITED,,True,EQ,EQ
PRUDENT,INE00F201020,PRUDENT CORP ADV SER LTD,,True,EQ,EQ
PRUDMOULI,INE024D01016,PRUDENTIAL SUGAR CORPORAT,,True,EQ,BE
PSB,INE608A01012,PUNJAB & SIND BANK,,True,EQ,EQ
PSFL,INE0Q6001012,PARAMOUNT SPECIALI FORG L,,True,SME,SM
PSPPROJECT,INE488V01015,PSP PROJECTS LIMITED,,True,EQ,EQ
PSUBANK,INF174KA1A86,KOTAK PSU BANK,,True,ETF,EQ
PSUBANKADD,INF740KA1SY9,DSPAMC - DSPPSBKETF,,True,ETF,EQ
PSUBNKBEES,INF204KB16I7,NIP IND ETF PSU BANK BEES,,True,ETF,EQ
PSUBNKIETF,INF109KC10S8,ICICIPRAMC - PSUBANKICI,,True,ETF,EQ
PTC,INE877F01012,PTC INDIA LIMITED,,True,EQ,EQ
PTCIL,INE596F01018,PTC INDUSTRIES LIMITED,,True,EQ,EQ
PTL,INE034D01049,PTL ENTERPRISES LTD,,True,EQ,EQ
PUNJABCHEM,INE277B01014,PUNJAB CHEM & CROP PROT L,,True,EQ,EQ
PURPLEUTED,INE0P5R01014,PURPLE UNITED SALES LTD,,True,SME,ST
PURVA,INE323I01011,PURAVANKARA LIMITED,,True,EQ,EQ
PURVFLEXI,INE0R6C01012,PURV FLEXIPACK LIMITED,,True,SME,SM
PUSHPA,INE154801018,PUSHPA JEWELLERS LIMITED,,True,SME,SM
PVP,INE362A01016,PVP VENTURES LIMITED,,True,EQ,EQ
PVRINOX,INE191H01014,PVR INOX LIMITED,,True,EQ,EQ
PVSL,INE772T01024,POPULAR VEHICLES N SER L,,True,EQ,EQ
PVTBANIETF,INF109KC18U7,ICICIPRAMC - ICICIBANKP,,True,ETF,EQ
PVTBANK,INF174KA1A94,KOTAKMAMC - PVTBANK,,True,ETF,EQ
PVTBANKADD,INF740KA1TA7,DSPAMC - DSPPVBKETF,,True,ETF,EQ
PVTBKGROWW,INF666M01OT5,GROWWAMC - PVTBKGROWW,,True,ETF,EQ
PWL,INE0LP301011,PHYSICSWALLAH LIMITED,,True,EQ,EQ
PYRAMID,INE0MIS01010,PYRAMID TECHNOPLAST LTD,,True,EQ,EQ
QGOLDHALF,INF082J01408,QUANTUM GOLD ETF,,True,ETF,EQ
QLINE,INE1G2W01011,Q-LINE BIOTECH LIMITED,,True,SME,SM
QMSMEDI,INE0FMW01018,QMS MEDICAL ALLIED S LTD,,True,EQ,BE
QNIFTY,INF082J01499,QUANTUM NIFTY 50 ETF,,True,ETF,EQ
QPOWER,INE0SII01026,QUALITY POWER ELEC EQUP L,,True,EQ,EQ
QUADFUTURE,INE0LRY01011,QUADRANT FUTURE TEK LTD,,True,EQ,EQ
QUAL30IETF,INF109KC18V5,ICICIPRAMC - ICICIQTY30,,True,ETF,EQ
QUALITY30,INF174KA1WT6,KOTAKMAMC - QUALITY30,,True,ETF,EQ
QUESS,INE615P01015,QUESS CORP LIMITED,,True,EQ,EQ
QUESTLAB,INE0TNW01017,QUEST LABORATORIES LTD,,True,SME,SM
QUICKHEAL,INE306L01010,QUICK HEAL TECH LTD,,True,EQ,BE
QUICKTOUCH,INE0K4D01020,QUICKTOUCH TECHNOLOGIES L,,True,SME,SM
QUINT,INE641R01017,QUINT DIGITAL LTD.,,True,EQ,EQ
QVCEL,INE0KZF01015,QVC EXPORTS LIMITED,,True,SME,SM
RACE,INE084Q01012,RACE ECO CHAIN LIMITED,,True,EQ,EQ
RACLGEAR,INE704B01017,RACL GEARTECH LIMITED,,True,EQ,EQ
RADAAN,INE874F01027,RADAAN MEDIAWORKS (I) LTD,,True,EQ,EQ
RADHIKAJWE,INE583V01021,RADHIKA JEWELTECH LIMITED,,True,EQ,EQ
RADIANTCMS,INE855R01021,RADIANT CASH MGMT SER LTD,,True,EQ,EQ
RADICO,INE944F01028,RADICO KHAITAN LTD,,True,EQ,EQ
RADIOCITY,INE919I01024,MUSIC BROADCAST LIMITED,,True,EQ,EQ
RADIOWALLA,INE430U01019,RADIOWALLA NETWORK LTD,,True,SME,ST
RAILTEL,INE0DD101019,RAILTEL CORP OF IND LTD,,True,EQ,EQ
RAIN,INE855B01025,RAIN INDUSTRIES LIMITED,,True,EQ,EQ
RAINBOW,INE961O01016,RAINBOW CHILDRENS MED LTD,,True,EQ,EQ
RAJESHEXPO,INE343B01030,RAJESH EXPORTS LTD,,True,EQ,BZ
RAJINDLTD,INE0PCU01012,RAJPUTANA INDUSTRIES LTD,,True,SME,SM
RAJMET,INE00KV01022,RAJNANDINI METAL LIMITED,,True,EQ,EQ
RAJOOENG,INE535F01024,RAJOO ENGINEERS LIMITED,,True,EQ,BE
RAJPALAYAM,INE296E01026,RAJAPALAYAM MILLS LTD.,,True,EQ,EQ
RAJPUTANA,INE0VHU01019,RAJPUTANA BIODIESEL LTD,,True,SME,SM
RAJRATAN,INE451D01029,RAJRATAN GLOBAL WIRE LTD,,True,EQ,EQ
RAJRILTD,INE533D01032,RAJ RAYON INDUSTRIES LTD,,True,EQ,BE
RAJSREESUG,INE562B01019,RAJSHREE SUGAR & CHEMICAL,,True,EQ,EQ
RAJTV,INE952H01027,RAJ TV NETWORK LTD,,True,EQ,EQ
RALLIS,INE613A01020,RALLIS INDIA LTD,,True,EQ,EQ
RAMANEWS,INE278B01020,SHREE RAMA NEWSPRINT LTD,,True,EQ,EQ
RAMAPHO,INE809A01032,RAMA PHOSPHATES LIMITED,,True,EQ,EQ
RAMASTEEL,INE230R01035,RAMA STEEL TUBES LIMITED,,True,EQ,BE
RAMBHAJO,INE1SJO01012,ADVIT JEWELS LIMITED,,True,EQ,EQ
RAMCOCEM,INE331A01037,THE RAMCO CEMENTS LIMITED,,True,EQ,EQ
RAMCOIND,INE614A01028,RAMCO INDUSTRIES LIMITED,,True,EQ,EQ
RAMCOSYS,INE246B01019,RAMCO SYSTEMS LTD.,,True,EQ,EQ
RAMKY,INE874I01013,RAMKY INFRA LTD,,True,EQ,EQ
RAMRAT,INE207E01023,RAM RATNA WIRES LIMITED,,True,EQ,EQ
RANASUG,INE625B01014,RANA SUGARS LTD.,,True,EQ,EQ
RANEHOLDIN,INE384A01010,RANE HOLDINGS LIMITED,,True,EQ,EQ
RAPIDFLEET,INE0QX901013,RAPID FLEET MGT SERVICE L,,True,SME,SM
RAPPID,INE0MVO01012,RAPPID VALVES (INDIA) LTD,,True,SME,SM
RATEGAIN,INE0CLI01024,RATEGAIN TRAVEL TECHN LTD,,True,EQ,EQ
RATNA-RE,INE05CZ20011,RATNAVEER PRECISION LTD,,True,EQ,BE
RATNAMANI,INE703B01027,RATNAMANI MET & TUB LTD.,,True,EQ,EQ
RATNAVEER,INE05CZ01011,RATNAVEER PRECISION ENG L,,True,EQ,EQ
RAYMOND,INE301A01014,RAYMOND LTD,,True,EQ,EQ
RAYMONDLSL,INE02ID01020,RAYMOND LIFESTYLE LIMITED,,True,EQ,EQ
RAYMONDREL,INE1SY401010,RAYMOND REALTY LIMITED,,True,EQ,EQ
RBA,INE07T201019,RESTAURANT BRAND ASIA LTD,,True,EQ,EQ
RBLBANK,INE976G01028,RBL BANK LIMITED,,True,EQ,EQ
RBMINFRA,INE0NA301016,RBM INFRACON LIMITED,,True,SME,SM
RBS,INE0RJH01010,RAMDEVBABA SOLVENT LTD,,True,SME,SM
RBZJEWEL,INE0PEQ01016,RBZ JEWELLERS LIMITED,,True,EQ,EQ
RCDL,INE0BZQ01011,RAJGOR CASTOR DERIVATI L,,True,SME,SM
RCDL-RE,INE0BZQ20011,RAJGOR CAST DERIVATI LTD,,True,SME,ST
RCF,INE027A01015,RASHTRIYA CHEMICALS & FER,,True,EQ,EQ
RCOM,INE330H01018,RELIANCE COMMUNICATIONS L,,True,EQ,BE
READYMIX,INE10QL01011,READYMIX CONSTRU MACHI L,,True,SME,SM
RECLTD,INE020B01018,REC LIMITED,,True,EQ,EQ
REDINGTON,INE891D01026,REDINGTON LIMITED,,True,EQ,EQ
REDTAPE,INE0LXT01019,REDTAPE LIMITED,,True,EQ,EQ
REFEX,INE056I01025,REFEX INDUSTRIES LIMITED,,True,EQ,EQ
REFRACTORY,INE0TNX01015,REFRACTORY SHAPES LIMITED,,True,SME,SM
REGAAL,INE0MHO01029,REGAAL RESOURCES LIMITED,,True,EQ,EQ
REGENCERAM,INE277C01012,REGENCY CERAMICS LTD.,,True,EQ,EQ
RELAXO,INE131B01039,RELAXO FOOT LTD.,,True,EQ,EQ
RELCHEMQ,INE750D01016,RELIANCE CHEMOTEX IND LTD,,True,EQ,EQ
RELIABLE,INE375Y01018,RELIABLE DATA SERVICE LTD,,True,EQ,EQ
RELIANCE,INE002A01018,RELIANCE INDUSTRIES LTD,,True,EQ,EQ
RELIGARE,INE621H01010,RELIGARE ENTER. LTD.,,True,EQ,EQ
RELINFRA,INE036A01016,RELIANCE INFRASTRUCTU LTD,,True,EQ,BE
RELTD,INE206N01018,RAVINDRA ENERGY LIMITED,,True,EQ,EQ
REMSONSIND,INE474C01023,REMSONS INDUSTRIES LTD,,True,EQ,EQ
REMUS,INE0O5T01011,REMUS PHARMACEUTICALS L,,True,SME,SM
RENUKA,INE087H01022,SHREE RENUKA SUGARS LTD,,True,EQ,EQ
REPCOHOME,INE612J01015,REPCO HOME FINANCE LTD,,True,EQ,EQ
REPL,INE364Z01019,RUDRABHISHEK ENTERP LTD,,True,EQ,BE
REPRO,INE461B01014,REPRO INDIA LIMITED,,True,EQ,EQ
RESPONIND,INE688D01026,RESPONSIVE INDUSTRIES LTD,,True,EQ,EQ
RETAIL,INE03DD01011,JHS SVENDGAARD RETAIL V L,,True,EQ,EQ
REXPRO,INE113601012,REXPRO ENTERPRISES LTD,,True,SME,SM
RFBL,INE0V2V01015,RFBL FLEXI PACK LIMITED,,True,SME,ST
RGL,INE722H01024,RENAISSANCE GLOBAL LTD,,True,EQ,EQ
RHETAN,INE0KKN01029,RHETAN TMT LIMITED,,True,EQ,EQ
RHFL,INE217K01011,RELIANCE HOME FINANCE LTD,,True,EQ,BZ
RHIM,INE743M01012,RHI MAGNESITA INDIA LTD,,True,EQ,EQ
RHL,INE508K01013,ROBUST HOTELS LIMITED,,True,EQ,EQ
RICHA,INE0J1P01015,RICHA INFO SYSTEMS LTD,,True,SME,ST
RICOAUTO,INE209B01025,RICO AUTO INDUSTRIES LTD,,True,EQ,EQ
RIIL,INE046A01015,RELIANCE INDUSTRIAL INFRA,,True,EQ,EQ
RIIT,INE2PB023011,RAAJMARG INFRA INVEST T,,True,INVIT,IV
RILINFRA,INE02OY01016,RACHANA INFRA LTD,,True,SME,SM
RIR,INE302D01024,RIR POWER ELECTRONICS L,,True,EQ,EQ
RISHABH,INE0N2P01017,RISHABH INSTRUMENTS LTD,,True,EQ,EQ
RITCO,INE01EG01016,RITCO LOGISTICS LIMITED,,True,EQ,EQ
RITES,INE320J01015,RITES LIMITED,,True,EQ,EQ
RITEZONE,INE0MRA01019,RITE ZONE CHEMCON IND LTD,,True,SME,SM
RKDL,INE722J01012,RAVI KUMAR DIST. LTD.,,True,EQ,EQ
RKEC,INE786W01010,RKEC PROJECTS LIMITED,,True,EQ,EQ
RKFORGE,INE399G01023,RAMKRISHNA FORGINGS LTD,,True,EQ,EQ
RKSWAMY,INE0NQ801033,R K SWAMY LIMITED,,True,EQ,EQ
RMC,INE655V01019,RMC SWITCHGEARS LIMITED,,True,EQ,EQ
RMDRIP,INE219Y01026,R M DRIP & SPRINK SYS LTD,,True,EQ,BE
RML,INE050H01012,RANE (MADRAS) LIMITED,,True,EQ,EQ
RNBDENIMS,INE012Q01039,R&B DENIMS LIMITED,,True,EQ,EQ
RNFI,INE0SA001017,RNFI SERVICES LIMITED,,True,SME,SM
RNPL,INE0VZX01015,RENOL POLYCHEM LIMITED,,True,SME,SM
ROCKINGDCE,INE0PTR01012,ROCKINGDEALS CIRCU ECO L,,True,SME,SM
ROHLTD,INE283H01019,ROYAL ORCHID HOTELS LTD,,True,EQ,EQ
ROLEXRINGS,INE645S01024,ROLEX RINGS LIMITED,,True,EQ,EQ
ROLLT,INE927A01040,ROLLATAINERS LIMITED,,True,EQ,BE
ROML,INE294G01026,RAJ OIL MILLS LIMITED,,True,EQ,EQ
ROSSARI,INE02A801020,ROSSARI BIOTECH LIMITED,,True,EQ,EQ
ROSSELLIND,INE847C01020,ROSSELL INDIA LIMITED,,True,EQ,EQ
ROSSTECH,INE0OJW01016,ROSSELL TECHSYS LIMITED,,True,EQ,EQ
ROTO,INE535D01037,ROTO PUMPS LIMITED,,True,EQ,EQ
ROUTE,INE450U01017,ROUTE MOBILE LIMITED,,True,EQ,EQ
ROXHITECH,INE0PDJ01013,ROX HI TECH LIMITED,,True,SME,SM
ROYALARC,INE0EO401019,ROYAL ARC ELECTRODES LTD,,True,SME,SM
RPEL,INE912T01018,RAGHAV PRODUCTIVITY ENH L,,True,EQ,EQ
RPGLIFE,INE105J01010,RPG LIFE SCIENCES LTD,,True,EQ,EQ
RPOWER,INE614G01033,RELIANCE POWER LTD.,,True,EQ,EQ
RPPINFRA,INE324L01013,R.P.P INFRA PROJECTS LTD,,True,EQ,EQ
RPPL,INE760W01023,RAJSHREE POLYPACK LTD,,True,EQ,BE
RPSGVENT,INE425Y01011,RPSG VENTURES LIMITED,,True,EQ,EQ
RPTECH,INE0J1F01024,RASHI PERIPHERALS LIMITED,,True,EQ,EQ
RRECL,INE0AK901016,RDB REAL ESTATE CONS L,,True,EQ,EQ
RRIL,INE951M01037,R R I L LTD.,,True,EQ,EQ
RRKABEL,INE777K01022,R R KABEL LIMITED,,True,EQ,EQ
RSDFIN,INE616F01022,R S D FINANCE LTD.,,True,EQ,BE
RSL,INE313L01016,RAJPUTANA STAINLESS LTD,,True,EQ,EQ
RSSOFTWARE,INE165B01029,R. S. SOFTWARE (INDIA) LI,,True,EQ,EQ
RSWM,INE611A01016,RSWM LIMITED,,True,EQ,BE
RSYSTEMS,INE411H01032,R SYS INTERNATIONAL LTD,,True,EQ,EQ
RTNINDIA,INE834M01019,RATTANINDIA ENT LIMITED,,True,EQ,EQ
RTNPOWER,INE399K01017,RATTANINDIA POWER LIMITED,,True,EQ,EQ
RTSPOWR,INE005C01017,R T S POWER CORPN. LTD.,,True,EQ,EQ
RUBFILA,INE642C01025,RUBFILA INTERNATIONAL LTD,,True,EQ,EQ
RUBICON,INE506V01022,RUBICON RESEARCH LIMITED,,True,EQ,EQ
RUBYMILLS,INE301D01026,THE RUBY MILLS LTD,,True,EQ,BE
RUCHINFRA,INE413B01023,RUCHI INFRASTRUCTURE LTD,,True,EQ,EQ
RUCHIRA,INE803H01014,RUCHIRA PAPERS LIMITED,,True,EQ,EQ
RUDRA,INE027T01023,RUDRA GLOBAL INFRA PROD L,,True,EQ,EQ
RULKA,INE0R7301013,RULKA ELECTRICALS LIMITED,,True,SME,SM
RUPA,INE895B01021,RUPA & COMPANY LTD,,True,EQ,EQ
RUSHIL,INE573K01025,RUSHIL DECOR LIMITED,,True,EQ,EQ
RUSTOMJEE,INE263M01029,KEYSTONE REALTORS LIMITED,,True,EQ,EQ
RVHL,INE09E501017,RAVINDER HEIGHTS LIMITED,,True,EQ,EQ
RVNL,INE415G01027,RAIL VIKAS NIGAM LIMITED,,True,EQ,EQ
RVTH,INE0DAB01012,REVATHI EQUIPMENT INDIA L,,True,EQ,EQ
S&SPOWER,INE902B01017,S&S POWER SWITCHGEARS LTD,,True,EQ,EQ
SAAKSHI,INE0PSK01027,SAAKSHI MEDTEC N PANELS L,,True,SME,ST
SAATVIKGL,INE13B501022,SAATVIK GREEN ENERGY LTD,,True,EQ,EQ
SABAR,INE0DZ101013,SABAR FLEX INDIA LIMITED,,True,SME,ST
SACHEEROME,INE1ARD01016,SACHEEROME LIMITED,,True,SME,SM
SADBHAV,INE226H01026,SADBHAV ENGINEERING LTD,,True,EQ,EQ
SADBHIN,INE764L01010,SADBHAV INFRA PROJ LTD.,,True,EQ,BE
SADHAV,INE0K5H01010,SADHAV SHIPPING LIMITED,,True,SME,SM
SADHNANIQ,INE888C01040,SADHANA NITROCHEM LIMITED,,True,EQ,BE
SAFARI,INE429E01023,SAFARI IND (INDIA) LTD,,True,EQ,EQ
SAFEENTP,INE17D601016,SAFE ENTER RETAIL FIX LTD,,True,SME,SM
SAGARDEEP,INE976T01013,SAGARDEEP ALLOYS LIMITED,,True,EQ,EQ
SAGCEM,INE229C01021,SAGAR CEMENTS LIMITED,,True,EQ,EQ
SAGILITY,INE0W2G01015,SAGILITY LIMITED,,True,EQ,EQ
SAHAJSOLAR,INE0P4701011,SAHAJ SOLAR LIMITED,,True,SME,SM
SAHANA,INE0LEX01011,SAHANA SYSTEM LIMITED,,True,SME,SM
SAHASRA,INE0RBQ01018,SAHASRA ELECTRONIC SOLU L,,True,SME,ST
SAHLIBHFI,INE861D01011,SHALIBHADRA FINANCE LTD,,True,EQ,EQ
SAHYADRI,INE280H01015,SAHYADRI INDUSTRIES LTD,,True,EQ,EQ
SAICAPI,INE531X01018,SAI CAPITAL LTD.,,True,EQ,EQ
SAIFL,INE0PZA01015,SAMEERA AGRO AND INFRA L,,True,SME,SM
SAIL,INE114A01011,STEEL AUTHORITY OF INDIA,,True,EQ,EQ
SAILIFE,INE570L01029,SAI LIFE SCIENCES LIMITED,,True,EQ,EQ
SAIPARENT,INE0H9F01037,SAI PARENTERALS LIMITED,,True,EQ,EQ
SAKAR,INE732S01012,SAKAR HEALTHCARE LIMITED,,True,EQ,EQ
SAKHTISUG,INE623A01011,SAKTHI SUGARS LTD,,True,EQ,EQ
SAKSOFT,INE667G01023,SAKSOFT LIMITED,,True,EQ,EQ
SAKUMA,INE190H01024,SAKUMA EXPORTS LIMITED,,True,EQ,EQ
SALASAR,INE170V01027,SALASAR TECHNO ENGG. LTD.,,True,EQ,EQ
SALONA,INE498E01010,SALONA COTSPIN LTD.,,True,EQ,EQ
SALSTEEL,INE658G01014,S.A.L. STEEL LTD.,,True,EQ,EQ
SALZERELEC,INE457F01013,SALZER ELECTRONICS LTD,,True,EQ,EQ
SAMBANDAM,INE304D01012,SAMBANDAM SPINNING MILL L,,True,EQ,EQ
SAMBHAAV,INE699B01027,SAMBHAAV MEDIA LTD,,True,EQ,EQ
SAMBHV,INE12NJ01018,SAMBHV STEEL TUBES LTD,,True,EQ,EQ
SAMHI,INE08U801020,SAMHI HOTELS LIMITED,,True,EQ,EQ
SAMMAANCAP,INE148I01020,SAMMAAN CAPITAL LIMITED,,True,EQ,EQ
SAMPANN,INE735M01018,SAMPANN UTPADAN INDIA LTD,,True,EQ,EQ
SANATHAN,INE0JPD01013,SANATHAN TEXTILES LIMITED,,True,EQ,EQ
SANDESH,INE583B01015,SANDESH LTD,,True,EQ,EQ
SANDHAR,INE278H01035,SANDHAR TECHNOLOGIES LTD,,True,EQ,EQ
SANDUMA,INE149K01016,SANDUR MANG & IRON ORES L,,True,EQ,EQ
SANGAMIND,INE495C01010,SANGAM (INDIA) LTD,,True,EQ,EQ
SANGANI,INE0OVI01010,SANGANI HOSPITALS LIMITED,,True,SME,SM
SANGHVIMOV,INE989A01032,SANGHVI MOVERS LTD,,True,EQ,EQ
SANGINITA,INE753W01010,SANGINITA CHEMICALS LTD,,True,EQ,BE
SANOFI,INE058A01010,SANOFI INDIA LIMITED,,True,EQ,EQ
SANOFICONR,INE0UOS01011,SANOFI CONS HEALTHC IND L,,True,EQ,EQ
SANSERA,INE953O01021,SANSERA ENGINEERING LTD,,True,EQ,EQ
SANSTAR,INE08NE01025,SANSTAR LIMITED,,True,EQ,EQ
SANWARIA,INE890C01046,SANWARIA CONSUMER LIMITED,,True,EQ,BZ
SAPPHIRE,INE806T01020,SAPPHIRE FOODS INDIA LTD,,True,EQ,EQ
SAPPL,INE185C01017,SHREE AJIT PULP & PAPER L,,True,EQ,EQ
SARDAEN,INE385C01021,SARDA ENERGY & MIN LTD,,True,EQ,EQ
SAREGAMA,INE979A01025,SAREGAMA INDIA LIMITED,,True,EQ,EQ
SARLAPOLY,INE453D01025,SARLA PERF. FIBERS LTD,,True,EQ,EQ
SAROJA,INE0PCL01011,SAROJA PHARMA INDUS IND L,,True,SME,SM
SARTELE,INE0PUC01020,SAR TELEVENTURE LIMITED,,True,SME,SM
SARVESHWAR,INE324X01026,SARVESHWAR FOODS LIMITED,,True,EQ,EQ
SASKEN,INE231F01020,SASKEN TECHNOLOGIES LTD,,True,EQ,EQ
SATECH,INE0BSN01013,S A TECH SOFTWARE INDIA L,,True,SME,SM
SATIA,INE170E01023,SATIA INDUSTRIES LIMITED,,True,EQ,EQ
SATIN,INE836B01017,SATIN CREDIT NET LTD,,True,EQ,EQ
SATIPOLY,INE0RPM01017,SATI POLY PLAST LIMITED,,True,SME,ST
SATKARTAR,INE0NB801022,SAT KARTAR LIFE LIMITED,,True,SME,SM
SATTVAENGG,INE14DW01018,SATTVA ENGINEERING CSTN L,,True,SME,SM
SAURASHCEM,INE626A01014,SAURASHTRA CEMENT LIMITED,,True,EQ,EQ
SAVY,INE0UCN01017,SAVY INFRA AND LOGI LTD,,True,SME,SM
SAWALIYA,INE10VS01016,SAWALIYA FOOD PRODUCTS L,,True,SME,SM
SAYAJIHOTL,INE318C01014,SAYAJI HOTELS LTD.,,True,EQ,EQ
SAYAJIIND,INE327G01032,SAYAJI INDUSTRIES LTD.,,True,EQ,EQ
SBC,INE04AK01028,SBC EXPORTS LIMITED,,True,EQ,EQ
SBCL,INE386D01027,SHIVALIK BIMETAL CON. LTD,,True,EQ,EQ
SBFC,INE423Y01016,SBFC FINANCE LIMITED,,True,EQ,EQ
SBGLP,INE05ST01028,SURATWWALA BUS GROUP LTD,,True,EQ,EQ
SBIBPB,INF200KB1712,SBIAMC - SBIBPB,,True,ETF,EQ
SBICARD,INE018E01016,SBI CARDS & PAY SER LTD,,True,EQ,EQ
SBIETFCON,INF200KA1X17,SBIAMC - SBIETFCON,,True,ETF,EQ
SBIETFIT,INF200KA1S14,SBIAMC - SBIETFIT,,True,ETF,EQ
SBIETFPB,INF200KA1S22,SBIAMC - SBIETFPB,,True,ETF,EQ
SBIETFQLTY,INF200KA1WX6,SBIAMC - SBIETFQLTY,,True,ETF,EQ
SBIFUNDS,INE640G01020,SBI FUNDS MANAGEMENT LTD,,True,EQ,EQ
SBILIFE,INE123W01016,SBI LIFE INSURANCE CO LTD,,True,EQ,EQ
SBILIQETF,INF200KB1969,SBIAMC - SBILIQETF,,True,ETF,EQ
SBIMIDMOM,INF200KB1AJ0,SBIAMC - SBIMIDMOM,,True,ETF,EQ
SBIN,INE062A01020,STATE BANK OF INDIA,,True,EQ,EQ
SBINEQWETF,INF200KB1282,SBIAMC - SBINEQWETF,,True,ETF,EQ
SBINMID150,INF200KB1AK8,SBIAMC - SBINMID150,,True,ETF,EQ
SBISILVER,INF200KB1217,SBIAMC - SBISILVER,,True,ETF,EQ
SBISMLETF,INF200KB1AY9,SBIAMC - SBISMLETF,,True,ETF,EQ
SBIVALETF,INF200KB1AX1,SBIAMC - SBIVALETF,,True,ETF,EQ
SCANSTL,INE099G01011,SCAN STEELS LTD.,,True,EQ,BE
SCHAEFFLER,INE513A01022,SCHAEFFLER INDIA LIMITED,,True,EQ,EQ
SCHAND,INE807K01035,S CHAND AND COMPANY LTD,,True,EQ,EQ
SCHNEIDER,INE839M01018,SCHNEIDER ELECTRIC INFRA,,True,EQ,EQ
SCI,INE109A01011,SHIPPING CORP OF INDIA LT,,True,EQ,EQ
SCILAL,INE0PB301013,SHIPPING CORP OF ILA LTD,,True,EQ,EQ
SCML,INE460Q01014,SHARP CHUCKS N MACHINES L,,True,SME,SM
SCODATUBES,INE090501011,SCODA TUBES LIMITED,,True,EQ,EQ
SCPL,INE501Y01019,SHEETAL COOL PRODUCTS LTD,,True,EQ,BE
SDBL,INE480C01038,SOM DIST & BREW LTD,,True,EQ,EQ
SDREAMS,INE0X6F01017,S D RETAIL LIMITED,,True,SME,SM
SEAMECLTD,INE497B01018,SEAMEC LIMITED,,True,EQ,EQ
SECMARK,INE0BTM01013,SECMARK CONSULTANCY LTD,,True,EQ,EQ
SECURKLOUD,INE650K01021,SECUREKLOUD TECH LIMITED,,True,EQ,EQ
SEDEMAC,INE00XB01019,SEDEMAC MECHATRONICS LTD,,True,EQ,EQ
SEIL,INE440T01028,SHANTI EDU INITIATIVES L,,True,EQ,EQ
SEJALLTD,INE955I01044,SEJAL GLASS LIMITED,,True,EQ,EQ
SEKURITIND,INE068B01017,SAINT GOBAIN SEKUR IND L,,True,EQ,EQ
SEL,INE0O3O01017,SUNGARNER ENERGIES LTD,,True,SME,SM
SELECTIPO,INF769K01ON4,MIRAEAMC - SELECTIPO,,True,ETF,EQ
SELLOWRAP,INE0IJF01013,SELLOWRAP INDUSTRIES LTD,,True,SME,SM
SELMC,INE105I01020,SEL MANUFACTURING CO LTD,,True,EQ,EQ
SENCO,INE602W01027,SENCO GOLD LIMITED,,True,EQ,EQ
SENORES,INE0RB801010,SENORES PHARMACEUTICALS L,,True,EQ,EQ
SENSEXADD,INF740KA1SZ6,DSPAMC - DSPSENXETF,,True,ETF,EQ
SENSEXAXIS,INF846K010Q0,AXISAMC-SENSEXAXIS,,True,ETF,EQ
SENSEXBETA,INF789FB1X58,UTIAMC-SENSEXBETA,,True,ETF,EQ
SENSEXETF,INF769K01KT9,MIRAEAMC - SENSEXETF,,True,ETF,EQ
SENSEXIETF,INF346A01034,ICICI PRUD SENSEX ETF,,True,ETF,EQ
SEPC,INE964H01014,SEPC LIMITED,,True,EQ,EQ
SERVICE,INE0P1Q01015,SERVICE CARE LIMITED,,True,SME,SM
SERVOTECH,INE782X01033,SERVOTECH REN POW SYS LTD,,True,EQ,EQ
SESHAPAPER,INE630A01024,SESHASAYEE PAPER & BOARDS,,True,EQ,EQ
SETCO,INE878E01021,SETCO AUTOMOTIVE LTD,,True,EQ,BE
SETF10GILT,INF200KA1JT1,SBIAMC - SETF10GILT,,True,ETF,EQ
SETFGOLD,INF200KA16D8,SBI-ETF GOLD,,True,ETF,EQ
SETFNIF50,INF200KA1FS1,SBI-ETF NIFTY 50,,True,ETF,EQ
SETFNIFBK,INF200KA1580,SBI-ETF NIFTY BANK,,True,ETF,EQ
SETFNN50,INF200KA1598,SBI-ETF NIFTY NEXT 50,,True,ETF,EQ
SETL,INE0M4D01010,STANDARD ENGNG TCNLGY LTD,,True,EQ,EQ
SETUINFRA,INE023M01027,SETUBANDHAN INFRA LTD,,True,EQ,BZ
SEYAIND,INE573R01012,SEYA INDUSTRIES LIMITED,,True,EQ,BE
SFL,INE916U01025,SHEELA FOAM LIMITED,,True,EQ,EQ
SFML,INE0U6N01014,SUPREME FACILITY MGMT LTD,,True,SME,SM
SGBAPR28I,IN0020200062,2.50%GOLDBONDS2028SR-I,,True,EQ,GB
SGBAUG27,IN0020190107,2.50%GOLDBONDS2027SR-III,,True,EQ,GB
SGBAUG28V,IN0020200161,2.50%GOLDBONDS2028SR-V,,True,EQ,GB
SGBAUG29V,IN0020210129,2.50%GOLDBONDS2029SR-V,,True,EQ,GB
SGBAUG30,IN0020220078,2.50%GOLDBONDS2030SR-II,,True,EQ,GB
SGBD29VIII,IN0020210228,2.50%GOLDBONDS2029SR-VIII,,True,EQ,GB
SGBDC27VII,IN0020190461,2.50%GOLDBONDS2027SR-VII,,True,EQ,GB
SGBDE30III,IN0020220110,2.50%GOLDBONDS2030SR-III,,True,EQ,GB
SGBDE31III,IN0020230168,2.50%GOLDBONDS2031SR-III,,True,EQ,GB
SGBDEC26,IN0020180389,2.50%GOLDBONDS2026SR-IV,,True,EQ,GB
SGBFEB27,IN0020180561,2.50%GOLDBONDS2027SR-VI,,True,EQ,GB
SGBFEB28IX,IN0020190545,2.50%GOLDBONDS2028SR-IX,,True,EQ,GB
SGBFEB29XI,IN0020200393,2.50%GOLDBONDS2029SR-XI,,True,EQ,GB
SGBFEB32IV,IN0020230184,2.50%GOLDBONDS2032SR-IV,,True,EQ,GB
SGBJ28VIII,IN0020190537,2.50%GOLDBONDS2028SR-VIII,,True,EQ,GB
SGBJAN27,IN0020180462,2.50%GOLDBONDS2027SR-V,,True,EQ,GB
SGBJAN29IX,IN0020200377,2.50%GOLDBONDS2029SR-IX,,True,EQ,GB
SGBJAN29X,IN0020200385,2.50%GOLDBONDS2029SR-X,,True,EQ,GB
SGBJAN30IX,IN0020210236,2.50%GOLDBONDS2030SR-IX,,True,EQ,GB
SGBJU29III,IN0020210087,2.5%GOLDBONDS2029SR-III,,True,EQ,GB
SGBJUL27,IN0020190081,2.50%GOLDBONDS2027SR-II,,True,EQ,GB
SGBJUL28IV,IN0020200146,2.50%GOLDBONDS2028SR-IV,,True,EQ,GB
SGBJUL29IV,IN0020210111,2.50%GOLDBONDS2029SR-IV,,True,EQ,GB
SGBJUN27,IN0020190073,2.50%GOLDBONDS2027SR-I,,True,EQ,GB
SGBJUN28,IN0020200104,2.5%GOLDBONDS2028SR-III,,True,EQ,GB
SGBJUN29II,IN0020210061,2.5%GOLDBONDS2029SR-II,,True,EQ,GB
SGBJUN30,IN0020220045,2.50%GOLDBONDS2030SR-I,,True,EQ,GB
SGBJUN31I,IN0020230069,2.50%GOLDBONDS2031SR-I,,True,EQ,GB
SGBMAR28X,IN0020190552,2.50%GOLDBONDS2028SR-X,,True,EQ,GB
SGBMAR30X,IN0020210319,2.50%GOLDBONDS2030SR-X,,True,EQ,GB
SGBMAR31IV,IN0020220169,2.50%GOLDBONDS2031SR-IV,,True,EQ,GB
SGBMAY28,IN0020200088,2.50%GOLDBONDS2028SR-II,,True,EQ,GB
SGBMAY29I,IN0020210053,2.5%GOLDBONDS2029SR-I,,True,EQ,GB
SGBMR29XII,IN0020200427,2.50%GOLDBONDS2029SR-XII,,True,EQ,GB
SGBN28VIII,IN0020200286,2.5%GOLDBONDS2028SR-VIII,,True,EQ,GB
SGBNV29VII,IN0020210178,2.5%GOLDBONDS2029SR-VII,,True,EQ,GB
SGBOC28VII,IN0020200203,2.50%GOLDBONDS2028SR-VII,,True,EQ,GB
SGBOCT26,IN0020180249,2.50%GOLDBONDS2026SR-II,,True,EQ,GB
SGBOCT27,IN0020190370,2.50%GOLDBONDS2027SR-V,,True,EQ,GB
SGBOCT27VI,IN0020190388,2.50%GOLDBONDS2027SR-VI,,True,EQ,GB
SGBSEP27,IN0020190115,2.50%GOLDBONDS2027SR-IV,,True,EQ,GB
SGBSEP28VI,IN0020200195,2.50%GOLDBONDS2028SR-VI,,True,EQ,GB
SGBSEP29VI,IN0020210145,2.5%GOLDBONDS2029SR-VI,,True,EQ,GB
SGBSEP31II,IN0020230093,2.50%GOLDBONDS2031SR-II,,True,EQ,GB
SGFIN,INE618R01015,SG FINSERVE LIMITED,,True,EQ,EQ
SGIL,INE00QT01015,SYNERGY GREEN IND. LTD,,True,EQ,EQ
SGL,INE353H01010,STL GLOBAL LIMITED,,True,EQ,EQ
SGLRES,INE967B01028,SGL RESOURCES LIMITED,,True,EQ,EQ
SGMART,INE385F01024,SG MART LIMITED,,True,EQ,EQ
SGRL,INE414Y01015,SHREE GANESH REMEDIES LTD,,True,EQ,EQ
SHADOWFAX,INE12UN01015,SHADOWFAX TECHNOLOGIES L,,True,EQ,EQ
SHAH,INE482J01021,SHAH METACORP LIMITED,,True,EQ,EQ
SHAHALLOYS,INE640C01011,SHAH ALLOYS LIMITED,,True,EQ,EQ
SHAILY,INE151G01028,SHAILY ENG PLASTICS LTD,,True,EQ,EQ
SHAKTIPUMP,INE908D01010,SHAKTI PUMPS (I) LTD,,True,EQ,EQ
SHALBY,INE597J01018,SHALBY LIMITED,,True,EQ,EQ
SHALPAINTS,INE849C01026,SHALIM PAINTS LTD,,True,EQ,BE
SHANKARA,INE274V01019,SHANKARA BLDG PRODUCT LTD,,True,EQ,EQ
SHANKESH,INE1WFC01025,SHANKESH JEWELLERS LTD,,True,EQ,EQ
SHANTI,INE933X01016,SHANTI OVERSEAS INDIA LTD,,True,EQ,EQ
SHANTIGEAR,INE631A01022,SHANTHI GEARS LTD,,True,EQ,EQ
SHANTIGOLD,INE06ZD01017,SHANTI GOLD INTERNATION L,,True,EQ,EQ
SHARDACROP,INE221J01015,SHARDA CROPCHEM LTD.,,True,EQ,EQ
SHARDAMOTR,INE597I01028,SHARDA MOTOR INDS LTD,,True,EQ,EQ
SHARDUL,INE037B01020,SHARDUL SECURITIES LTD.,,True,EQ,BE
SHAREINDIA,INE932X01026,SHARE IND. SECURITIES LTD,,True,EQ,EQ
SHARIABEES,INF732E01128,NIP IND ETF SHARIAH BEES,,True,ETF,EQ
SHBAJRG,INE402H01015,SHRI BAJRANG ALLIANCE L,,True,EQ,EQ
SHEETAL,INE04VX01019,SHEETAL UNIVERSAL LIMITED,,True,SME,SM
SHEKHAWATI,INE268L01046,SHEKHAWATI INDUSTRIES LTD,,True,EQ,BE
SHEMAROO,INE363M01019,SHEMAROO ENTER. LTD.,,True,EQ,BE
SHERA,INE0MM001019,SHERA ENERGY LIMITED,,True,SME,SM
SHERVANI,INE011D01013,SHERVANI INDUSTRIAL SYN L,,True,EQ,EQ
SHETHJI,INE1FL101016,SHREEJI GLOBAL FMCG LTD,,True,SME,SM
SHIGAN,INE03KJ01013,SHIGAN QUANTUM TECH LTD,,True,SME,SM
SHILCTECH,INE024F01011,SHILCHAR TECHNOLOGIES LTD,,True,EQ,EQ
SHILGRAVQ,INE960A01017,SHILP GRAVURES LTD.,,True,EQ,EQ
SHILPAMED,INE790G01031,SHILPA MEDICARE LTD,,True,EQ,EQ
SHINDL,INE220Z01013,SHARAT INDUSTRIES LTD.,,True,EQ,EQ
SHIPROCKET,INE0FOO01011,SHIPROCKET LIMITED,,True,EQ,EQ
SHIVAAGRO,INE960E01019,SHIVA GLOBAL AGRO INDS. L,,True,EQ,EQ
SHIVACEM,INE555C01029,SHIVA CEMENT LTD.,,True,EQ,EQ
SHIVALIK,INE788J01021,SHIVALIK RASAYAN LIMITED,,True,EQ,BE
SHIVAMAUTO,INE637H01024,SHIVAM AUTO.LTD,,True,EQ,EQ
SHIVAMILLS,INE644Y01017,SHIVA MILLS LIMITED,,True,EQ,EQ
SHIVASHRIT,INE1DLF01018,SHIVASHRIT FOODS LIMITED,,True,SME,SM
SHIVATEX,INE705C01020,SHIVA TEXYARN LIMITED,,True,EQ,EQ
SHIVAUM,INE719F01016,SHIV AUM STEELS LIMITED,,True,EQ,EQ
SHK,INE500L01026,S H KELKAR AND CO. LTD.,,True,EQ,EQ
SHKSIL,INE0NON01025,SHRI HARE-KRI SPO IRON L,,True,SME,SM
SHOPERSTOP,INE498B01024,SHOPPERS STOP LIMITED,,True,EQ,EQ
SHRADDHA,INE311M01018,SHRADDHA PRIME PROJECTS L,,True,EQ,EQ
SHRADHA,INE715Y01031,SHRADHA REALTY LIMITED,,True,EQ,EQ
SHREDIGCEM,INE232A01011,SHREE DIGVIJAY CEM CO LTD,,True,EQ,EQ
SHREECEM,INE070A01015,SHREE CEMENT LIMITED,,True,EQ,EQ
SHREEDHAR,INE0K3301012,SHREEDHAR SPINNERS LTD,,True,SME,ST
SHREEJISPG,INE1B6101010,SHREEJI SHIPPING GLOBAL L,,True,EQ,EQ
SHREEKARNI,INE0S4Y01010,SHREE KARNI FABCOM LTD,,True,SME,SM
SHREEOSFM,INE02S501018,SHREE OSFM E-MOBILITY LTD,,True,SME,SM
SHREEPUSHK,INE712K01011,SHRE PUSH CHEM & FERT LTD,,True,EQ,EQ
SHREERAMA,INE879A01019,SHREE RAMA MULTI TECH LTD,,True,EQ,EQ
SHREMINVIT,INE0GTI23014,SHREM INVIT,,True,INVIT,IV
SHRENIK,INE632X01030,SHRENIK LIMITED,,True,EQ,BZ
SHREYANIND,INE231C01019,SHREYANS INDUSTRIES LTD,,True,EQ,EQ
SHRIAHIMSA,INE0DM401012,SHRI AHIMSA NATURALS LTD,,True,SME,ST
SHRIKANHA,INE1V4601019,SHRI KANHA STAINLESS LTD,,True,SME,SM
SHRIKRISH,INE997I01012,SHRI KRISHNA DEVCON LTD.,,True,EQ,EQ
SHRINGARMS,INE1B3L01017,SHRINGAR HOU OF MANGALS L,,True,EQ,EQ
SHRIPISTON,INE526E01018,SPR AUTO TECHNOLOGIES LTD,,True,EQ,EQ
SHRIRAMFIN,INE721A01047,SHRIRAM FINANCE LIMITED,,True,EQ,EQ
SHRIRAMPPS,INE217L01019,SHRIRAM PROPERTIES LTD,,True,EQ,EQ
SHRITECH,INE0OMF01015,SHRI TECHTEX LIMITED,,True,SME,SM
SHRJAGP,INE564J01026,SHRI JAGDAMBA POLYMERS L,,True,EQ,EQ
SHUBHLAXMI,INE01Z401013,SHUBHLAXMI JEWEL ART LTD,,True,SME,SM
SHUBHSHREE,INE0UL701015,SHUBHSHREE BIOFUELS ENE L,,True,SME,SM
SHUKRAPHAR,INE551C01044,SHUKRA PHARMACEUTICALS L,,True,EQ,EQ
SHYAMCENT,INE979R01011,SHYAM CENTURY FERROUS LTD,,True,EQ,BE
SHYAMDHANI,INE1CRP01016,SHYAM DHANI INDUSTRIES L,,True,SME,ST
SHYAMMETL,INE810G01011,SHYAM METALICS AND ENGY L,,True,EQ,EQ
SHYAMTEL,INE635A01023,SHYAM TELECOM LIMITED,,True,EQ,EQ
SICAGEN,INE176J01011,SICAGEN INDIA LIMITED,,True,EQ,EQ
SICALLOG,INE075B01020,SICAL LOGISTICS LIMITED,,True,EQ,BE
SIDDHICOTS,INE0SVO01019,SIDDHI COTSPIN LIMITED,,True,SME,SM
SIDDHIKA,INE0A1E01018,SIDDHIKA COATINGS LIMITED,,True,SME,SM
SIEL,INE843L01012,SUPERIOR INDUSTRIAL ENT L,,True,EQ,EQ
SIEMENS,INE003A01024,SIEMENS LTD,,True,EQ,EQ
SIGACHI,INE0D0K01022,SIGACHI INDUSTRIES LTD,,True,EQ,EQ
SIGIND,INE529F01035,SIGNET INDUSTRIES LIMITED,,True,EQ,BE
SIGMA,INE0A0S01028,SIGMA SOLVE LIMITED,,True,EQ,EQ
SIGMAADV,INE933B01012,SIGMA ADVANCED SYSTEM LTD,,True,EQ,BE
SIGNATURE,INE903U01023,SIGNATUREGLOBAL INDIA LTD,,True,EQ,EQ
SIGNPOST,INE0KGZ01021,SIGNPOST INDIA LIMITED,,True,EQ,EQ
SIKA,INE438E01032,SIKA INTERPLANT SYSTEMS L,,True,EQ,EQ
SIKKO,INE112X01025,SIKKO INDUSTRIES LIMITED,,True,EQ,BE
SIL,INE173A01025,STANDARD INDUSTRIES LTD.,,True,EQ,EQ
SILGO,INE01II01013,SILGO RETAIL LIMITED,,True,EQ,EQ
SILINV,INE923A01015,SIL INVESTMENTS LIMITED,,True,EQ,EQ
SILKFLEX,INE0STN01015,SILKFLEX POLYMERS INDIA L,,True,SME,SM
SILKY,INE0SN801015,SILKY OVERSEAS LIMITED,,True,SME,SM
SILLYMONKS,INE203Y01012,SILLY MONKS ENTERTAIN LTD,,True,EQ,EQ
SILVER,INF209KB19F6,BIRLASLAMC - SILVER,,True,ETF,EQ
SILVER001,INF966L01EI5,QUANT_AMC - SILVER001,,True,ETF,EQ
SILVER1,INF174KA1ZD3,KOTAKMAMC - KOTAKSILVE,,True,ETF,EQ
SILVER360,INF579M01BC3,360ONEAMC - SILVER360,,True,ETF,EQ
SILVERADD,INF740KA1ZQ0,DSPAMC - DSPSILVETF,,True,ETF,EQ
SILVERAG,INF769K01KG6,MIRAEAMC - MASILVER,,True,ETF,EQ
SILVERAXIS,INF846K011K1,AXISAMC-SILVERAXIS,,True,ETF,EQ
SILVERBEES,INF204KC1402,NIPPONAMC - NETFSILVER,,True,ETF,EQ
SILVERBETA,INF789F1AYK6,UTIAMC-SILVERBETA,,True,ETF,EQ
SILVERBND,INF194KB1KI9,BANDHANAMC - SILVERBND,,True,ETF,EQ
SILVERCASE,INF0R8F01091,ZERODHAAMC - SILVERCASE,,True,ETF,EQ
SILVERIETF,INF109KC1Y56,ICICIPRAMC - ICICISILVE,,True,ETF,EQ
SILVERTUC,INE625X01026,SILVER TOUCH TECHNO LTD,,True,EQ,EQ
SIMBHALS,INE748T01016,SIMBHAOLI SUGARS LTD.,,True,EQ,BZ
SIMCA,INE1K4J01018,SIMCA ADVERTISING LIMITED,,True,SME,ST
SIMPLEXINF,INE059B01024,SIMPLEX INFRASTRUCTURES L,,True,EQ,EQ
SINCLAIR,INE985A01022,SINCLAIRS HOTELS LIMITED,,True,EQ,EQ
SINDHUTRAD,INE325D01025,SINDHU TRADE LINKS LTD,,True,EQ,EQ
SINGERIND,INE638A01035,SINGER INDIA LIMITED,,True,EQ,EQ
SINTERCOM,INE129Z01016,SINTERCOM INDIA LIMITED,,True,EQ,EQ
SIRCA,INE792Z01011,SIRCA PAINT INDIA LIMITED,,True,EQ,EQ
SIS,INE285J01028,SIS LIMITED,,True,EQ,EQ
SITINET,INE965H01011,SITI NETWORKS LIMITED,,True,EQ,BZ
SIYSIL,INE076B01028,SIYARAM SILK MILLS LTD,,True,EQ,EQ
SJLOGISTIC,INE0F3301020,S J LOGISTICS (INDIA) LTD,,True,SME,SM
SJS,INE284S01014,SJS ENTERPRISES LIMITED,,True,EQ,EQ
SJVN,INE002L01015,SJVN LTD,,True,EQ,EQ
SKFINDIA,INE640A01023,SKF INDIA LTD,,True,EQ,EQ
SKFINDUS,INE2J8701016,SKF IND (INDUSTRIAL) LTD,,True,EQ,EQ
SKIPPER,INE439E01022,SKIPPER LIMITED,,True,EQ,EQ
SKMEGGPROD,INE411D01023,SKM EGG PROD EXPORT(I) LT,,True,EQ,EQ
SKP,INE0KZA01016,SKP BEARING INDUSTRI. LTD,,True,SME,SM
SKYGOLD,INE01IU01018,SKY GOLD AND DIAMONDS LTD,,True,EQ,EQ
SKYTECH,INE0VFE01017,SKYTECH INFINITE PLATFM L,,True,SME,ST
SKYWAYS,INE0PX301025,SKYWAYS AIR SERVICES LTD,,True,EQ,EQ
SLONE,INE0SMA01017,SLONE INFOSYSTEMS LIMITED,,True,SME,ST
SMALL250,INF769K01PQ4,MIRAEAMC - SMALL250,,True,ETF,EQ
SMALLADD,INF740KA1WX3,DSPAMC - SMALLADD,,True,ETF,EQ
SMALLCAP,INF769K01LC3,MIRAEAMC - SMALLCAP,,True,ETF,EQ
SMALLGROWW,INF666M01PG9,GROWWAMC - SMALLGROWW,,True,ETF,EQ
SMALLIETF,INF109K1A476,ICICIPRAMC - SMALLIETF,,True,ETF,EQ
SMARTLINK,INE178C01020,SMARTLINK HOLDINGS LTD,,True,EQ,BE
SMARTWORKS,INE0NAZ01010,SMARTWORKS COWORKING SP L,,True,EQ,EQ
SMCGLOBAL,INE103C01036,SMC GLOBAL SECURITIES LTD,,True,EQ,EQ
SML100CASE,INF0R8F01141,ZERODHAAMC - SML100CASE,,True,ETF,EQ
SMLMAH,INE294B01019,SML MAHINDRA LIMITED,,True,EQ,EQ
SMLT,INE017W01010,SARTHAK METALS LIMITED,,True,EQ,EQ
SMSPHARMA,INE812G01025,SMS PHARMACEUTICALS LTD.,,True,EQ,EQ
SNEHAA,INE1OIC01018,SNEHAA ORGANICS LIMITED,,True,SME,SM
SNOWMAN,INE734N01019,SNOWMAN LOGISTICS LTD.,,True,EQ,EQ
SNXT30BEES,INF204KC1EZ3,NIPPONAMC - SNXT30BEES,,True,ETF,EQ
SNXT50BETA,INF789F1AUU3,UTIAMC-SNXT50BETA,,True,ETF,EQ
SOBHA,INE671H01015,SOBHA LIMITED,,True,EQ,EQ
SOCL,INE0CTB01014,SUNDREX OIL COMPANY LTD,,True,SME,SM
SOFTTECH,INE728Z01015,SOFTTECH ENGINEERS LTD,,True,EQ,EQ
SOLARA,INE624Z01016,SOLARA ACTIVE PHA SCI LTD,,True,EQ,EQ
SOLARINDS,INE343H01029,SOLAR INDUSTRIES (I) LTD,,True,EQ,EQ
SOLARWORLD,INE0TY101024,SOLARWORLD ENERGY SOL LTD,,True,EQ,EQ
SOLEX,INE880Y01017,SOLEX ENERGY LIMITED,,True,EQ,EQ
SOMANYCERA,INE355A01028,SOMANY CERAMICS LIMITED,,True,EQ,EQ
SOMATEX,INE314C01013,SOMA TEXTILES & INDUST LT,,True,EQ,EQ
SOMICONVEY,INE323J01019,SOMI CONVEYOR BELT. LTD.,,True,EQ,EQ
SONACOMS,INE073K01018,SONA BLW PRECISION FRGS L,,True,EQ,EQ
SONAL,INE321M01017,SONAL MERCANTILE LTD.,,True,EQ,EQ
SONAMAC,INE0Q6H01012,SONA MACHINERY LIMITED,,True,SME,SM
SONAMLTD,INE00LM01029,SONAM LIMITED,,True,EQ,EQ
SONATSOFTW,INE269A01021,SONATA SOFTWARE LTD,,True,EQ,EQ
SONUINFRA,INE0JZA01018,SONU INFRATECH LIMITED,,True,SME,ST
SOTL,INE035D01020,SAVITA OIL TECHNOLO. LTD,,True,EQ,EQ
SOUTHBANK,INE683A01023,THE SOUTH INDIAN BANK LTD,,True,EQ,EQ
SOUTHWEST,INE980Y01015,SOUTH WEST PINNACLE LTD,,True,EQ,EQ
SPAL,INE212I01016,S. P. APPARELS LIMITED,,True,EQ,EQ
SPANDANA,INE572J01011,SPANDANA SPHOORTY FIN LTD,,True,EQ,EQ
SPARC,INE232I01014,SUN PHARMA ADV.RES.CO.LTD,,True,EQ,EQ
SPCENET,INE970N01027,SPACENET ENTERS IND LTD,,True,EQ,EQ
SPCL,INE0T7B01010,SHIVALIC POWER CONTROL L,,True,SME,SM
SPEB,INE1CW901027,SPEB ADHESIVES LIMITED,,True,SME,SM
SPECIALITY,INE247M01014,SPECIALITY REST LTD,,True,EQ,BE
SPECTRUM,INE01EO01010,SPECTRUM ELECTRIC IND LTD,,True,EQ,BE
SPECTSTM,INE0OL001018,SPECTRUM TALENT MGMT LTD,,True,SME,SM
SPELS,INE252A01019,SPEL SEMICONDUCTOR LTD,,True,EQ,EQ
SPENCERS,INE020801028,SPENCER S RETAIL LIMITED,,True,EQ,EQ
SPIC,INE147A01011,SPIC LTD,,True,EQ,EQ
SPLIL,INE978G01016,SPL INDUSTRIES LIMITED,,True,EQ,EQ
SPLPETRO,INE663A01033,SUPREME PETROCHEM LIMITED,,True,EQ,EQ
SPMLINFRA,INE937A01023,SPML INFRA LIMITED,,True,EQ,EQ
SPORTKING,INE885H01029,SPORTKING INDIA LIMITED,,True,EQ,EQ
SPUNWEB,INE19QH01010,SPUNWEB NONWOVEN LIMITED,,True,SME,SM
SRD,INE01NE01012,SHANKAR LAL RAMPAL LTD,,True,EQ,EQ
SREEL,INE099F01013,SREELEATHERS LIMITED,,True,EQ,EQ
SRF,INE647A01010,SRF LTD,,True,EQ,EQ
SRGHFL,INE559N01010,SRG HOUSING FINANCE L,,True,EQ,EQ
SRHHYPOLTD,INE917H01012,SREE RAYALSEEMA HHP LTD.,,True,EQ,EQ
SRIKPRIND,INE009C01019,SRI KPR INDUSTRIES LTD.,,True,EQ,EQ
SRIVASAVI,INE0NPI01014,SRIVASAVI ADHESIVE TAPE L,,True,SME,ST
SRM,INE0R6Z01013,SRM CONTRACTORS LIMITED,,True,EQ,EQ
SRTL,INE19GK01015,SHREE RAM TWISTEX LIMITED,,True,EQ,EQ
SSDL,INE0PQ101010,SARASWATI SAREE DEPOT LTD,,True,EQ,EQ
SSEGL,INE0RFP01011,SATHLOKHAR SYN E&C GLOB L,,True,SME,SM
SSFL,INE0ON201012,SRIVARI SPICES N FOODS L,,True,SME,ST
SSWL,INE802C01033,STEEL STRIPS WHEELS LTD.,,True,EQ,EQ
STALLION,INE0RYC01010,STALLION IND FLUOROCHEM L,,True,EQ,BE
STANLEY,INE01A001028,STANLEY LIFESTYLES LTD,,True,EQ,EQ
STAR,INE939A01011,STRIDES PHARMA SCI LTD,,True,EQ,EQ
STARCEMENT,INE460H01021,STAR CEMENT LIMITED,,True,EQ,EQ
STARHEALTH,INE575P01011,STAR HEALTH & AL INS CO L,,True,EQ,EQ
STARPAPER,INE733A01018,STAR PAPER MILLS LTD,,True,EQ,EQ
STARTECK,INE992I01013,STARTECK FINANCE LIMITED,,True,EQ,EQ
STCINDIA,INE655A01013,THE STATE TRADING CORPN,,True,EQ,EQ
STEELCAS,INE124E01038,STEELCAST LIMITED,,True,EQ,EQ
STEELCITY,INE395H01011,STEEL CITY SECURITIES LTD,,True,EQ,EQ
STEELXIND,INE503B01021,STEEL EXCHANGE INDIA LTD,,True,EQ,EQ
STEL,INE577L01016,STEL HOLDINGS LIMITED,,True,EQ,EQ
STERTOOLS,INE334A01023,STERLING TOOLS LIMITED,,True,EQ,BE
STLNETWORK,INE1VXE01018,STL NETWORKS LIMITED,,True,EQ,EQ
STLSTRINF,INE205F01016,STEEL STRIPS INFRA L,,True,EQ,EQ
STLTECH,INE089C01029,STERLITE TECHNOLOGIES LTD,,True,EQ,BE
STOVEKRAFT,INE00IN01015,STOVE KRAFT LIMITED,,True,EQ,EQ
STRIDERS,INE1XWN01017,STRIDERS IMPEX LIMITED,,True,SME,SM
STUDDS,INE00Q601028,STUDDS ACCESSORIES LTD,,True,EQ,EQ
STUDIOLSD,INE17VO01028,STUDIO LSD LIMITED,,True,SME,SM
STYL,INE04VU01023,SESHAASAI TECHNOLOGIES L,,True,EQ,EQ
STYLAMIND,INE239C01020,STYLAM INDUSTRIES LIMITED,,True,EQ,EQ
STYLEBAAZA,INE01FR01028,BAAZAR STYLE RETAIL LTD,,True,EQ,EQ
STYRENIX,INE189B01011,STYRENIX PERFORMANCE LTD,,True,EQ,EQ
SUBAHOTELS,INE0RYR01018,SUBA HOTELS LIMITED,,True,SME,SM
SUBEXLTD,INE754A01055,SUBEX LTD,,True,EQ,EQ
SUBROS,INE287B01021,SUBROS LIMITED,,True,EQ,EQ
SUDARCOLOR,INE492A01029,SUDARSHAN COLORNT IND LTD,,True,EQ,EQ
SUDARSCHEM,INE659A01023,SUDARSHAN CHEMICAL INDS L,,True,EQ,EQ
SUDEEPPHRM,INE0QPI01025,SUDEEP PHARMA LIMITED,,True,EQ,EQ
SUKHJITS,INE450E01029,SUKHJIT STARCH & CHEM LTD,,True,EQ,EQ
SULA,INE142Q01026,SULA VINEYARDS LIMITED,,True,EQ,EQ
SUMAX,INE11Z001019,SUMAX ENGINEERING LIMITED,,True,SME,ST
SUMEDHA,INE886B01012,SUMEDHA FISCAL SERVICES L,,True,EQ,EQ
SUMEETINDS,INE235C01036,SUMEET IND LIMITED,,True,EQ,EQ
SUMICHEM,INE258G01013,SUMITOMO CHEM INDIA LTD,,True,EQ,EQ
SUMIT,INE748Z01013,SUMIT WOODS LIMITED,,True,EQ,EQ
SUMMITSEC,INE519C01017,SUMMIT SECURITIES LTD,,True,EQ,EQ
SUNCLAY,INE0Q3R01026,SUNDARAM CLAYTON LIMITED,,True,EQ,EQ
SUNDARAM,INE108E01023,SUNDARAM MULTI PAP LTD,,True,EQ,EQ
SUNDARMFIN,INE660A01013,SUNDARAM FINANCE LTD,,True,EQ,EQ
SUNDRMBRAK,INE073D01013,SUNDARAMBRAKE LININGS LTD,,True,EQ,BE
SUNDRMFAST,INE387A01021,SUNDRAM FASTENERS LTD,,True,EQ,EQ
SUNDROP,INE209A01019,SUNDROP BRANDS LIMITED,,True,EQ,EQ
SUNFLAG,INE947A01014,SUNFLAG IRON AND STEEL CO,,True,EQ,EQ
SUNLITE,INE0U2N01013,SUNLITE RECYCLING IND LTD,,True,SME,SM
SUNLOC,INE671C01016,SUNIL HEALTHCARE LTD.,,True,EQ,EQ
SUNPHARMA,INE044A01036,SUN PHARMACEUTICAL IND L,,True,EQ,EQ
SUNRAKSHAK,INE671K01027,SUNRAKSHAKK INDUS IND L,,True,EQ,EQ
SUNREST,INE0PLZ01012,SUNREST LIFESCIENCE LTD,,True,SME,SM
SUNSHIEL,INE199E01014,SUNSHIELD CHEMICALS LTD.,,True,EQ,EQ
SUNSHINE,INE1B3O01011,SUNSHINE PICTURES LIMITED,,True,EQ,EQ
SUNTECH,INE0SGZ01016,SUNTECH INFRA SOLUTIONS L,,True,SME,SM
SUNTECK,INE805D01034,SUNTECK REALTY LIMITED,,True,EQ,EQ
SUNTV,INE424H01027,SUN TV NETWORK LIMITED,,True,EQ,EQ
SUPERHOUSE,INE712B01010,SUPERHOUSE LIMITED,,True,EQ,EQ
SUPERSPIN,INE662A01027,SUPER SPINNING MILLS LTD,,True,EQ,BE
SUPRAJIT,INE399C01030,SUPRAJIT ENGINEERING LTD,,True,EQ,EQ
SUPREME,INE822E01011,SUPREME HOLDIN N HOSP I L,,True,EQ,EQ
SUPREMEENG,INE319Z01021,SUPREME ENGINEERING LTD,,True,EQ,BZ
SUPREMEIND,INE195A01028,SUPREME INDUSTRIES LTD,,True,EQ,EQ
SUPREMEINF,INE550H01011,SUPREME INFRA. LTD.,,True,EQ,EQ
SUPREMEPWR,INE0QHG01026,SUPREME POWER EQUIPMENT L,,True,SME,SM
SUPRIYA,INE07RO01027,SUPRIYA LIFESCIENCE LTD,,True,EQ,EQ
SUPTANERY,INE460D01038,SUPER TANNERY LTD.,,True,EQ,BE
SURAJEST,INE843S01025,SURAJ ESTATE DEVELOPERS L,,True,EQ,EQ
SURAJLTD,INE713C01016,SURAJ LIMITED,,True,EQ,EQ
SURAKSHA,INE877V01027,SURAKSHA DIAGNOSTIC LTD,,True,EQ,EQ
SURANASOL,INE272L01022,SURANA SOLAR LIMITED,,True,EQ,EQ
SURANAT&P,INE130B01031,SURANA TELECOM AND POW LT,,True,EQ,EQ
SURANI,INE01ZJ01015,SURANI STEEL TUBES LTD.,,True,SME,SM
SURYALA,INE132C01027,SURYALATA SPINNING MILL L,,True,EQ,EQ
SURYALAXMI,INE713B01026,SURYALAKSHMI COT MIL LTD,,True,EQ,EQ
SURYAROSNI,INE335A01020,SURYA ROSHNI LTD,,True,EQ,EQ
SURYODAY,INE428Q01011,SURYODAY SMALL FIN BK LTD,,True,EQ,EQ
SUTLEJTEX,INE645H01027,SUTLEJ TEXT & INDUS LTD,,True,EQ,BE
SUVEN,INE495B01038,SUVEN LIFE SCIENCES LTD,,True,EQ,EQ
SUVIDHAA,INE018401013,SUVIDHAA INFOSERVE LTD,,True,EQ,EQ
SUYOG,INE442P01014,SUYOG TELEMATICS LIMITED,,True,EQ,EQ
SUZLON,INE040H01021,SUZLON ENERGY LIMITED,,True,EQ,EQ
SVGLOBAL,INE159L01013,S V GLOBAL MILL LTD.,,True,EQ,EQ
SVLL,INE00CE01017,SHREE VASU LOGISTICS LTD,,True,EQ,BE
SVPGLOB,INE308E01029,SVP GLOBAL TEXTILES LTD,,True,EQ,EQ
SWANCORP,INE665A01038,SWAN CORP LIMITED,,True,EQ,EQ
SWANDEF,INE542F01020,SWAN DEFENCE N HEVY IND L,,True,EQ,BE
SWARAJ,INE0GMR01016,SWARAJ SUITING LIMITED,,True,EQ,BE
SWARAJENG,INE277A01016,SWARAJ ENGINES LTD,,True,EQ,EQ
SWARNSAR,INE967A01012,SWARNSARITA JEWELS IND L,,True,EQ,EQ
SWASTIK,INE0DGC01025,SWASTIK PIPE LIMITED,,True,SME,ST
SWELECTES,INE409B01013,SWELECT ENERGY SYS LTD,,True,EQ,EQ
SWIGGY,INE00H001014,SWIGGY LIMITED,,True,EQ,EQ
SWISSMLTRY,INE010C01025,SWISS MILITARY CON GOOD L,,True,EQ,EQ
SWSOLAR,INE00M201021,STRLNG & WIL REN ENE LTD,,True,EQ,EQ
SYMBIOTEC,INE899I01028,SYMBIOTEC PHARMALAB LTD,,True,EQ,EQ
SYMPHONY,INE225D01027,SYMPHONY LIMITED,,True,EQ,EQ
SYNCOMF,INE312C01025,SYNCOM FORMU (I) LTD,,True,EQ,EQ
SYNGENE,INE398R01022,SYNGENE INTERNATIONAL LTD,,True,EQ,EQ
SYNOPTICS,INE0BTR01012,SYNOPTICS TECHNOLOGIES L,,True,SME,ST
SYRMA,INE0DYJ01015,SYRMA SGS TECHNOLOGY LTD,,True,EQ,EQ
SYSTANGO,INE0O7R01011,SYSTANGO TECHNOLOGIES LTD,,True,SME,SM
SYSTMTXC,INE356B01024,SYSTEMATIX CORP SERVICE L,,True,EQ,BE
TAALTECH,INE524T01011,TAAL TECH LTD.,,True,EQ,EQ
TAC,INE0SOY01013,TAC INFOSEC LIMITED,,True,SME,ST
TAINWALCHM,INE123C01018,TAINWALA CHEMICAL AND PLA,,True,EQ,EQ
TAJGVK,INE586B01026,TAJ GVK HOTELS & RESORTS,,True,EQ,EQ
TAKE,INE142I01023,TAKE LIMITED,,True,EQ,EQ
TALBROAUTO,INE187D01029,TALBROS AUTO. COMP. LTD,,True,EQ,EQ
TAMBOLIIN,INE864J01012,TAMBOLI INDUSTRIES LTD.,,True,EQ,BE
TANAA,INE692C01020,TANEJA AEROSPACE & AVIA L,,True,EQ,EQ
TANKUP,INE0Z7N01017,TANKUP ENGINEERS LIMITED,,True,SME,ST
TANLA,INE483C01032,TANLA PLATFORMS LIMITED,,True,EQ,EQ
TAPIFRUIT,INE0M7001010,TAPI FRUIT PROCESSING LTD,,True,SME,SM
TARACHAND,INE555Z01020,TARA CHAND INFRA SOLN LTD,,True,EQ,EQ
TARAPUR,INE747K01017,TARAPUR TRANSFORMERS LTD,,True,EQ,EQ
TARC,INE0EK901012,TARC LIMITED,,True,EQ,EQ
TARIL,INE763I01026,TRANS & RECTI. LTD,,True,EQ,EQ
TARMAT,INE924H01018,TARMAT LIMITED,,True,EQ,EQ
TARSONS,INE144Z01023,TARSONS PRODUCTS LIMITED,,True,EQ,EQ
TASTYBITE,INE488B01017,TASTY BITE EATABLES LTD,,True,EQ,EQ
TATACAP,INE976I01016,TATA CAPITAL LIMITED,,True,EQ,EQ
TATACHEM,INE092A01019,TATA CHEMICALS LTD,,True,EQ,EQ
TATACOMM,INE151A01013,TATA COMMUNICATIONS LTD,,True,EQ,EQ
TATACONSUM,INE192A01025,TATA CONSUMER PRODUCT LTD,,True,EQ,EQ
TATAELXSI,INE670A01012,TATA ELXSI LIMITED,,True,EQ,EQ
TATAGOLD,INF277KA1976,TATAAML-TATAGOLD,,True,ETF,EQ
TATAINVEST,INE672A01026,TATA INVESTMENT CORP LTD,,True,EQ,EQ
TATAPOWER,INE245A01021,TATA POWER CO LTD,,True,EQ,EQ
TATASTEEL,INE081A01020,TATA STEEL LIMITED,,True,EQ,EQ
TATATECH,INE142M01025,TATA TECHNOLOGIES LIMITED,,True,EQ,EQ
TATSILV,INF277KA1984,TATAAML-TATSILV,,True,ETF,EQ
TATVA,INE0GK401011,TATVA CHIN PHARM CHEM LTD,,True,EQ,EQ
TAURIAN,INE0XWS01018,TAURIAN MPS LIMITED,,True,SME,ST
TBI,INE0N2D01013,TBI CORN LIMITED,,True,SME,SM
TBOTEK,INE673O01025,TBO TEK LIMITED,,True,EQ,EQ
TBZ,INE760L01018,TRIB BHIMJI ZAVERI LTD,,True,EQ,EQ
TCC,INE887D01016,TCC CONCEPT LIMITED,,True,EQ,EQ
TCI,INE688A01022,TRANSPORT CORPN OF INDIA,,True,EQ,EQ
TCIEXP,INE586V01016,TCI EXPRESS LIMITED,,True,EQ,EQ
TCIFINANCE,INE911B01018,TCIFINANCELTD-ROLL SETT,,True,EQ,BE
TCL,INE0QJL01014,THAAI CASTING LIMITED,,True,SME,SM
TCPLPACK,INE822C01015,TCPL PACKAGING LIMITED,,True,EQ,EQ
TCS,INE467B01029,TATA CONSULTANCY SERV LT,,True,EQ,EQ
TDPOWERSYS,INE419M01035,TD POWER SYSTEMS LTD.,,True,EQ,EQ
TEAMGTY,INE289C01025,TEAM INDIA GUARANTY LTD,,True,EQ,EQ
TEAMLEASE,INE985S01024,TEAMLEASE SERVICES LTD.,,True,EQ,EQ
TEAMTECH,INE2OL601013,TEAMTECH FORMWORK SOL LTD,,True,SME,ST
TECH,INF209KB11D8,BIRLASLAMC - TECH,,True,ETF,EQ
TECHD,INE0Y5H01014,TECHD CYBERSECURITY LTD,,True,SME,SM
TECHERA,INE0JQS01019,TECHERA ENGINEER (IND) L,,True,SME,SM
TECHLABS,INE0QD201012,TRIDENT TECHLABS LIMITED,,True,SME,SM
TECHM,INE669C01036,TECH MAHINDRA LIMITED,,True,EQ,EQ
TECHNOCRAF,INE1D0W01018,TECHNOCRAFT VENTURES LTD,,True,EQ,EQ
TECHNOE,INE285K01026,TECHNO ELEC & ENG CO. LTD,,True,EQ,EQ
TECHNVISN,INE314H01012,TECHNVISION VENTURES LTD.,,True,EQ,EQ
TECILCHEM,INE014B01011,TECIL CHEMICALS,,True,EQ,EQ
TEGA,INE011K01018,TEGA INDUSTRIES LIMITED,,True,EQ,EQ
TEJA,INE0R1301019,TEJA ENGINEERING IND L,,True,SME,SM
TEJASCARGO,INE17WC01013,TEJAS CARGO INDIA LIMITED,,True,SME,SM
TEJASNET,INE010J01012,TEJAS NETWORKS LIMITED,,True,EQ,EQ
TEMBO,INE869Y01028,TEMBO GLOBAL IND LTD,,True,EQ,EQ
TEMPSENS,INE1KZI01025,TEMPSENS INST (INDIA) LTD,,True,EQ,EQ
TENNIND,INE19RI01016,TENNECO CLEAN AIR INDIA L,,True,EQ,EQ
TERAI,INE390D01011,TERAI TEA CO. LTD.,,True,EQ,EQ
TERASOFT,INE482B01010,TERA SOFTWARE LIMITED,,True,EQ,EQ
TEXINFRA,INE435C01024,TEXMACO INFRA & HOLDG LTD,,True,EQ,EQ
TEXMOPIPES,INE141K01013,TEXMO PIPE & PRODUCTS LTD,,True,EQ,EQ
TEXRAIL,INE621L01012,TEXMACO RAIL & ENG. LTD.,,True,EQ,EQ
TFCILTD,INE305A01023,TOURISM FINANCE CORP. OF,,True,EQ,EQ
TFL,INE804H01012,TRANSWARRANTY FIN. LTD.,,True,EQ,EQ
TGBHOTELS,INE797H01018,TGB BANQUETS&HOTELS LTD,,True,EQ,EQ
TGL,INE0K6601012,TEERTH GOPICON LIMITED,,True,SME,ST
TGVSL,INE284B01028,T G V SRAAC LTD.,,True,EQ,EQ
THACKER,INE077P01034,THACKER & CO. LTD.,,True,EQ,BE
THAKDEV,INE403F01017,THAKKERS DEVELOPERS LTD.,,True,EQ,EQ
THANGAMAYL,INE085J01014,THANGAMAYIL JEWELLERY LTD,,True,EQ,EQ
THEINVEST,INE924D01017,THE INVEST TRUST OF IND L,,True,EQ,EQ
THEJO,INE121N01019,THEJO ENGINEERING LIMITED,,True,EQ,EQ
THELEELA,INE0AQ201015,LEELA PALACES HOTEL LTD,,True,EQ,EQ
THEMISMED,INE083B01024,THEMIS MEDICARE LTD.,,True,EQ,EQ
THERMAX,INE152A01029,THERMAX LTD,,True,EQ,EQ
THESL,INE0SHE01019,THINKING HATS ENTER SOL L,,True,SME,ST
THOMASCOOK,INE332A01027,THOMAS COOK (INDIA) LTD,,True,EQ,EQ
THOMASCOTT,INE480M01011,THOMAS SCOTT (INDIA) LTD,,True,EQ,EQ
THYROCARE,INE594H01019,THYROCARE TECH LTD,,True,EQ,EQ
TI,INE133E01013,TILAKNAGAR INDUSTRIES LTD,,True,EQ,EQ
TICL,INE388G01026,TWAMEV CONS AND INFRA LTD,,True,EQ,BE
TIGERLOGS,INE906O01029,TIGER LOGISTICS (INDIA) L,,True,EQ,EQ
TIIL,INE545H01011,TECHNOCRAFT IND LTD,,True,EQ,EQ
TIINDIA,INE974X01010,TUBE INVEST OF INDIA LTD,,True,EQ,EQ
TIJARIA,INE440L01017,TIJARIA POLYPIPES LTD,,True,EQ,EQ
TIL,INE806C01018,TIL LTD,,True,EQ,BE
TIMETECHNO,INE508G01029,TIME TECHNOPLAST LTD.,,True,EQ,EQ
TIMEX,INE064A01026,TIMEX GROUP INDIA LTD.,,True,EQ,EQ
TIMKEN,INE325A01013,TIMKEN INDIA LTD.,,True,EQ,EQ
TINNARUBR,INE015C01016,TINNA RUBBER AND INFR LTD,,True,EQ,EQ
TIPSFILMS,INE0LQS01015,TIPS FILMS LIMITED,,True,EQ,EQ
TIPSMUSIC,INE716B01029,TIPS MUSIC LIMITED,,True,EQ,EQ
TIRUMALCHM,INE338A01024,THIRUMALAI CHEMICALS LTD,,True,EQ,EQ
TIRUPATI,INE238Y01018,SHREE TIRUPATI BALAJEE,,True,SME,SM
TIRUPATIFL,INE319Y01024,TIRUPATI FORGE LIMITED,,True,EQ,BE
TITAGARH,INE615H01020,TITAGARH RAIL SYSTEMS LTD,,True,EQ,EQ
TITAN,INE280A01028,TITAN COMPANY LIMITED,,True,EQ,EQ
TMB,INE668A01016,TAMILNAD MERCA BANK LTD,,True,EQ,EQ
TMCV,INE1TAE01010,TATA MOTORS LIMITED,,True,EQ,EQ
TMPV,INE155A01022,TATA MOTORS PASS VEH LTD,,True,EQ,EQ
TNIDETF,INF277KA1364,TATAAML - TNIDETF,,True,ETF,EQ
TNPETRO,INE148A01019,TAMILNADU PETROPRODUCTS L,,True,EQ,EQ
TNPL,INE107A01015,TAMILNADU NEWSPRT & PAPER,,True,EQ,EQ
TNTELE,INE141D01018,TAMILNADU TELECOMMUNICATI,,True,EQ,EQ
TOKYOPLAST,INE932C01012,TOKYO PLAST INTL LTD,,True,EQ,EQ
TOLINS,INE0RWQ01014,TOLINS TYRES LIMITED,,True,EQ,EQ
TOP100CASE,INF0R8F01067,ZERODHAAMC - TOP100CASE,,True,ETF,EQ
TOP10ADD,INF740KA1UR9,DSPAMC - TOP10ADD,,True,ETF,EQ
TOP15IETF,INF109K1A344,ICICIPRAMC - TOP15IETF,,True,ETF,EQ
TOP20,INF769K01PZ5,MIRAEAMC - TOP20,,True,ETF,EQ
TORNTPHARM,INE685A01028,TORRENT PHARMACEUTICALS L,,True,EQ,EQ
TORNTPOWER,INE813H01021,TORRENT POWER LTD,,True,EQ,EQ
TOTAL,INE336X01012,TOTAL TRANSPORT SYS LTD,,True,EQ,EQ
TOUCHWOOD,INE486Y01013,TOUCHWOOD ENTERTAIN LTD.,,True,EQ,EQ
TOYAMSL,INE457P01020,TOYAM SPORTS LTD.,,True,EQ,EQ
TPHQ,INE065J01024,TEAMO PRODUCTIONS HQ LTD,,True,EQ,BE
TPLPLASTEH,INE413G01022,TPL PLASTECH LIMITED,,True,EQ,EQ
TRACXN,INE0HMF01019,TRACXN TECHNOLOGIES LTD,,True,EQ,EQ
TRANSCOR,INE330E01023,TRANSCORP INTERNATIONAL L,,True,EQ,EQ
TRANSPEK,INE687A01016,TRANSPEK INDUSTRIES LTD,,True,EQ,BE
TRANSRAILL,INE454P01035,TRANSRAIL LIGHTING LTD,,True,EQ,EQ
TRANSTEEL,INE0NVI01020,TRANSTEEL SEATING TECH L,,True,SME,SM
TRANSWORLD,INE757B01015,TRANSWORLD SHIP LINES LTD,,True,EQ,BE
TRAVELFOOD,INE103V01028,TRAVEL FOOD SERVICES LTD,,True,EQ,EQ
TREEHOUSE,INE040M01013,TREE HOUSE EDU LTD,,True,EQ,EQ
TREJHARA,INE00CA01015,TREJHARA SOLUTIONS LTD,,True,EQ,EQ
TREL,INE0O3901029,TRANSINDIA REAL ESTATE L,,True,EQ,EQ
TRENT,INE849A01020,TRENT LTD,,True,EQ,EQ
TRF,INE391D01019,TRF LIMITED,,True,EQ,EQ
TRIDENT,INE064C01022,TRIDENT LIMITED,,True,EQ,EQ
TRIDHYA,INE0LWY01029,TRIDHYA TECH LIMITED,,True,SME,ST
TRIGYN,INE948A01012,TRIGYN TECHNOLOGIES LTD,,True,EQ,EQ
TRITONV,INE440G01017,TRITON VALVES LTD.,,True,EQ,EQ
TRITURBINE,INE152M01016,TRIVENI TURBINE LIMITED,,True,EQ,EQ
TRIVENI,INE256C01024,TRIVENI ENGG. & INDS. LTD,,True,EQ,EQ
TROM,INE0SYV01018,TROM INDUSTRIES LIMITED,,True,SME,SM
TRU,INE615R01029,TRUCAP FINANCE LIMITED,,True,EQ,EQ
TRUALT,INE0MWH01014,TRUALT BIOENERGY LIMITED,,True,EQ,EQ
TRUST,INE0SWN01019,TRUST FINTECH LIMITED,,True,SME,SM
TSC,INE16VK01010,TSC INDIA LIMITED,,True,SME,ST
TSFINV,INE202Z01029,TSF INVESTMENTS LIMITED,,True,EQ,EQ
TTKHLTCARE,INE910C01018,TTK HEALTHCARE LIMITED,,True,EQ,EQ
TTKPRESTIG,INE690A01028,TTK PRESTIGE LTD,,True,EQ,EQ
TTL,INE592B01024,T T LIMITED,,True,EQ,EQ
TTML,INE517B01013,TATA TELESERV(MAHARASTRA),,True,EQ,EQ
TUNWAL,INE0OXV01027,TUNWAL E-MOTORS LIMITED,,True,SME,SM
TURTLEMINT,INE0OC301013,TURTLEMINT FINTECH SOLS L,,True,EQ,EQ
TUTIALKA,INE400A01014,TUTICORIN ALKAL CH & FE L,,True,EQ,EQ
TVSELECT,INE236G01019,TVS ELECTRONICS LTD,,True,EQ,EQ
TVSHLTD,INE105A01035,TVS HOLDINGS LIMITED,,True,EQ,EQ
TVSMOTOR,INE494B01023,TVS MOTOR COMPANY  LTD,,True,EQ,EQ
TVSSCS,INE395N01027,TVS SUPPLY CHAIN SOL L,,True,EQ,EQ
TVSSRICHAK,INE421C01016,TVS SRICHAKRA LIMITED,,True,EQ,EQ
TVTODAY,INE038F01029,TV TODAY NETWORK LTD,,True,EQ,EQ
TVVISION,INE871L01013,TV VISION LIMITED,,True,EQ,BE
TWCGOLDETF,INF2F0001370,WEALTH - TWCGOLDETF,,True,ETF,EQ
UBL,INE686F01025,UNITED BREWERIES LTD,,True,EQ,EQ
UCAL,INE139B01016,UCAL LIMITED,,True,EQ,BE
UCOBANK,INE691A01018,UCO BANK,,True,EQ,EQ
UDAYJEW,INE551B01012,UDAY JEWELLERY INDS. LTD.,,True,EQ,EQ
UDS,INE851I01011,UPDATER SERVICES LIMITED,,True,EQ,EQ
UEL,INE899L01030,UJAAS ENERGY LIMITED,,True,EQ,EQ
UFBL,INE382M01027,UNITED FOODBRANDS LIMITED,,True,EQ,BE
UFLEX,INE516A01017,UFLEX LIMITED,,True,EQ,EQ
UFO,INE527H01019,UFO MOVIEZ INDIA LTD.,,True,EQ,EQ
UGARSUGAR,INE071E01023,THE UGAR SUGAR WORKS LTD,,True,EQ,EQ
UGROCAP,INE583D01011,UGRO CAPITAL LIMITED,,True,EQ,EQ
UHTL,INE0SMR01011,UNITED HEAT TRANSFER LTD,,True,SME,ST
UJJIVANSFB,INE551W01018,UJJIVAN SMALL FINANC BANK,,True,EQ,EQ
ULTRACEMCO,INE481G01011,ULTRATECH CEMENT LIMITED,,True,EQ,EQ
ULTRAMAR,INE405A01021,ULTRAMARINE & PIGMENTS L,,True,EQ,EQ
UMA,INE067901012,UMA CONVERTER LIMITED,,True,SME,SM
UMAEXPORTS,INE0GIU01018,UMA EXPORTS LIMITED,,True,EQ,BE
UMESLTD,INE240C01028,USHA MARTIN EDU & SOL LTD,,True,EQ,EQ
UMIYA-MRO,INE398B01018,UMIYA BUILDCON LIMITED,,True,EQ,EQ
UNICHEMLAB,INE351A01035,UNICHEM LABORATORIES LTD,,True,EQ,EQ
UNIDT,INE961D01019,UNITED DRILLING TOOLS LTD,,True,EQ,BE
UNIECOM,INE00U401027,UNICOMMERCE ESOLUTIONS L,,True,EQ,EQ
UNIENTER,INE037A01022,UNIPHOS ENTERPRISES LTD,,True,EQ,EQ
UNIHEALTH,INE0PRF01011,UNIHEALTH HOSPITALS LTD,,True,SME,SM
UNIINFO,INE481Z01011,UNIINFO TELECOM SERVI LTD,,True,EQ,EQ
UNILEX,INE0B2801011,UNILEX COLOURS AND CHEM L,,True,SME,SM
UNIMECH,INE0U3I01011,UNIMECH AEROSPACE N MFG L,,True,EQ,EQ
UNIONBANK,INE692A01016,UNION BANK OF INDIA,,True,EQ,EQ
UNIONGOLD,INF582M01KS4,UNIONAMC - UNIONGOLD,,True,ETF,EQ
UNIPARTS,INE244O01017,UNIPARTS INDIA LIMITED,,True,EQ,EQ
UNITDSPR,INE854D01024,UNITED SPIRITS LIMITED,,True,EQ,EQ
UNITECH,INE694A01020,UNITECH LTD,,True,EQ,EQ
UNITEDPOLY,INE368U01029,UNITED POLYFAB GUJ. LTD.,,True,EQ,EQ
UNITEDTEA,INE458F01011,UNITED NILGIRI TEA LTD,,True,EQ,EQ
UNIVASTU,INE562X01013,UNIVASTU INDIA LIMITED,,True,EQ,BE
UNIVCABLES,INE279A01012,UNIVERSAL CABLES LTD,,True,EQ,EQ
UNIVPHOTO,INE03V001013,UNIVERSUS IMAGINGS LTD,,True,EQ,BE
UNOMINDA,INE405E01023,UNO MINDA LIMITED,,True,EQ,EQ
UPHOT,INE726E01014,U P HOTELS LTD.,,True,EQ,EQ
UPL,INE628A01036,UPL LIMITED,,True,EQ,EQ
URAVIDEF,INE568Z01015,URAVI DEFENCE &TECH LTD,,True,EQ,BE
URBAN,INE0O0201019,URBAN ENVIRO WASTE MGMT L,,True,SME,SM
URBANCO,INE0CAZ01013,URBAN COMPANY LIMITED,,True,EQ,EQ
URJA,INE550C01020,URJA GLOBAL LIMITED,,True,EQ,EQ
USASEEDS,INE0CBM01019,UPSURGE SEEDS OF AGRI LTD,,True,SME,SM
USHAFIN,INE0LS001014,USHA FINANCIAL SERVICES L,,True,SME,SM
USHAMART,INE228A01035,USHA MARTIN LTD.,,True,EQ,EQ
USK,INE0N0Y01013,UDAYSHIVAKUMAR INFRA LTD,,True,EQ,EQ
UTIAMC,INE094J01016,UTI ASSET MNGMT CO LTD,,True,EQ,EQ
UTKAL,INE1V1R01014,UTKAL SPEC INDUS INDIA L,,True,SME,SM
UTKARSHBNK,INE735W01017,UTKARSH SMALL FIN BANK L,,True,EQ,EQ
UTLSOLAR,INE12UR01024,FUJIYAMA POWER SYSTEMS L,,True,EQ,EQ
UTSSAV,INE06IJ01010,UTSSAV CZ GOLD JEWELS LTD,,True,SME,ST
UTTAMSUGAR,INE786F01031,UTTAM SUGAR MILLS LTD.,,True,EQ,EQ
UYFINCORP,INE152C01025,U. Y. FINCORP LIMITED,,True,EQ,BE
V2RETAIL,INE945H01021,V2 RETAIL LIMITED,,True,EQ,EQ
VADILALIND,INE694D01016,VADILAL INDUSTRIES LTD,,True,EQ,EQ
VADILENT,INE693D01018,VADILAL ENTERPRISES LTD.,,True,EQ,EQ
VAIBHAVGBL,INE884A01027,VAIBHAV GLOBAL LIMITED,,True,EQ,EQ
VAISHALI,INE972X01022,VAISHALI PHARMA LIMITED,,True,EQ,EQ
VAKRANGEE,INE051B01021,VAKRANGEE LIMITED,,True,EQ,EQ
VAL30IETF,INF109KC16X5,ICICIPRAMC - VAL30IETF,,True,ETF,EQ
VALIANTLAB,INE0JWS01017,VALIANT LABORATORIES LTD,,True,EQ,BE
VALIANTORG,INE565V01010,VALIANT ORGANICS LIMITED,,True,EQ,BE
VALUE,INF769K01QV2,MIRAEAMC - VALUE,,True,ETF,EQ
VALUE360,INE1E7Y01018,VALUE 360 COMMUNICATION L,,True,SME,SM
VALUEAXIS,INF846KA1119,AXISAMC-VALUEAXIS,,True,ETF,EQ
VAML,INE1CDF01017,VEDANTA ALUMINIUM METAL L,,True,EQ,EQ
VARDHACRLC,INE116G01013,VARDHAMAN ACRYLICS LTD,,True,EQ,BE
VARDMNPOLY,INE835A01029,VARDHMAN POLYTEX LTD.,,True,EQ,EQ
VARROC,INE665L01035,VARROC ENGINEERING LTD.,,True,EQ,EQ
VASCONEQ,INE893I01013,VASCON ENGINEERS LTD,,True,EQ,EQ
VASUPRADA,INE574G01013,SHRI VASUPRADA PLANTATI L,,True,EQ,EQ
VASWANI,INE590L01019,VASWANI IND LTD,,True,EQ,EQ
VBL,INE200M01039,VARUN BEVERAGES LIMITED,,True,EQ,EQ
VCL,INE098201036,VAXTEX COTFAB LIMITED,,True,EQ,BE
VDEAL,INE0U2M01015,VDEAL SYSTEM LIMITED,,True,SME,SM
VEDAVAAG,INE359B01010,VEDAVAAG SYSTEMS LTD.,,True,EQ,EQ
VEDL,INE205A01025,VEDANTA LIMITED,,True,EQ,EQ
VEDPOWER,INE694L01019,VEDANTA POWER LIMITED,,True,EQ,EQ
VEEDOL,INE484C01030,VEEDOL CORPORATION LTD,,True,EQ,EQ
VEEKAYEM,INE0KTW01013,VEEKAYEM FASH & APP LTD,,True,SME,SM
VELJAN,INE232E01013,VELJAN DENISON LTD.,,True,EQ,BE
VENKEYS,INE398A01010,VENKY S (INDIA) LIMITED,,True,EQ,EQ
VENTIVE,INE781S01027,VENTIVE HOSPITALITY LTD,,True,EQ,EQ
VENUSPIPES,INE0JA001018,VENUS PIPES & TUBES LTD,,True,EQ,EQ
VENUSREM,INE411B01019,VENUS REMEDIES LIMITED,,True,EQ,BE
VERANDA,INE0IQ001011,VERANDA LEARNING SOL LTD,,True,EQ,EQ
VERTIS,INE0KXY23015,VERTIS INFRASTRUCTURE TST,,True,INVIT,IV
VERTOZ,INE188Y01031,VERTOZ LIMITED,,True,EQ,EQ
VESUVIUS,INE386A01023,VESUVIUS INDIA LTD,,True,EQ,EQ
VETO,INE918N01018,VETO SWITCHGEAR CABLE LTD,,True,EQ,BE
VGCL,INE761Q01015,VIBRANT GLOBAL CAPITAL L,,True,EQ,EQ
VGINFOTECH,INE0VRH01015,VIRTUAL GALAXY INFOTECH L,,True,SME,SM
VGL,INE273D01027,VARVEE GLOBAL LIMITED,,True,EQ,EQ
VGUARD,INE951I01027,V-GUARD IND LTD.,,True,EQ,EQ
VHL,INE701A01023,VARDHMAN HOLDINGS LIMITED,,True,EQ,EQ
VHLTD,INE048C01025,VICEROY HOTELS LIMITED,,True,EQ,BE
VIAZ,INE0MO401019,VIAZ TYRES LIMITED,,True,SME,SM
VICTORYEV,INE0F8901022,VICTORY ELEC VEHICL INT L,,True,SME,SM
VIDHIING,INE632C01026,VIDHI SPCLTY F INGRDNTS L,,True,EQ,EQ
VIDYAWIRES,INE14UN01029,VIDYA WIRES LIMITED,,True,EQ,EQ
VIESL,INE0TR001017,VISION INFRA EQUIP SOL L,,True,SME,SM
VIGOR,INE1DM601016,VIGOR PLAST INDIA LIMITED,,True,SME,ST
VIJAYA,INE043W01024,VIJAYA DIAGNOSTIC CEN LTD,,True,EQ,EQ
VIJAYPD,INE0WL901019,VIJAYPD CEUTICAL LIMITED,,True,SME,SM
VIJIFIN,INE159N01027,VIJI FINANCE LIMITED,,True,EQ,BE
VIJSOLX,INE362D01010,VIJAY SOLVEX LTD.,,True,EQ,EQ
VIKASECO,INE806A01020,VIKAS ECOTECH LIMITED,,True,EQ,EQ
VIKASLIFE,INE161L01027,VIKAS LIFECARE LIMITED,,True,EQ,EQ
VIKRAMSOLR,INE078V01014,VIKRAM SOLAR LIMITED,,True,EQ,EQ
VIKRAN,INE01R501028,VIKRAN ENGINEERING LTD,,True,EQ,EQ
VILAS,INE0AZY01017,VILAS TRANSCORE LIMITED,,True,SME,SM
VILINBIO,INE0L4V01013,VILIN BIO MED LIMITED,,True,SME,SM
VIMTALABS,INE579C01029,VIMTA LABS LIMITED,,True,EQ,EQ
VINATIORGA,INE410B01037,VINATI ORGANICS LTD,,True,EQ,EQ
VINCOFE,INE498Q01014,VINTAGE COFFEE N BVRGS L,,True,EQ,EQ
VINDHYATEL,INE707A01012,VINDHYA TELELINKS LTD,,True,EQ,EQ
VINEETLAB,INE505Y01010,VINEET LABORATORIES LTD,,True,EQ,EQ
VINNY,INE01KI01027,VINNY OVERSEAS LIMITED,,True,EQ,EQ
VINYAS,INE0OLS01010,VINYAS INNOVATIVE TECH L,,True,SME,SM
VINYLINDIA,INE250B01029,VINYL CHEMICALS (I) LTD.,,True,EQ,EQ
VIPCLOTHNG,INE450G01024,VIP CLOTHING LIMITED,,True,EQ,EQ
VIPIND,INE054A01027,VIP INDUSTRIES LTD,,True,EQ,EQ
VIPULLTD,INE946H01037,VIPUL LIMITED,,True,EQ,BE
VIRAT,INE467D01017,VIRAT INDUSTRIES LTD.,,True,EQ,EQ
VIRINCHI,INE539B01017,VIRINCHI LIMITED,,True,EQ,EQ
VIRTUALG,INE247C01023,VIRTUAL GLOBAL EDU LTD,,True,EQ,EQ
VISACHROME,INE286H01012,VISA CHROME LIMITED,,True,EQ,EQ
VISAKAIND,INE392A01021,VISAKA INDUSTRIES LIMITED,,True,EQ,EQ
VISAMAN,INE0BHK01012,VISAMAN GLOBAL SALES LTD,,True,SME,SM
VISDEM,INE0OWX01025,VISDEM TECHNOSYS LIMITED,,True,SME,SM
VISHAL,INE755Q01025,VISHAL FABRICS LTD.,,True,EQ,EQ
VISHNU,INE270I01022,VISHNU CHEMICALS LIMITED,,True,EQ,EQ
VISHNUINFR,INE0PQ001012,VISHNUSURYA PROJ N INFR L,,True,SME,SM
VISHWARAJ,INE430N01022,VISHWARAJ SUGAR IND LTD,,True,EQ,EQ
VISL,INE1CLE01013,VEDANTA IRON AND STEEL L,,True,EQ,EQ
VITAL,INE0L4K01016,VITAL CHEMTECH LIMITED,,True,EQ,EQ
VIVIANA,INE0MEG01014,VIVIANA POWER TECH LTD,,True,EQ,BE
VIVIDEL,INE24H301028,VIVID ELECTROMECH LIMITED,,True,SME,SM
VIVIDHA,INE370E01029,VISAGAR POLYTEX LTD,,True,EQ,EQ
VIVIMEDLAB,INE526G01021,VIVIMED LABS LIMITED,,True,EQ,BE
VIVO,INE0IA701014,VIVO COLLAB SOLUTIONS LTD,,True,SME,ST
VIVOBIOT,INE380K01017,VIVO BIO TECH LTD.,,True,EQ,EQ
VIYASH,INE807F01027,VIYASH SCIENTIFIC LIMITED,,True,EQ,EQ
VLEGOV,INE03HW01020,VL E GOV AND IT SOL LTD,,True,EQ,BE
VLSFINANCE,INE709A01018,VLS FINANCE LTD,,True,EQ,EQ
VMARCIND,INE0GXK01018,V MARC INDIA LIMITED,,True,SME,SM
VMART,INE665J01013,VMART RETAIL LTD,,True,EQ,EQ
VMM,INE01EA01019,VISHAL MEGA MART LIMITED,,True,EQ,EQ
VMOBILE,INE27V201011,VINIT MOBILE LIMITED,,True,SME,SM
VMSTMT,INE0SJA01013,VMS TMT LIMITED,,True,EQ,EQ
VOEPL,INE0I0T01010,VIRTUOSO OPTOELECTRONIC L,,True,EQ,EQ
VOGL,INE704J01044,VEDANTA OIL AND GAS LTD,,True,EQ,EQ
VOITHPAPR,INE285C01015,VOITH PAPER FABRICS IND L,,True,EQ,EQ
VOLERCAR,INE241X01014,VOLER CAR LIMITED,,True,SME,SM
VOLTAMP,INE540H01012,VOLTAMP TRANSFORMERS LTD,,True,EQ,EQ
VOLTAS,INE226A01021,VOLTAS LTD,,True,EQ,EQ
VPRPL,INE0AE001013,VISHNU PRAKASH R PUNGLI L,,True,EQ,EQ
VR,INE0QQM01017,V R INFRASPACE LIMITED,,True,SME,SM
VRAJ,INE0S2V01010,VRAJ IRON AND STEEL LTD,,True,EQ,EQ
VRLLOG,INE366I01010,VRL LOGISTICS LIMITED,,True,EQ,EQ
VSSL,INE050M01012,VARDHMAN SPC STEEL LTD,,True,EQ,EQ
VSTIND,INE710A01016,VST INDUSTRIES LTD,,True,EQ,EQ
VSTL,INE0QTF01015,VIBHOR STEEL TUBES LTD,,True,EQ,EQ
VSTTILLERS,INE764D01017,VST TILLERS TRACTORS LTD,,True,EQ,EQ
VTL,INE825A01020,VARDHMAN TEXTILES LIMITED,,True,EQ,EQ
VTMLTD,INE222F01029,V T M LTD.,,True,EQ,EQ
WAAREEENER,INE377N01017,WAAREE ENERGIES LIMITED,,True,EQ,EQ
WAAREEINDO,INE866K01023,INDOSOLAR LIMITED,,True,EQ,EQ
WAAREERTL,INE299N01021,WAAREE RENEWABLE TECH LTD,,True,EQ,EQ
WABAG,INE956G01038,VA TECH WABAG LTD,,True,EQ,EQ
WAKEFIT,INE0E7301029,WAKEFIT INNOVATIONS LTD,,True,EQ,EQ
WALCHANNAG,INE711A01022,WALCHANDNAGAR INDUSTRIES,,True,EQ,EQ
WALPAR,INE0G2G01015,WALPAR NUTRITIONS LIMITED,,True,SME,SM
WANBURY,INE107F01022,WANBURY LIMITED,,True,EQ,EQ
WARDINMOBI,INE945P01024,WARDWIZARD INNO & MOB L,,True,EQ,EQ
WATERBASE,INE054C01015,WATERBASE LTD.,,True,EQ,EQ
WCIL,INE0CJF01024,WESTERN CARRIERS (IND) L,,True,EQ,EQ
WEALTH,INE658T01017,WEALTH FRST PORT. MG. LTD,,True,EQ,EQ
WEBELSOLAR,INE855C01023,WEBSOL ENERGY SYSTEM LTD,,True,EQ,EQ
WEIZMANIND,INE080A01014,WEIZMANN LTD,,True,EQ,EQ
WEL,INE02WG01024,WONDER ELECTRICALS LTD,,True,EQ,EQ
WELCORP,INE191B01025,WELSPUN CORP LIMITED,,True,EQ,EQ
WELENT,INE625G01013,WELSPUN ENTERPRISES LTD.,,True,EQ,EQ
WELINV,INE389K01018,WELSPUN INV & COMM LTD,,True,EQ,BE
WELSPLSOL,INE731F01037,WELSPUN SPECIALTY SOL L,,True,EQ,EQ
WELSPUNLIV,INE192B01031,WELSPUN LIVING LIMITED,,True,EQ,EQ
WENDT,INE274C01019,WENDT (INDIA) LIMITED,,True,EQ,EQ
WESTLIFE,INE274F01020,WESTLIFE FOODWORLD LTD,,True,EQ,EQ
WEWIN,INE082W01014,WE WIN LIMITED,,True,EQ,EQ
WEWORK,INE085001019,WEWORK INDIA MANAGEMENT L,,True,EQ,EQ
WHBRADY,INE855A01019,W H BRADY & CO. LTD.,,True,EQ,EQ
WHEELS,INE715A01015,WHEELS INDIA LTD,,True,EQ,EQ
WHIRLPOOL,INE716A01013,WHIRLPOOL OF INDIA LTD,,True,EQ,EQ
WHITEFORCE,INE0TLP01015,HAPPY SQUARE OUTSOURC S L,,True,SME,SM
WILLAMAGOR,INE210A01017,WILLIAMSON MAGOR,,True,EQ,EQ
WINDLAS,INE0H5O01029,WINDLAS BIOTECH LIMITED,,True,EQ,EQ
WINDMACHIN,INE052A01021,WINDSOR MACHINES LIMITED,,True,EQ,EQ
WINSOL,INE0S3D01016,WINSOL ENGINEERS LIMITED,,True,SME,SM
WIPL,INE215F01023,THE WESTERN INDIA PLY LTD,,True,EQ,EQ
WIPRO,INE075A01022,WIPRO LTD,,True,EQ,EQ
WOCKPHARMA,INE049B01025,WOCKHARDT LIMITED,,True,EQ,EQ
WOL3D,INE0OO201011,WOL 3D INDIA LIMITED,,True,SME,SM
WOMANCART,INE0Q9601016,WOMANCART LIMITED,,True,SME,ST
WONDERLA,INE066O01014,WONDERLA HOLIDAYS LTD.,,True,EQ,EQ
WORTHPERI,INE196Y01018,WORTH PERIPHERALS LIMITED,,True,EQ,EQ
WPIL,INE765D01022,W P I L LTD.,,True,EQ,EQ
WSI,INE100D01014,W.S.INDUSTRIES (I) LTD.,,True,EQ,EQ
WSTCSTPAPR,INE976A01021,WEST COAST PAPER MILLS LT,,True,EQ,EQ
WTICAB,INE623Y01011,WISE TRAVEL INDIA LIMITED,,True,SME,SM
XCHANGING,INE692G01013,XCHANGING SOLUTIONS LTD,,True,EQ,EQ
XELPMOC,INE01P501012,XELPMOC DESIGN & TECH LTD,,True,EQ,EQ
XPROINDIA,INE445C01015,XPRO INDIA LIMITED,,True,EQ,EQ
XTGLOBAL,INE547B01028,XTGLOBAL INFOTECH LIMITED,,True,EQ,EQ
XTRANET,INE0NG701011,XTRANET TECHNOLOGIES LTD,,True,EQ,EQ
YAAP,INE0U0J01015,YAAP DIGITAL LIMITED,,True,SME,SM
YASHO,INE616Z01012,YASHO INDUSTRIES LIMITED,,True,EQ,EQ
YASHOPTICS,INE0TO601017,YASH OPTICS & LENS LTD,,True,SME,SM
YATHARTH,INE0JO301016,YATHARTH HOSP & TRA C S L,,True,EQ,EQ
YATRA,INE0JR601024,YATRA ONLINE LIMITED,,True,EQ,EQ
YESBANK,INE528G01035,YES BANK LIMITED,,True,EQ,EQ
YOGI,INE290E01011,YOGI LTD.,,True,EQ,EQ
YUDIZ,INE09FA01019,YUDIZ SOLUTIONS LIMITED,,True,SME,SM
YUKEN,INE384C01016,YUKEN INDIA LIMITED,,True,EQ,EQ
ZAGGLE,INE07K301024,ZAGGLE PREPA OCEAN SER L,,True,EQ,EQ
ZEAL,INE0PPS01018,ZEAL GLOBAL SERVICES LTD,,True,SME,SM
ZEEL,INE256A01028,ZEE ENTERTAINMENT ENT LTD,,True,EQ,EQ
ZEELEARN,INE565L01011,ZEE LEARN LIMITED,,True,EQ,BE
ZEEMEDIA,INE966H01019,ZEE MEDIA CORPORATION LTD,,True,EQ,EQ
ZENITHDRUG,INE0QWN01013,ZENITH DRUGS LIMITED,,True,SME,SM
ZENITHEXPO,INE058B01018,ZENITH EXPORTS LTD,,True,EQ,EQ
ZENITHSTL,INE318D01020,ZENITH STEEL PIP IND LTD,,True,EQ,EQ
ZENSARTECH,INE520A01027,ZENSAR TECHNOLOGIES  LTD,,True,EQ,EQ
ZENTEC,INE251B01027,ZEN TECHNOLOGIES LIMITED,,True,EQ,EQ
ZFCVINDIA,INE342J01019,ZF COM VE CTR SYS IND LTD,,True,EQ,EQ
ZFSTEERING,INE116C01012,Z F STEERING GEAR (I) LTD,,True,EQ,EQ
ZIMLAB,INE518E01015,ZIM LABORATORIES LIMITED,,True,EQ,EQ
ZODIAC,INE761Y01019,ZODIAC ENERGY LIMITED,,True,EQ,EQ
ZODIACLOTH,INE206B01013,ZODIAC CLOTHING CO. LTD.,,True,EQ,EQ
ZOTA,INE358U01012,ZOTA HEALTH CARE LIMITED,,True,EQ,EQ
ZSARACOM,INE967G01019,SARASWATI COMM (INDIA) L,,True,EQ,EQ
ZTECH,INE0ISZ01012,Z-TECH (INDIA) LIMITED,,True,SME,SM
ZUARI,INE840M01016,ZUARI AGRO CHEMICALS LTD,,True,EQ,EQ
ZUARIIND,INE217A01012,ZUARI INDUSTRIES LIMITED,,True,EQ,EQ
ZYDUSLIFE,INE010B01027,ZYDUS LIFESCIENCES LTD,,True,EQ,EQ
ZYDUSWELL,INE768C01028,ZYDUS WELLNESS LIMITED,,True,EQ,EQ
